Index,HOOD.Open,HOOD.High,HOOD.Low,HOOD.Close,HOOD.Volume,HOOD.Adjusted
2021-07-29,38,40.25,33.3499984741211,34.8199996948242,102474700,34.8199996948242
2021-07-30,34.9300003051758,36.9799995422363,33.25,35.1500015258789,40632200,35.1500015258789
2021-08-02,35.9700012207031,37.9799995422363,35.2999992370605,37.6800003051758,19948500,37.6800003051758
2021-08-03,37.9109992980957,48.5900001525879,37.1590003967285,46.7999992370605,93819200,46.7999992370605
2021-08-04,54.4500007629395,85,54.4000015258789,70.3899993896484,175790500,70.3899993896484
2021-08-05,62.9000015258789,66.5,50.4599990844727,50.9700012207031,82470400,50.9700012207031
2021-08-06,57.7700004577637,60.8800010681152,53.0999984741211,55.0099983215332,70131700,55.0099983215332
2021-08-09,59.0839996337891,59.9599990844727,56,56.8300018310547,27495200,56.8300018310547
2021-08-10,56.4850006103516,58.4900016784668,53.5,53.939998626709,17066400,53.939998626709
2021-08-11,54.568000793457,54.6059989929199,49,51.189998626709,15893100,51.189998626709
2021-08-12,50.125,50.3899993896484,47.5200004577637,48.0999984741211,13391400,48.0999984741211
2021-08-13,48.4500007629395,53.2000007629395,48.2200012207031,50.6300010681152,25659800,50.6300010681152
2021-08-16,49.4000015258789,49.7900009155273,47,47.189998626709,11993900,47.189998626709
2021-08-17,47.2999992370605,48.8499984741211,46.0099983215332,46.6699981689453,9160300,46.6699981689453
2021-08-18,47.9650001525879,52.060001373291,47.2000007629395,49.7999992370605,24408000,49.7999992370605
2021-08-19,45.060001373291,46.8800010681152,44.1349983215332,44.689998626709,18517600,44.689998626709
2021-08-20,45.2000007629395,45.560001373291,42.439998626709,42.6399993896484,11764300,42.6399993896484
2021-08-23,44.1599998474121,46.8499984741211,43.3199996948242,45.2900009155273,15664700,45.2900009155273
2021-08-24,46.4599990844727,50.2400016784668,46,49.3800010681152,17122700,49.3800010681152
2021-08-25,48.4249992370605,50.9900016784668,47.5,48.9799995422363,10837500,48.9799995422363
2021-08-26,48,49.8499984741211,46.4000015258789,46.8600006103516,7187700,46.8600006103516
2021-08-27,46.798999786377,48.0999984741211,46.1399993896484,46.8699989318848,6058100,46.8699989318848
2021-08-30,46.2999992370605,46.5999984741211,42.560001373291,43.6399993896484,12363800,43.6399993896484
2021-08-31,42.0299987792969,44.5,41.5099983215332,44.3199996948242,8847500,44.3199996948242
2021-09-01,43.7599983215332,47.1199989318848,43.7000007629395,44.5699996948242,11013000,44.5699996948242
2021-09-02,45.2019996643066,45.7999992370605,44.2000007629395,44.4900016784668,4088600,44.4900016784668
2021-09-03,44.693000793457,44.8800010681152,43.1500015258789,43.3499984741211,4652500,43.3499984741211
2021-09-07,43.3300018310547,43.3899993896484,41.75,42.1300010681152,6179200,42.1300010681152
2021-09-08,42,42.2099990844727,39.810001373291,40.0499992370605,7834900,40.0499992370605
2021-09-09,40.5,42.5400009155273,40.3810005187988,41.2799987792969,6981900,41.2799987792969
2021-09-10,41.5,42.5200004577637,40.7200012207031,41.1699981689453,5521800,41.1699981689453
2021-09-13,41.2200012207031,41.3899993896484,39.7999992370605,40.5999984741211,4309200,40.5999984741211
2021-09-14,41,41,39.2299995422363,40.0200004577637,4298000,40.0200004577637
2021-09-15,40.2000007629395,41.939998626709,39.8300018310547,41.8699989318848,5835900,41.8699989318848
2021-09-16,41.6199989318848,42.4300003051758,40.9099998474121,41.9500007629395,4206700,41.9500007629395
2021-09-17,41.9199981689453,42.9010009765625,41.9000015258789,42.3800010681152,5000800,42.3800010681152
2021-09-20,40.6199989318848,41.560001373291,40.0299987792969,40.7000007629395,4437800,40.7000007629395
2021-09-21,41.0400009155273,42.689998626709,40.7939987182617,42.2900009155273,5984800,42.2900009155273
2021-09-22,43,46.939998626709,42.7599983215332,46.8800010681152,14619500,46.8800010681152
2021-09-23,46.2849998474121,47.8400001525879,44.7099990844727,45.939998626709,12129400,45.939998626709
2021-09-24,44.7000007629395,46.5499992370605,44.3499984741211,44.9099998474121,6058000,44.9099998474121
2021-09-27,44.9300003051758,45.9099998474121,43.9500007629395,44.7599983215332,4041700,44.7599983215332
2021-09-28,43.9199981689453,45.9599990844727,42.5099983215332,44.6199989318848,5791900,44.6199989318848
2021-09-29,44.1699981689453,45.4630012512207,43.0999984741211,43.1300010681152,4597600,43.1300010681152
2021-09-30,43.1300010681152,43.1300010681152,41.4099998474121,42.0800018310547,3536000,42.0800018310547
2021-10-01,42.3619995117188,42.7799987792969,41.1199989318848,41.9000015258789,2655800,41.9000015258789
2021-10-04,41.7999992370605,41.8120002746582,40.25,40.9300003051758,2647800,40.9300003051758
2021-10-05,41.0740013122559,42.4900016784668,41.0509986877441,42.0099983215332,2813400,42.0099983215332
2021-10-06,42,42.6500015258789,41.7000007629395,42.060001373291,2730200,42.060001373291
2021-10-07,42.2369995117188,42.8400001525879,41.6800003051758,41.8400001525879,2895400,41.8400001525879
2021-10-08,41.7999992370605,42.060001373291,41.0499992370605,41.7799987792969,3688900,41.7799987792969
2021-10-11,41.1720008850098,42.4679985046387,41.0099983215332,42.0699996948242,3733200,42.0699996948242
2021-10-12,42,42.0499992370605,40.5,40.5299987792969,3718000,40.5299987792969
2021-10-13,40.6199989318848,40.8300018310547,39.8600006103516,40.5200004577637,3914400,40.5200004577637
2021-10-14,40.5900001525879,41.7900009155273,40.5499992370605,40.9300003051758,3823500,40.9300003051758
2021-10-15,41.640998840332,41.7000007629395,40.8600006103516,41.0299987792969,2579600,41.0299987792969
2021-10-18,40.9500007629395,41.25,40.310001373291,40.6500015258789,4008900,40.6500015258789
2021-10-19,40.9099998474121,41.7999992370605,40.5400009155273,41.7000007629395,4529200,41.7000007629395
2021-10-20,41.8930015563965,42.439998626709,41.0200004577637,41.8300018310547,4057600,41.8300018310547
2021-10-21,41.9300003051758,43.3600006103516,41.2099990844727,41.2799987792969,5377700,41.2799987792969
2021-10-22,41.125,41.1300010681152,39.5900001525879,39.5900001525879,5916800,39.5900001525879
2021-10-25,39.7599983215332,39.8699989318848,38.1500015258789,39.0099983215332,8081700,39.0099983215332
2021-10-26,39.6100006103516,40.25,39,39.5699996948242,13250900,39.5699996948242
2021-10-27,35.9799995422363,36.189998626709,34.439998626709,35.439998626709,29082800,35.439998626709
2021-10-28,35.2099990844727,35.5200004577637,33.9900016784668,35.4700012207031,17441500,35.4700012207031
2021-10-29,35.6500015258789,35.8499984741211,34.7999992370605,34.9700012207031,10687400,34.9700012207031
2021-11-01,35.2000007629395,35.2150001525879,34.4199981689453,34.8499984741211,7946000,34.8499984741211
2021-11-02,34.7200012207031,34.9900016784668,34.3400001525879,34.9900016784668,5547700,34.9900016784668
2021-11-03,34.939998626709,37.5,34.6749992370605,37.0400009155273,15342800,37.0400009155273
2021-11-04,37.0299987792969,37.9500007629395,36.5,37.0699996948242,6474400,37.0699996948242
2021-11-05,37,37.4099998474121,36.6500015258789,37.0099983215332,4744800,37.0099983215332
2021-11-08,37.060001373291,38.1699981689453,36.5200004577637,37.9799995422363,7149200,37.9799995422363
2021-11-09,36.7599983215332,37.1990013122559,36.4500007629395,36.7000007629395,7130000,36.7000007629395
2021-11-10,35.9000015258789,36.1100006103516,33.75,34.4900016784668,14707500,34.4900016784668
2021-11-11,34.8199996948242,34.8400001525879,34.0400009155273,34.1699981689453,6038000,34.1699981689453
2021-11-12,34.6450004577637,35.9000015258789,34.5900001525879,35.2099990844727,8727800,35.2099990844727
2021-11-15,35.5,35.6100006103516,34.2299995422363,34.9599990844727,6219600,34.9599990844727
2021-11-16,34.3699989318848,34.439998626709,32.8699989318848,33.8699989318848,8929800,33.8699989318848
2021-11-17,33.7999992370605,33.9799995422363,32.810001373291,32.8800010681152,6763800,32.8800010681152
2021-11-18,32.9000015258789,32.9300003051758,30.4099998474121,30.5300006866455,12654100,30.5300006866455
2021-11-19,30.2999992370605,30.7999992370605,28.7999992370605,28.9899997711182,14289500,28.9899997711182
2021-11-22,29,29.3600006103516,27.4400005340576,27.8400001525879,12690400,27.8400001525879
2021-11-23,27.6000003814697,28.2999992370605,26.5699996948242,27.6499996185303,8654300,27.6499996185303
2021-11-24,27.5400009155273,28.5400009155273,27.5100002288818,27.9799995422363,5980100,27.9799995422363
2021-11-26,27.0750007629395,29.2199993133545,27.0499992370605,27.9200000762939,5503000,27.9200000762939
2021-11-29,28.0949993133545,28.2900009155273,25.75,27.0699996948242,15203900,27.0699996948242
2021-11-30,26.6949996948242,27.5599994659424,25.8099994659424,25.9400005340576,22291000,25.9400005340576
2021-12-01,26.3500003814697,26.3899993896484,23.8899993896484,23.9300003051758,37588000,23.9300003051758
2021-12-02,23.9599990844727,24.2900009155273,23.3400001525879,24.2000007629395,14035700,24.2000007629395
2021-12-03,23.9200000762939,24.0599994659424,21.5,21.5499992370605,16825200,21.5499992370605
2021-12-06,21.3400001525879,22.0499992370605,20.5799999237061,21.8999996185303,12053700,21.8999996185303
2021-12-07,22.6499996185303,23.3299999237061,22.0200004577637,22.7299995422363,11058400,22.7299995422363
2021-12-08,23,23.7399997711182,21.7600002288818,23.7199993133545,15159400,23.7199993133545
2021-12-09,23.2700004577637,23.4799995422363,21.7000007629395,21.9099998474121,14155100,21.9099998474121
2021-12-10,21.7800006866455,21.8099994659424,19.8199996948242,20.1299991607666,22116600,20.1299991607666
2021-12-13,19.7000007629395,20.2000007629395,18.8600006103516,19.7000007629395,18086900,19.7000007629395
2021-12-14,19.1550006866455,19.5599994659424,18.4200000762939,19.1299991607666,21065900,19.1299991607666
2021-12-15,19,19.7999992370605,17.8899993896484,19.5,22439300,19.5
2021-12-16,19.2399997711182,19.8899993896484,17.7099990844727,18.1399993896484,20920000,18.1399993896484
2021-12-17,17.8799991607666,19.3700008392334,17.0750007629395,19.1000003814697,20788700,19.1000003814697
2021-12-20,18.2700004577637,18.9300003051758,17.5900001525879,18.0300006866455,13652100,18.0300006866455
2021-12-21,18.1049995422363,19.0300006866455,17.9799995422363,18.9300003051758,10885200,18.9300003051758
2021-12-22,18.6399993896484,18.8799991607666,18.0400009155273,18.3799991607666,16627800,18.3799991607666
2021-12-23,18.3099994659424,19.25,17.8899993896484,18.8999996185303,13067500,18.8999996185303
2021-12-27,18.8299999237061,18.8500003814697,18.2099990844727,18.4400005340576,12360200,18.4400005340576
2021-12-28,18.1539993286133,18.5300006866455,17.3999996185303,17.4500007629395,15814900,17.4500007629395
2021-12-29,17.4500007629395,17.6700000762939,16.6800003051758,17.1100006103516,12534800,17.1100006103516
2021-12-30,17.1800003051758,18.7199993133545,17.1399993896484,18.2000007629395,16128500,18.2000007629395
2021-12-31,18.1200008392334,18.7600002288818,17.7199993133545,17.7600002288818,10931100,17.7600002288818
2022-01-03,18.0499992370605,18.9400005340576,17.9099998474121,18.4400005340576,16108400,18.4400005340576
2022-01-04,18.3899993896484,18.4500007629395,16.8400001525879,17.3999996185303,28170100,17.3999996185303
2022-01-05,17.2999992370605,17.5,15.7700004577637,15.9799995422363,30878600,15.9799995422363
2022-01-06,15.8000001907349,16.0499992370605,14.8000001907349,15.5799999237061,50293200,15.5799999237061
2022-01-07,15.6199998855591,16.4799995422363,15.5200004577637,15.8900003433228,23053700,15.8900003433228
2022-01-10,15.3500003814697,16,14.75,15.6099996566772,22173400,15.6099996566772
2022-01-11,15.5249996185303,16.8199996948242,15.3299999237061,16.4099998474121,20145300,16.4099998474121
2022-01-12,16.6299991607666,17.2099990844727,16.0599994659424,16.25,15831400,16.25
2022-01-13,16.2600002288818,16.3899993896484,15.2600002288818,15.3000001907349,16354500,15.3000001907349
2022-01-14,15.0900001525879,15.7299995422363,14.7299995422363,15.1700000762939,16689700,15.1700000762939
2022-01-18,14.8999996185303,14.960000038147,14.2600002288818,14.3999996185303,15705400,14.3999996185303
2022-01-19,14.460000038147,14.6499996185303,13.8400001525879,13.8900003433228,15014200,13.8900003433228
2022-01-20,14.1000003814697,14.8400001525879,13.6499996185303,13.6899995803833,20377500,13.6899995803833
2022-01-21,13.4700002670288,13.6800003051758,12.7729997634888,12.9799995422363,23868800,12.9799995422363
2022-01-24,12.25,13.1599998474121,11.1499996185303,13.1199998855591,36924600,13.1199998855591
2022-01-25,12.8699998855591,13.4700002670288,12.7049999237061,13.0500001907349,18463000,13.0500001907349
2022-01-26,13.3500003814697,13.5799999237061,12.3400001525879,12.4099998474121,22797200,12.4099998474121
2022-01-27,12.6549997329712,12.6549997329712,11.3999996185303,11.6099996566772,39144300,11.6099996566772
2022-01-28,9.97000026702881,12.8599996566772,9.9399995803833,12.7299995422363,69488900,12.7299995422363
2022-01-31,12.6389999389648,14.539999961853,11.8500003814697,14.1499996185303,52585200,14.1499996185303
2022-02-01,14.289999961853,14.7399997711182,13.4099998474121,14.6499996185303,29358500,14.6499996185303
2022-02-02,14.5900001525879,14.8500003814697,13.539999961853,14.0200004577637,24362500,14.0200004577637
2022-02-03,13.4099998474121,14.6800003051758,13.2399997711182,14.1499996185303,22621600,14.1499996185303
2022-02-04,14.1599998474121,15.3299999237061,13.7700004577637,15.1800003051758,23091500,15.1800003051758
2022-02-07,15.0600004196167,15.2399997711182,13.7700004577637,13.9099998474121,24001200,13.9099998474121
2022-02-08,13.8199996948242,13.8210000991821,12.9300003051758,13.3800001144409,25121100,13.3800001144409
2022-02-09,13.5939998626709,14.2799997329712,13.2200002670288,13.9099998474121,23897000,13.9099998474121
2022-02-10,13.3800001144409,14.6999998092651,13.3199996948242,13.5200004577637,27800900,13.5200004577637
2022-02-11,13.6110000610352,14.1899995803833,13.0699996948242,13.3199996948242,17639100,13.3199996948242
2022-02-14,13.1049995422363,13.8699998855591,12.9700002670288,13.3500003814697,21779500,13.3500003814697
2022-02-15,13.6800003051758,13.7700004577637,13.3100004196167,13.6700000762939,17185000,13.6700000762939
2022-02-16,13.5200004577637,14.0600004196167,13.2799997329712,13.5100002288818,16271200,13.5100002288818
2022-02-17,13.3500003814697,13.4899997711182,12.1499996185303,12.25,23159200,12.25
2022-02-18,12.3500003814697,12.4399995803833,11.6400003433228,11.8100004196167,19269400,11.8100004196167
2022-02-22,11.4700002670288,11.7399997711182,10.9799995422363,11.3100004196167,22043000,11.3100004196167
2022-02-23,11.3699998855591,11.5989999771118,10.8299999237061,10.8599996566772,16146100,10.8599996566772
2022-02-24,10,11.6499996185303,9.93000030517578,11.5100002288818,31330200,11.5100002288818
2022-02-25,11.539999961853,11.6999998092651,10.9099998474121,11.6099996566772,15928400,11.6099996566772
2022-02-28,11.4949998855591,12.0950002670288,11.3100004196167,12.0100002288818,17105400,12.0100002288818
2022-03-01,12.0550003051758,12.2600002288818,11.5100002288818,11.7700004577637,12587300,11.7700004577637
2022-03-02,11.7700004577637,11.7700004577637,11.0749998092651,11.4899997711182,11838700,11.4899997711182
2022-03-03,11.5200004577637,11.8299999237061,11.1099996566772,11.3800001144409,14725900,11.3800001144409
2022-03-04,11.1899995803833,11.6730003356934,10.8500003814697,10.960000038147,18217500,10.960000038147
2022-03-07,11.039999961853,12.0299997329712,11.039999961853,11.4200000762939,26532000,11.4200000762939
2022-03-08,11.2600002288818,12.0699996948242,11.0100002288818,11.75,16700300,11.75
2022-03-09,11.9899997711182,12.4700002670288,11.8999996185303,12.4200000762939,18056500,12.4200000762939
2022-03-10,12.0299997329712,12.1099996566772,11.6099996566772,12.0500001907349,15593400,12.0500001907349
2022-03-11,12.4399995803833,12.460000038147,11.0100002288818,11.0200004577637,21050100,11.0200004577637
2022-03-14,10.9099998474121,11.1400003433228,10.3999996185303,10.6499996185303,17131300,10.6499996185303
2022-03-15,10.5299997329712,11.1199998855591,10.1999998092651,11.039999961853,16286600,11.039999961853
2022-03-16,11.25,12.8500003814697,11.1899995803833,12.7799997329712,35061600,12.7799997329712
2022-03-17,12.6300001144409,13.710000038147,12.4549999237061,13.3900003433228,27387000,13.3900003433228
2022-03-18,13.3299999237061,13.9499998092651,13.210000038147,13.4399995803833,25838100,13.4399995803833
2022-03-21,13.289999961853,13.3000001907349,12.5150003433228,13.0500001907349,23467400,13.0500001907349
2022-03-22,13.1800003051758,13.8570003509521,12.8900003433228,13.4200000762939,22472700,13.4200000762939
2022-03-23,13.2600002288818,13.3400001525879,12.7200002670288,13.0799999237061,15530600,13.0799999237061
2022-03-24,13.0200004577637,13.2449998855591,12.6099996566772,12.960000038147,10404300,12.960000038147
2022-03-25,12.8800001144409,12.9799995422363,12.2600002288818,12.3900003433228,11156900,12.3900003433228
2022-03-28,12.460000038147,13.0200004577637,12.2749996185303,12.8100004196167,12380200,12.8100004196167
2022-03-29,13.1899995803833,16.4899997711182,13.1499996185303,15.9099998474121,101513600,15.9099998474121
2022-03-30,15.5799999237061,15.6599998474121,14.3999996185303,14.5600004196167,36848500,14.5600004196167
2022-03-31,14.6199998855591,14.6400003433228,13.4899997711182,13.5100002288818,26911100,13.5100002288818
2022-04-01,13.539999961853,13.75,13.2299995422363,13.5,19582000,13.5
2022-04-04,13.5,13.9300003051758,13.3699998855591,13.8299999237061,12934100,13.8299999237061
2022-04-05,13.8000001907349,13.9499998092651,12.9099998474121,13.0299997329712,13238500,13.0299997329712
2022-04-06,12.7700004577637,12.8900003433228,12.039999961853,12.5100002288818,15547800,12.5100002288818
2022-04-07,12.4099998474121,12.6599998474121,11.5600004196167,12.0699996948242,14671700,12.0699996948242
2022-04-08,11.460000038147,11.6899995803833,11.0600004196167,11.2399997711182,25046500,11.2399997711182
2022-04-11,11.0200004577637,11.5100002288818,10.8400001525879,11.3500003814697,14568300,11.3500003814697
2022-04-12,11.6599998474121,12.0799999237061,11.3549995422363,11.4300003051758,13906400,11.4300003051758
2022-04-13,11.3199996948242,11.9300003051758,11.25,11.8900003433228,9031800,11.8900003433228
2022-04-14,11.7799997329712,11.8900003433228,11.3050003051758,11.3800001144409,12083900,11.3800001144409
2022-04-18,11.2849998474121,11.3900003433228,10.8999996185303,10.9899997711182,11320000,10.9899997711182
2022-04-19,10.9799995422363,11.6350002288818,10.8299999237061,11.5600004196167,13253500,11.5600004196167
2022-04-20,11.5500001907349,11.5600004196167,10.6800003051758,10.710000038147,15342400,10.710000038147
2022-04-21,10.8690004348755,11.1099996566772,10.1999998092651,10.4399995803833,14642000,10.4399995803833
2022-04-22,10.3999996185303,10.6599998474121,10.1499996185303,10.2600002288818,13172500,10.2600002288818
2022-04-25,10.1300001144409,10.4499998092651,9.97500038146973,10.3900003433228,13322000,10.3900003433228
2022-04-26,10.3299999237061,10.5050001144409,9.85000038146973,10,14430900,10
2022-04-27,9.59500026702881,10.039999961853,9.38000011444092,9.51000022888184,18996400,9.51000022888184
2022-04-28,9.60000038146973,10.1999998092651,9.26000022888184,10.0900001525879,26970200,10.0900001525879
2022-04-29,9.05000019073486,10.789999961853,9,9.80500030517578,32541400,9.80500030517578
2022-05-02,9.76000022888184,10.4899997711182,9.52000045776367,10.4799995422363,22709500,10.4799995422363
2022-05-03,10.1199998855591,10.5100002288818,9.64000034332275,10.1000003814697,27084000,10.1000003814697
2022-05-04,10.0900001525879,10.9200000762939,9.85299968719482,10.8999996185303,26056600,10.8999996185303
2022-05-05,10.8500003814697,10.9650001525879,10.3649997711182,10.6099996566772,17641300,10.6099996566772
2022-05-06,10.5,10.6700000762939,9.90999984741211,10.1199998855591,15359700,10.1199998855591
2022-05-09,9.85999965667725,10.2399997711182,9.39000034332275,9.5,18935700,9.5
2022-05-10,9.63500022888184,9.9350004196167,8.91499996185303,9.27000045776367,22732700,9.27000045776367
2022-05-11,8.97999954223633,9.36999988555908,8.01000022888184,8.14999961853027,31547700,8.14999961853027
2022-05-12,7.90199995040894,8.82999992370605,7.71000003814697,8.5600004196167,32064200,8.5600004196167
2022-05-13,10.539999961853,10.8549995422363,9.84000015258789,10.6899995803833,48560100,10.6899995803833
2022-05-16,10.6400003433228,10.6400003433228,9.94499969482422,10.1099996566772,20918900,10.1099996566772
2022-05-17,10.3500003814697,10.5500001907349,9.5,10.0600004196167,21824200,10.0600004196167
2022-05-18,9.89999961853027,10.4499998092651,9.67500019073486,9.72999954223633,16585300,9.72999954223633
2022-05-19,9.73999977111816,10.4499998092651,9.625,10.210000038147,15708500,10.210000038147
2022-05-20,10.3500003814697,10.5500001907349,9.57100009918213,10.0799999237061,12809200,10.0799999237061
2022-05-23,9.98999977111816,10.1149997711182,9.55000019073486,10.0600004196167,14168600,10.0600004196167
2022-05-24,9.89000034332275,9.92000007629395,8.97000026702881,9.10999965667725,12972000,9.10999965667725
2022-05-25,9.06999969482422,9.36999988555908,8.97000026702881,9.22999954223633,11818500,9.22999954223633
2022-05-26,9.11999988555908,9.53499984741211,9.0600004196167,9.27999973297119,10712900,9.27999973297119
2022-05-27,9.35000038146973,10.4200000762939,9.27499961853027,10.3800001144409,17019200,10.3800001144409
2022-05-31,10.2600002288818,10.5500001907349,9.98999977111816,10.0600004196167,24393200,10.0600004196167
2022-06-01,9.96000003814697,10.0050001144409,9.22000026702881,9.36999988555908,21328600,9.36999988555908
2022-06-02,9.28999996185303,9.71500015258789,9.14999961853027,9.69999980926514,13374700,9.69999980926514
2022-06-03,9.38000011444092,9.44999980926514,9.05000019073486,9.17000007629395,13193800,9.17000007629395
2022-06-06,9.26000022888184,9.80000019073486,9.05000019073486,9.10999965667725,24087700,9.10999965667725
2022-06-07,8.72999954223633,8.79500007629395,8.25,8.72000026702881,31787700,8.72000026702881
2022-06-08,8.65999984741211,8.93000030517578,8.22999954223633,8.38000011444092,32988700,8.38000011444092
2022-06-09,8.28999996185303,8.43000030517578,8,8.02999973297119,19896500,8.02999973297119
2022-06-10,7.73999977111816,8.11999988555908,7.6100001335144,7.80999994277954,21890200,7.80999994277954
2022-06-13,7.30000019073486,7.47499990463257,7.01999998092651,7.23000001907349,27700900,7.23000001907349
2022-06-14,7.23999977111816,7.48000001907349,7.09999990463257,7.23000001907349,16209800,7.23000001907349
2022-06-15,7.03999996185303,7.21000003814697,6.86999988555908,7.05000019073486,32871000,7.05000019073486
2022-06-16,6.94000005722046,7.1399998664856,6.80999994277954,6.8899998664856,21709300,6.8899998664856
2022-06-17,6.84000015258789,7.21999979019165,6.84000015258789,7.19000005722046,18196700,7.19000005722046
2022-06-21,7.34999990463257,8.02000045776367,7.34999990463257,7.55000019073486,19619900,7.55000019073486
2022-06-22,7.30000019073486,7.73000001907349,7.28000020980835,7.48999977111816,15371500,7.48999977111816
2022-06-23,7.75,8.06999969482422,7.6100001335144,7.98000001907349,16915800,7.98000001907349
2022-06-24,8.07999992370605,8.38000011444092,7.84000015258789,8,60504200,8
2022-06-27,8.12199974060059,9.72000026702881,7.82000017166138,9.11999988555908,73442400,9.11999988555908
2022-06-28,9.0600004196167,9.30000019073486,8.77000045776367,8.86499977111816,34571700,8.86499977111816
2022-06-29,8.52000045776367,8.8149995803833,8.4399995803833,8.47000026702881,12722100,8.47000026702881
2022-06-30,8.43000030517578,8.51000022888184,8.0600004196167,8.22000026702881,13039400,8.22000026702881
2022-07-01,8.22000026702881,8.39500045776367,8.02000045776367,8.18000030517578,10409000,8.18000030517578
2022-07-05,8.02000045776367,8.4399995803833,7.78000020980835,8.39999961853027,12854100,8.39999961853027
2022-07-06,8.4399995803833,8.80000019073486,8.26000022888184,8.63000011444092,14051300,8.63000011444092
2022-07-07,8.61999988555908,9.02000045776367,8.48499965667725,9.02000045776367,12394400,9.02000045776367
2022-07-08,8.85000038146973,9.25,8.76000022888184,9,9873600,9
2022-07-11,8.85999965667725,8.9399995803833,8.28999996185303,8.34000015258789,10120500,8.34000015258789
2022-07-12,8.35999965667725,8.52000045776367,8.10000038146973,8.39999961853027,11153500,8.39999961853027
2022-07-13,8.19999980926514,8.47000026702881,8.07999992370605,8.35999965667725,8250600,8.35999965667725
2022-07-14,8.28999996185303,8.35000038146973,8.05000019073486,8.23999977111816,8007000,8.23999977111816
2022-07-15,8.30000019073486,8.42000007629395,8.10000038146973,8.40999984741211,10206100,8.40999984741211
2022-07-18,8.63000011444092,8.84000015258789,8.55500030517578,8.61999988555908,9070900,8.61999988555908
2022-07-19,8.72999954223633,9.06999969482422,8.69999980926514,9.02999973297119,10444000,9.02999973297119
2022-07-20,9.02999973297119,9.4399995803833,8.96000003814697,9.40999984741211,10889300,9.40999984741211
2022-07-21,9.34000015258789,9.5,9.19999980926514,9.40999984741211,7446600,9.40999984741211
2022-07-22,9.44999980926514,9.5,8.9399995803833,9.07999992370605,8296300,9.07999992370605
2022-07-25,9.02999973297119,9.02999973297119,8.73999977111816,8.89000034332275,5470100,8.89000034332275
2022-07-26,8.71000003814697,8.72999954223633,8.36999988555908,8.43000030517578,7255400,8.43000030517578
2022-07-27,8.63000011444092,8.93000030517578,8.48999977111816,8.89999961853027,6037000,8.89999961853027
2022-07-28,8.89000034332275,9.17500019073486,8.57499980926514,9.10999965667725,7384800,9.10999965667725
2022-07-29,9.01000022888184,9.14999961853027,8.90999984741211,9.05000019073486,7679200,9.05000019073486
2022-08-01,8.9399995803833,9.03999996185303,8.71199989318848,9.03999996185303,9478600,9.03999996185303
2022-08-02,8.8100004196167,9.32999992370605,8.78999996185303,9.22999954223633,11339200,9.22999954223633
2022-08-03,9.39999961853027,10.7600002288818,9.39999961853027,10.3100004196167,37485700,10.3100004196167
2022-08-04,10.9700002670288,11.3500003814697,10.2600002288818,10.8800001144409,27870300,10.8800001144409
2022-08-05,10.4200000762939,10.6149997711182,9.9399995803833,10.3999996185303,17288100,10.3999996185303
2022-08-08,10.5200004577637,10.9049997329712,10.2799997329712,10.6800003051758,13033200,10.6800003051758
2022-08-09,10.4700002670288,10.5100002288818,10,10.1000003814697,8266000,10.1000003814697
2022-08-10,10.5100002288818,10.6599998474121,10.1599998474121,10.5799999237061,11168700,10.5799999237061
2022-08-11,11.0100002288818,11.2950000762939,10.5100002288818,10.5100002288818,14230000,10.5100002288818
2022-08-12,10.6499996185303,10.9300003051758,10.4300003051758,10.9300003051758,7333600,10.9300003051758
2022-08-15,10.789999961853,11.1899995803833,10.789999961853,11.0100002288818,7086900,11.0100002288818
2022-08-16,11.0249996185303,11.5900001525879,10.6199998855591,10.8999996185303,20374700,10.8999996185303
2022-08-17,10.75,10.8149995803833,10.3100004196167,10.4200000762939,9287000,10.4200000762939
2022-08-18,10.3299999237061,10.4200000762939,9.9399995803833,10.1700000762939,9525400,10.1700000762939
2022-08-19,9.85000038146973,9.88000011444092,9.1899995803833,9.26000022888184,13783800,9.26000022888184
2022-08-22,8.97000026702881,9.26500034332275,8.89000034332275,9.03999996185303,8228100,9.03999996185303
2022-08-23,9.03999996185303,9.33500003814697,8.9350004196167,9.18000030517578,6071600,9.18000030517578
2022-08-24,9.19999980926514,9.48999977111816,9.15799999237061,9.31999969482422,5350300,9.31999969482422
2022-08-25,9.43000030517578,9.82999992370605,9.34000015258789,9.8100004196167,6123500,9.8100004196167
2022-08-26,9.86999988555908,9.97000026702881,9.21000003814697,9.38000011444092,7071900,9.38000011444092
2022-08-29,9.26000022888184,9.59000015258789,9.2180004119873,9.38000011444092,5129100,9.38000011444092
2022-08-30,9.5,9.64000034332275,9.28999996185303,9.47000026702881,5410700,9.47000026702881
2022-08-31,9.51000022888184,9.6850004196167,9.40999984741211,9.55000019073486,7247400,9.55000019073486
2022-09-01,9.39999961853027,9.63000011444092,8.98999977111816,9.63000011444092,8311000,9.63000011444092
2022-09-02,9.81999969482422,9.85000038146973,9.27000045776367,9.44999980926514,7305000,9.44999980926514
2022-09-06,9.52999973297119,9.73999977111816,9.35000038146973,9.56999969482422,13242200,9.56999969482422
2022-09-07,9.61999988555908,9.92000007629395,9.44999980926514,9.85000038146973,9342600,9.85000038146973
2022-09-08,9.61999988555908,10.1099996566772,9.52999973297119,10.1000003814697,11116400,10.1000003814697
2022-09-09,10.4099998474121,10.9300003051758,10.289999961853,10.6000003814697,15651500,10.6000003814697
2022-09-12,10.7600002288818,11.2799997329712,10.5600004196167,11.0100002288818,14394700,11.0100002288818
2022-09-13,10.5200004577637,10.914999961853,10.3199996948242,10.4099998474121,15029400,10.4099998474121
2022-09-14,10.4099998474121,10.9049997329712,10.2749996185303,10.7799997329712,17007400,10.7799997329712
2022-09-15,10.6499996185303,11.625,10.6499996185303,11.25,18488600,11.25
2022-09-16,10.9099998474121,11.0299997329712,10.1999998092651,10.25,46281800,10.25
2022-09-19,9.97999954223633,10.2950000762939,9.76000022888184,10.2600002288818,10074700,10.2600002288818
2022-09-20,10.1599998474121,10.2600002288818,9.89999961853027,9.9399995803833,5799700,9.9399995803833
2022-09-21,10.0100002288818,10.5200004577637,9.85000038146973,9.92000007629395,8110900,9.92000007629395
2022-09-22,10.6199998855591,11.1000003814697,9.60000038146973,9.64999961853027,28957600,9.64999961853027
2022-09-23,9.48499965667725,9.57999992370605,9.16499996185303,9.4399995803833,10079600,9.4399995803833
2022-09-26,9.42000007629395,9.73999977111816,9.23999977111816,9.23999977111816,7810500,9.23999977111816
2022-09-27,9.45499992370605,9.78999996185303,9.36999988555908,9.60999965667725,8530000,9.60999965667725
2022-09-28,9.54500007629395,10.1499996185303,9.53999996185303,10.0100002288818,9015800,10.0100002288818
2022-09-29,9.80000019073486,9.89999961853027,9.5600004196167,9.77000045776367,5561600,9.77000045776367
2022-09-30,9.73999977111816,10.4790000915527,9.67000007629395,10.1000003814697,7938400,10.1000003814697
2022-10-03,10.0200004577637,10.1899995803833,9.71000003814697,10.1000003814697,8883100,10.1000003814697
2022-10-04,10.3999996185303,10.960000038147,10.3900003433228,10.8199996948242,10021900,10.8199996948242
2022-10-05,10.6499996185303,10.9700002670288,10.5150003433228,10.7600002288818,5980700,10.7600002288818
2022-10-06,10.7600002288818,11.1800003051758,10.6999998092651,11.1700000762939,7227800,11.1700000762939
2022-10-07,10.9099998474121,11.1700000762939,10.6499996185303,10.8000001907349,6673700,10.8000001907349
2022-10-10,10.8179998397827,10.8400001525879,10.3950004577637,10.5200004577637,4699900,10.5200004577637
2022-10-11,10.4399995803833,10.6400003433228,9.84500026702881,10.4399995803833,6979400,10.4399995803833
2022-10-12,10.4399995803833,10.6750001907349,10.1300001144409,10.6599998474121,5630000,10.6599998474121
2022-10-13,10.1750001907349,10.9399995803833,9.94999980926514,10.6300001144409,8549700,10.6300001144409
2022-10-14,10.8000001907349,11.0200004577637,9.88500022888184,9.89000034332275,5715800,9.89000034332275
2022-10-17,10.3299999237061,10.5799999237061,10.1099996566772,10.210000038147,7054100,10.210000038147
2022-10-18,10.6300001144409,10.789999961853,10.3100004196167,10.4399995803833,6890400,10.4399995803833
2022-10-19,10.3000001907349,10.3999996185303,9.90499973297119,10.1099996566772,5774100,10.1099996566772
2022-10-20,10.0799999237061,10.4799995422363,9.81999969482422,9.82999992370605,7947900,9.82999992370605
2022-10-21,9.77000045776367,10.1499996185303,9.53999996185303,10.1400003433228,8035200,10.1400003433228
2022-10-24,10.1499996185303,10.2399997711182,9.69999980926514,10.210000038147,5482000,10.210000038147
2022-10-25,10.2200002670288,10.9099998474121,10.2200002670288,10.8299999237061,7570100,10.8299999237061
2022-10-26,10.8000001907349,11.5,10.75,11.0799999237061,8238000,11.0799999237061
2022-10-27,11.1199998855591,11.4899997711182,11.0200004577637,11.1599998474121,6803100,11.1599998474121
2022-10-28,11.1000003814697,11.5699996948242,11.0200004577637,11.5,9593300,11.5
2022-10-31,11.4499998092651,12.3599996566772,11.3549995422363,11.6800003051758,12545300,11.6800003051758
2022-11-01,12.0200004577637,12.1599998474121,11.625,11.9200000762939,8745100,11.9200000762939
2022-11-02,11.8800001144409,12.0150003433228,11.3199996948242,11.3999996185303,14620400,11.3999996185303
2022-11-03,11.8500003814697,12.7600002288818,11.5,12.3299999237061,22831700,12.3299999237061
2022-11-04,12.4700002670288,12.5900001525879,11.8199996948242,12.2799997329712,10887000,12.2799997329712
2022-11-07,12.3999996185303,12.539999961853,11.8699998855591,12.0299997329712,12563800,12.0299997329712
2022-11-08,11.7239999771118,11.7239999771118,9.60000038146973,9.73999977111816,42935000,9.73999977111816
2022-11-09,9.57499980926514,9.63500022888184,8.28999996185303,8.39999961853027,37581000,8.39999961853027
2022-11-10,9.21000003814697,9.40999984741211,8.73499965667725,9.27000045776367,26896900,9.27000045776367
2022-11-11,8.85000038146973,10.539999961853,8.57499980926514,10.4700002670288,31084400,10.4700002670288
2022-11-14,10,10.2799997329712,9.53999996185303,9.5600004196167,17382900,9.5600004196167
2022-11-15,9.90999984741211,10.3999996185303,9.7209997177124,10.1499996185303,16877200,10.1499996185303
2022-11-16,9.84000015258789,10.0209999084473,9.27000045776367,9.31999969482422,13759600,9.31999969482422
2022-11-17,9.13000011444092,9.57100009918213,9.02999973297119,9.47000026702881,10392600,9.47000026702881
2022-11-18,9.55000019073486,9.60000038146973,9.10000038146973,9.1899995803833,8570700,9.1899995803833
2022-11-21,9.02999973297119,9.02999973297119,8.72999954223633,8.85000038146973,11079200,8.85000038146973
2022-11-22,8.80000019073486,9.1899995803833,8.64999961853027,9.09000015258789,7808500,9.09000015258789
2022-11-23,9.01000022888184,9.5,9.01000022888184,9.46000003814697,7444700,9.46000003814697
2022-11-25,9.32999992370605,9.43000030517578,9.23999977111816,9.39000034332275,1823800,9.39000034332275
2022-11-28,9.30000019073486,9.53999996185303,9.06999969482422,9.1899995803833,5908500,9.1899995803833
2022-11-29,9.27999973297119,9.42899990081787,9.02999973297119,9.18000030517578,7360000,9.18000030517578
2022-11-30,9.28999996185303,9.63000011444092,9.05000019073486,9.59000015258789,7533400,9.59000015258789
2022-12-01,9.60000038146973,10.0799999237061,9.55000019073486,9.86999988555908,8576100,9.86999988555908
2022-12-02,9.68000030517578,10.0500001907349,9.57499980926514,9.98999977111816,8184400,9.98999977111816
2022-12-05,10,10.1700000762939,9.64999961853027,9.67000007629395,4483400,9.67000007629395
2022-12-06,9.67000007629395,9.76000022888184,9.21000003814697,9.39000034332275,7658200,9.39000034332275
2022-12-07,9.27000045776367,9.42000007629395,9.16499996185303,9.26000022888184,5071000,9.26000022888184
2022-12-08,9.43000030517578,9.5600004196167,9.15499973297119,9.52000045776367,6337300,9.52000045776367
2022-12-09,9.48999977111816,9.48999977111816,9.27499961853027,9.3100004196167,5323400,9.3100004196167
2022-12-12,9.39999961853027,9.64000034332275,9.3100004196167,9.57999992370605,6070400,9.57999992370605
2022-12-13,10.1000003814697,10.2399997711182,9.23999977111816,9.35000038146973,10907200,9.35000038146973
2022-12-14,9.27000045776367,9.4399995803833,8.9399995803833,9.09000015258789,11071000,9.09000015258789
2022-12-15,8.82499980926514,9,8.60999965667725,8.67000007629395,9036300,8.67000007629395
2022-12-16,8.56999969482422,8.72000026702881,8.36499977111816,8.60999965667725,12381300,8.60999965667725
2022-12-19,8.5600004196167,8.5600004196167,8.02999973297119,8.19999980926514,8209700,8.19999980926514
2022-12-20,8.13000011444092,8.43000030517578,8.02000045776367,8.10000038146973,6312400,8.10000038146973
2022-12-21,8.17000007629395,8.23499965667725,7.96999979019165,8.17000007629395,4776600,8.17000007629395
2022-12-22,8.05000019073486,8.10999965667725,7.69000005722046,7.98999977111816,7869700,7.98999977111816
2022-12-23,7.98999977111816,8,7.76000022888184,7.94999980926514,5243900,7.94999980926514
2022-12-27,7.84999990463257,7.92999982833862,7.67999982833862,7.69999980926514,5353000,7.69999980926514
2022-12-28,7.67000007629395,7.80999994277954,7.56500005722046,7.69999980926514,6282000,7.69999980926514
2022-12-29,7.76999998092651,8.14999961853027,7.7350001335144,8.05000019073486,7422600,8.05000019073486
2022-12-30,7.84999990463257,8.17000007629395,7.76000022888184,8.14000034332275,9435800,8.14000034332275
2023-01-03,8.26000022888184,8.38000011444092,7.91499996185303,8.07999992370605,5282400,8.07999992370605
2023-01-04,8.17000007629395,8.36999988555908,8.05000019073486,8.35999965667725,9287900,8.35999965667725
2023-01-05,8.15999984741211,8.22999954223633,7.94999980926514,8.10999965667725,4469100,8.10999965667725
2023-01-06,8.14000034332275,8.31999969482422,7.92799997329712,8.25,5880100,8.25
2023-01-09,8.4399995803833,8.6899995803833,8.39000034332275,8.55000019073486,7311200,8.55000019073486
2023-01-10,8.48999977111816,8.73499965667725,8.36999988555908,8.72000026702881,6335300,8.72000026702881
2023-01-11,8.76000022888184,8.84000015258789,8.63000011444092,8.76000022888184,4901500,8.76000022888184
2023-01-12,8.8100004196167,9.05000019073486,8.48999977111816,9.03999996185303,7845600,9.03999996185303
2023-01-13,8.93000030517578,9.4399995803833,8.89999961853027,9.31999969482422,10717600,9.31999969482422
2023-01-17,9.35999965667725,9.67500019073486,9.28999996185303,9.52000045776367,7924300,9.52000045776367
2023-01-18,9.65999984741211,9.69999980926514,9.17000007629395,9.3100004196167,7824500,9.3100004196167
2023-01-19,9.18000030517578,9.30000019073486,9.03999996185303,9.05000019073486,3549700,9.05000019073486
2023-01-20,9.15999984741211,9.56999969482422,9.0600004196167,9.52000045776367,6450900,9.52000045776367
2023-01-23,9.57999992370605,9.77999973297119,9.43000030517578,9.71000003814697,5774700,9.71000003814697
2023-01-24,9.60000038146973,9.84000015258789,9.5600004196167,9.71000003814697,5211000,9.71000003814697
2023-01-25,9.55000019073486,9.77999973297119,9.32499980926514,9.6899995803833,5877800,9.6899995803833
2023-01-26,9.9399995803833,10,9.55000019073486,9.64000034332275,5727000,9.64000034332275
2023-01-27,9.60999965667725,10.5450000762939,9.59000015258789,10.3900003433228,12460900,10.3900003433228
2023-01-30,10.3000001907349,10.6499996185303,10.0100002288818,10.1499996185303,6890700,10.1499996185303
2023-01-31,10.2399997711182,10.4200000762939,10.1499996185303,10.4099998474121,7155400,10.4099998474121
2023-02-01,10.2600002288818,10.8800001144409,10.1599998474121,10.7799997329712,10457700,10.7799997329712
2023-02-02,11.1199998855591,11.5200004577637,10.9700002670288,11.1400003433228,15067800,11.1400003433228
2023-02-03,10.7650003433228,11.2349996566772,10.5500001907349,10.7399997711182,11173900,10.7399997711182
2023-02-06,10.6300001144409,10.7299995422363,10.4200000762939,10.6000003814697,6529800,10.6000003814697
2023-02-07,10.6000003814697,10.7399997711182,10.2200002670288,10.5500001907349,7756700,10.5500001907349
2023-02-08,10.6000003814697,10.7950000762939,10.3900003433228,10.4700002670288,13081300,10.4700002670288
2023-02-09,11.0659999847412,11.1599998474121,9.89999961853027,10.0799999237061,16889500,10.0799999237061
2023-02-10,9.92000007629395,10.3249998092651,9.84000015258789,9.97999954223633,8612300,9.97999954223633
2023-02-13,9.97999954223633,10.0799999237061,9.8100004196167,9.92000007629395,5829700,9.92000007629395
2023-02-14,9.89000034332275,10.2600002288818,9.8100004196167,10.0600004196167,5431500,10.0600004196167
2023-02-15,10.0600004196167,10.6300001144409,10.0200004577637,10.6300001144409,7752600,10.6300001144409
2023-02-16,10.4320001602173,10.9200000762939,10.3299999237061,10.3400001525879,8078100,10.3400001525879
2023-02-17,10.1999998092651,10.3699998855591,9.8100004196167,10.3500003814697,9328900,10.3500003814697
2023-02-21,10.1300001144409,10.289999961853,9.82999992370605,9.89999961853027,5568900,9.89999961853027
2023-02-22,9.89000034332275,10.0950002670288,9.78999996185303,9.94999980926514,5135800,9.94999980926514
2023-02-23,10.0649995803833,10.1000003814697,9.71500015258789,10.0900001525879,4670700,10.0900001525879
2023-02-24,9.8100004196167,9.92000007629395,9.47000026702881,9.59000015258789,6090400,9.59000015258789
2023-02-27,9.72000026702881,9.875,9.60999965667725,9.72000026702881,4516800,9.72000026702881
2023-02-28,9.72999954223633,10.1599998474121,9.72000026702881,10.0699996948242,6183900,10.0699996948242
2023-03-01,10.0100002288818,10.1099996566772,9.69999980926514,9.72999954223633,4785400,9.72999954223633
2023-03-02,9.47999954223633,9.73999977111816,9.21000003814697,9.61999988555908,8123200,9.61999988555908
2023-03-03,9.60999965667725,9.94999980926514,9.57900047302246,9.89999961853027,4935000,9.89999961853027
2023-03-06,9.94499969482422,10.039999961853,9.67500019073486,9.72000026702881,4740500,9.72000026702881
2023-03-07,9.71000003814697,9.77999973297119,9.39999961853027,9.42000007629395,6980400,9.42000007629395
2023-03-08,9.42000007629395,9.72000026702881,9.34000015258789,9.64999961853027,3962500,9.64999961853027
2023-03-09,9.57999992370605,9.83199977874756,9.35000038146973,9.4399995803833,7287500,9.4399995803833
2023-03-10,9.31999969482422,9.36999988555908,8.51000022888184,9.01000022888184,12787000,9.01000022888184
2023-03-13,8.85000038146973,9.27000045776367,8.71000003814697,8.98999977111816,8538100,8.98999977111816
2023-03-14,9.32999992370605,9.47500038146973,9,9.10999965667725,7339600,9.10999965667725
2023-03-15,8.8100004196167,9.22000026702881,8.76000022888184,9.19999980926514,5927900,9.19999980926514
2023-03-16,9.10000038146973,9.36999988555908,8.97999954223633,9.3100004196167,4240100,9.3100004196167
2023-03-17,9.28999996185303,9.36999988555908,9.04399967193604,9.1899995803833,6001200,9.1899995803833
2023-03-20,9.15999984741211,9.1899995803833,8.80000019073486,8.80000019073486,6042000,8.80000019073486
2023-03-21,8.93000030517578,9.38000011444092,8.88000011444092,9.34000015258789,6674500,9.34000015258789
2023-03-22,9.31999969482422,9.39999961853027,8.92000007629395,8.93000030517578,4657200,8.93000030517578
2023-03-23,8.89000034332275,9.0600004196167,8.53999996185303,8.56999969482422,9078100,8.56999969482422
2023-03-24,8.5,8.73499965667725,8.375,8.68000030517578,5005300,8.68000030517578
2023-03-27,8.76000022888184,8.84000015258789,8.52000045776367,8.60999965667725,4069800,8.60999965667725
2023-03-28,8.60000038146973,8.71000003814697,8.53999996185303,8.67000007629395,3027500,8.67000007629395
2023-03-29,8.82999992370605,9.22000026702881,8.73999977111816,9.10000038146973,8636700,9.10000038146973
2023-03-30,9.22000026702881,9.47999954223633,9.19999980926514,9.46000003814697,11434200,9.46000003814697
2023-03-31,9.5,9.72999954223633,9.47999954223633,9.71000003814697,7841600,9.71000003814697
2023-04-03,9.64999961853027,9.81999969482422,9.52999973297119,9.76000022888184,8771600,9.76000022888184
2023-04-04,9.80000019073486,9.80000019073486,9.60499954223633,9.76000022888184,6472700,9.76000022888184
2023-04-05,9.69999980926514,9.77999973297119,9.52000045776367,9.75,9488800,9.75
2023-04-06,9.72000026702881,10.0799999237061,9.71000003814697,10.0100002288818,6895000,10.0100002288818
2023-04-10,9.93000030517578,10,9.64500045776367,9.97999954223633,5884900,9.97999954223633
2023-04-11,10,10.0200004577637,9.82499980926514,9.96000003814697,6217200,9.96000003814697
2023-04-12,10.1199998855591,10.1999998092651,9.65999984741211,10.0100002288818,5637400,10.0100002288818
2023-04-13,10.0900001525879,10.1400003433228,9.89999961853027,10.0699996948242,5893600,10.0699996948242
2023-04-14,10.039999961853,10.1049995422363,9.91499996185303,10,8618500,10
2023-04-17,9.85000038146973,9.90999984741211,9.57999992370605,9.88000011444092,7762100,9.88000011444092
2023-04-18,9.97000026702881,10.0200004577637,9.75,9.84000015258789,3515900,9.84000015258789
2023-04-19,9.67000007629395,9.85999965667725,9.61999988555908,9.81999969482422,3042300,9.81999969482422
2023-04-20,9.69999980926514,9.83500003814697,9.61999988555908,9.72999954223633,3626700,9.72999954223633
2023-04-21,9.6899995803833,9.76000022888184,9.55000019073486,9.64000034332275,4759800,9.64000034332275
2023-04-24,9.63000011444092,9.6899995803833,9.38399982452393,9.39999961853027,3977900,9.39999961853027
2023-04-25,9.30000019073486,9.36999988555908,9.05000019073486,9.09000015258789,4345300,9.09000015258789
2023-04-26,9.14999961853027,9.25,8.80000019073486,8.81999969482422,7099200,8.81999969482422
2023-04-27,8.89999961853027,8.9399995803833,8.72000026702881,8.81999969482422,8924700,8.81999969482422
2023-04-28,8.77000045776367,8.9399995803833,8.72000026702881,8.85000038146973,4550100,8.85000038146973
2023-05-01,8.80000019073486,8.85000038146973,8.64500045776367,8.81999969482422,6564000,8.81999969482422
2023-05-02,8.75,8.78999996185303,8.40999984741211,8.46000003814697,7051000,8.46000003814697
2023-05-03,8.40999984741211,8.59099960327148,8.32999992370605,8.38000011444092,6100000,8.38000011444092
2023-05-04,8.35999965667725,8.60000038146973,8.21000003814697,8.47999954223633,6071700,8.47999954223633
2023-05-05,8.61999988555908,8.85999965667725,8.60000038146973,8.85000038146973,5314400,8.85000038146973
2023-05-08,8.81999969482422,8.94999980926514,8.76000022888184,8.90999984741211,4851800,8.90999984741211
2023-05-09,8.86999988555908,9.17000007629395,8.84000015258789,9.10999965667725,7773500,9.10999965667725
2023-05-10,9.3100004196167,9.38000011444092,8.78999996185303,9.06999969482422,11104000,9.06999969482422
2023-05-11,9.55000019073486,9.96000003814697,9.18000030517578,9.64999961853027,23998400,9.64999961853027
2023-05-12,9.61999988555908,9.64000034332275,8.71000003814697,8.73999977111816,15430900,8.73999977111816
2023-05-15,8.72000026702881,8.74499988555908,8.51000022888184,8.64999961853027,10032900,8.64999961853027
2023-05-16,8.52999973297119,8.59000015258789,8.3100004196167,8.35000038146973,9509000,8.35000038146973
2023-05-17,8.38000011444092,8.65499973297119,8.34000015258789,8.46000003814697,9629000,8.46000003814697
2023-05-18,8.42500019073486,8.67000007629395,8.39000034332275,8.61999988555908,5201900,8.61999988555908
2023-05-19,8.57999992370605,8.67000007629395,8.43000030517578,8.47000026702881,4795500,8.47000026702881
2023-05-22,8.47000026702881,8.78499984741211,8.44999980926514,8.76000022888184,6963200,8.76000022888184
2023-05-23,8.69999980926514,8.86499977111816,8.59000015258789,8.68000030517578,4313200,8.68000030517578
2023-05-24,8.55000019073486,8.65999984741211,8.46000003814697,8.60000038146973,2911600,8.60000038146973
2023-05-25,8.65999984741211,8.73999977111816,8.57999992370605,8.60000038146973,5062600,8.60000038146973
2023-05-26,8.60000038146973,8.88000011444092,8.60000038146973,8.81999969482422,4544500,8.81999969482422
2023-05-30,9,9.18000030517578,8.90999984741211,8.92000007629395,7134900,8.92000007629395
2023-05-31,8.81999969482422,9.02999973297119,8.73999977111816,8.92000007629395,5338200,8.92000007629395
2023-06-01,8.92000007629395,9.11999988555908,8.78499984741211,9.02000045776367,4888000,9.02000045776367
2023-06-02,9.11999988555908,9.35000038146973,8.92199993133545,9.34000015258789,9523600,9.34000015258789
2023-06-05,9.28999996185303,9.32499980926514,8.97999954223633,9.02999973297119,6164300,9.02999973297119
2023-06-06,8.72999954223633,9.11999988555908,8.60000038146973,9.11999988555908,10484400,9.11999988555908
2023-06-07,9.19999980926514,9.57999992370605,9.15999984741211,9.39999961853027,8088900,9.39999961853027
2023-06-08,9.35999965667725,9.53999996185303,9.17000007629395,9.5,5689800,9.5
2023-06-09,9.60999965667725,9.79899978637695,9.39999961853027,9.40999984741211,4520900,9.40999984741211
2023-06-12,9.35999965667725,9.40999984741211,9.22999954223633,9.35999965667725,6510300,9.35999965667725
2023-06-13,9.47000026702881,9.6899995803833,9.35999965667725,9.60000038146973,10102700,9.60000038146973
2023-06-14,9.64999961853027,9.97999954223633,9.57999992370605,9.94999980926514,8686700,9.94999980926514
2023-06-15,9.81999969482422,10.1400003433228,9.80000019073486,9.97999954223633,10373900,9.97999954223633
2023-06-16,10.0699996948242,10.2200002670288,9.94499969482422,10.0299997329712,14165300,10.0299997329712
2023-06-20,9.94999980926514,10.0500001907349,9.64000034332275,10,7452900,10
2023-06-21,9.96000003814697,10.0600004196167,9.75,9.76000022888184,5614600,9.76000022888184
2023-06-22,9.6899995803833,9.71000003814697,9.10000038146973,9.44999980926514,14812600,9.44999980926514
2023-06-23,9.35999965667725,9.57999992370605,9.30000019073486,9.48999977111816,12405300,9.48999977111816
2023-06-26,9.47000026702881,9.73999977111816,9.38000011444092,9.63000011444092,5827200,9.63000011444092
2023-06-27,9.60000038146973,10.0200004577637,9.5600004196167,9.9399995803833,11603800,9.9399995803833
2023-06-28,10.0100002288818,10.5200004577637,9.97999954223633,10.1800003051758,13019500,10.1800003051758
2023-06-29,9.98999977111816,10.1499996185303,9.71000003814697,9.97000026702881,11985800,9.97000026702881
2023-06-30,10.125,10.1400003433228,9.85999965667725,9.97999954223633,8490600,9.97999954223633
2023-07-03,10,10.8000001907349,9.97999954223633,10.6599998474121,12564500,10.6599998474121
2023-07-05,10.7200002670288,10.7600002288818,10.3900003433228,10.7200002670288,12285700,10.7200002670288
2023-07-06,10.5699996948242,10.6400003433228,10.1949996948242,10.4099998474121,10419500,10.4099998474121
2023-07-07,10.3999996185303,10.9099998474121,10.3999996185303,10.789999961853,12618000,10.789999961853
2023-07-10,10.8800001144409,11.2700004577637,10.539999961853,11.210000038147,14643400,11.210000038147
2023-07-11,11.4700002670288,12.0200004577637,11.3249998092651,11.8299999237061,23071300,11.8299999237061
2023-07-12,12.039999961853,12.1149997711182,11.6899995803833,11.9399995803833,15229600,11.9399995803833
2023-07-13,11.9799995422363,12.6099996566772,11.8400001525879,12.4499998092651,18580400,12.4499998092651
2023-07-14,12.5,12.5050001144409,12.0600004196167,12.3800001144409,14163400,12.3800001144409
2023-07-17,12.3400001525879,12.8500003814697,12.2200002670288,12.4899997711182,15187700,12.4899997711182
2023-07-18,12.5100002288818,12.7600002288818,12.3900003433228,12.5900001525879,12920100,12.5900001525879
2023-07-19,12.6800003051758,13.2299995422363,12.6669998168945,13.1199998855591,16594200,13.1199998855591
2023-07-20,12.9499998092651,13.0799999237061,12.5699996948242,12.8100004196167,10455900,12.8100004196167
2023-07-21,12.9099998474121,12.9499998092651,12.6499996185303,12.7600002288818,8720100,12.7600002288818
2023-07-24,12.6800003051758,12.9300003051758,12.6400003433228,12.7399997711182,7916200,12.7399997711182
2023-07-25,12.7399997711182,12.8900003433228,12.5200004577637,12.539999961853,5928600,12.539999961853
2023-07-26,12.460000038147,12.8000001907349,12.3999996185303,12.7399997711182,12181100,12.7399997711182
2023-07-27,12.8800001144409,12.9399995803833,12.0900001525879,12.2299995422363,10579500,12.2299995422363
2023-07-28,12.4499998092651,12.7399997711182,12.3699998855591,12.7299995422363,9039000,12.7299995422363
2023-07-31,12.8000001907349,13.0150003433228,12.7150001525879,12.8599996566772,10249200,12.8599996566772
2023-08-01,12.6800003051758,12.8900003433228,12.5299997329712,12.8699998855591,9747600,12.8699998855591
2023-08-02,12.539999961853,12.5600004196167,12.1800003051758,12.4399995803833,14714900,12.4399995803833
2023-08-03,11.3800001144409,11.8000001907349,10.8900003433228,11.539999961853,21999800,11.539999961853
2023-08-04,11.6800003051758,11.7600002288818,11.2200002670288,11.2799997329712,11642800,11.2799997329712
2023-08-07,11.3100004196167,11.5,11.0699996948242,11.3400001525879,9660200,11.3400001525879
2023-08-08,11.0900001525879,11.1599998474121,10.9300003051758,11.1000003814697,8251300,11.1000003814697
2023-08-09,11.039999961853,11.1000003814697,10.75,10.8000001907349,10370500,10.8000001907349
2023-08-10,10.9300003051758,11.1000003814697,10.6599998474121,10.7299995422363,6645900,10.7299995422363
2023-08-11,10.6049995422363,10.789999961853,10.5799999237061,10.7200002670288,6561300,10.7200002670288
2023-08-14,10.6599998474121,10.6800003051758,10.5100002288818,10.6499996185303,5419200,10.6499996185303
2023-08-15,10.5500001907349,10.6049995422363,10.3950004577637,10.4099998474121,4962300,10.4099998474121
2023-08-16,10.3299999237061,10.4200000762939,10.1599998474121,10.1899995803833,4759000,10.1899995803833
2023-08-17,10.2399997711182,10.3199996948242,10.0500001907349,10.0699996948242,7550100,10.0699996948242
2023-08-18,9.85999965667725,10.3000001907349,9.84000015258789,10.25,8337800,10.25
2023-08-21,10.2849998474121,10.4449996948242,10.1300001144409,10.3900003433228,6461200,10.3900003433228
2023-08-22,10.5,10.6049995422363,10.3199996948242,10.3800001144409,6452100,10.3800001144409
2023-08-23,10.3900003433228,10.6000003814697,10.335000038147,10.5,6019400,10.5
2023-08-24,10.5200004577637,10.5200004577637,10.2700004577637,10.3699998855591,4885100,10.3699998855591
2023-08-25,10.3800001144409,10.6000003814697,10.3299999237061,10.539999961853,4784400,10.539999961853
2023-08-28,10.6199998855591,10.7200002670288,10.5,10.5500001907349,4881500,10.5500001907349
2023-08-29,10.4750003814697,11.0799999237061,10.4499998092651,11.0200004577637,9553700,11.0200004577637
2023-08-30,10.8999996185303,11.1499996185303,10.8999996185303,11.0600004196167,7218000,11.0600004196167
2023-08-31,11.1000003814697,11.164999961853,10.7650003433228,10.8900003433228,28595700,10.8900003433228
2023-09-01,11.1800003051758,11.3699998855591,11.0600004196167,11.1099996566772,9240000,11.1099996566772
2023-09-05,11,11.0200004577637,10.6599998474121,10.8199996948242,9895100,10.8199996948242
2023-09-06,10.7700004577637,10.9350004196167,10.6999998092651,10.789999961853,5866800,10.789999961853
2023-09-07,10.6099996566772,10.7700004577637,10.5229997634888,10.7399997711182,4420300,10.7399997711182
2023-09-08,10.6899995803833,10.8000001907349,10.5150003433228,10.7399997711182,4874700,10.7399997711182
2023-09-11,10.8199996948242,10.8999996185303,10.710000038147,10.8400001525879,5331800,10.8400001525879
2023-09-12,10.8100004196167,11.0100002288818,10.789999961853,10.8000001907349,5042800,10.8000001907349
2023-09-13,10.7600002288818,10.8109998703003,10.5900001525879,10.6199998855591,4808500,10.6199998855591
2023-09-14,10.6499996185303,10.6599998474121,10.4200000762939,10.5699996948242,6470800,10.5699996948242
2023-09-15,10.4700002670288,10.6949996948242,10.4300003051758,10.6700000762939,8987000,10.6700000762939
2023-09-18,10.6499996185303,10.789999961853,10.5799999237061,10.6000003814697,5412100,10.6000003814697
2023-09-19,10.5799999237061,10.6000003814697,10.3599996566772,10.4700002670288,4583700,10.4700002670288
2023-09-20,10.4499998092651,10.6499996185303,10.210000038147,10.2200002670288,4883500,10.2200002670288
2023-09-21,10.0100002288818,10.0200004577637,9.81999969482422,9.82999992370605,7251000,9.82999992370605
2023-09-22,9.90999984741211,9.97000026702881,9.64000034332275,9.69999980926514,5370600,9.69999980926514
2023-09-25,9.56999969482422,9.77000045776367,9.55000019073486,9.68000030517578,3894800,9.68000030517578
2023-09-26,9.60999965667725,9.77000045776367,9.48999977111816,9.52999973297119,5751400,9.52999973297119
2023-09-27,9.64000034332275,9.77000045776367,9.4399995803833,9.56999969482422,4445700,9.56999969482422
2023-09-28,9.60000038146973,9.84000015258789,9.47999954223633,9.68000030517578,3848900,9.68000030517578
2023-09-29,9.84000015258789,10.0100002288818,9.6899995803833,9.8100004196167,4605000,9.8100004196167
2023-10-02,9.77000045776367,9.89999961853027,9.59000015258789,9.72999954223633,5825400,9.72999954223633
2023-10-03,9.61999988555908,9.77999973297119,9.48999977111816,9.52999973297119,4405500,9.52999973297119
2023-10-04,9.5,9.6899995803833,9.43000030517578,9.68000030517578,4485600,9.68000030517578
2023-10-05,9.56999969482422,9.81999969482422,9.48999977111816,9.72999954223633,4888500,9.72999954223633
2023-10-06,9.61999988555908,9.98999977111816,9.61999988555908,9.93000030517578,5124700,9.93000030517578
2023-10-09,9.81999969482422,9.96000003814697,9.71500015258789,9.86999988555908,3637400,9.86999988555908
2023-10-10,9.85999965667725,10.1899995803833,9.85999965667725,10.039999961853,4895800,10.039999961853
2023-10-11,10.0500001907349,10.1800003051758,9.68000030517578,9.72000026702881,6391400,9.72000026702881
2023-10-12,9.73999977111816,9.77000045776367,9.27999973297119,9.28999996185303,7034200,9.28999996185303
2023-10-13,9.30000019073486,9.36499977111816,9.11999988555908,9.14000034332275,5586000,9.14000034332275
2023-10-16,9.15999984741211,9.38500022888184,9.14000034332275,9.31999969482422,3913900,9.31999969482422
2023-10-17,9.22000026702881,9.64000034332275,9.22000026702881,9.60000038146973,6263900,9.60000038146973
2023-10-18,9.5,9.5600004196167,9.14999961853027,9.21000003814697,5151200,9.21000003814697
2023-10-19,9.23999977111816,9.23999977111816,8.96000003814697,8.97000026702881,5382500,8.97000026702881
2023-10-20,8.94999980926514,9.22999954223633,8.89000034332275,9.13000011444092,5344000,9.13000011444092
2023-10-23,9.05000019073486,9.39000034332275,8.97299957275391,9.17000007629395,5031500,9.17000007629395
2023-10-24,9.34000015258789,9.59500026702881,9.25,9.31999969482422,5658200,9.31999969482422
2023-10-25,9.21000003814697,9.28999996185303,9.01000022888184,9.02999973297119,5804800,9.02999973297119
2023-10-26,9.06999969482422,9.22999954223633,8.9399995803833,9.10000038146973,4447800,9.10000038146973
2023-10-27,9.19999980926514,9.19999980926514,8.89000034332275,8.89999961853027,4421200,8.89999961853027
2023-10-30,9,9.14000034332275,8.90499973297119,9.07999992370605,3914000,9.07999992370605
2023-10-31,9.11999988555908,9.15999984741211,9.04500007629395,9.14000034332275,3753200,9.14000034332275
2023-11-01,9.17000007629395,9.22999954223633,8.92000007629395,9.07999992370605,4146000,9.07999992370605
2023-11-02,9.1899995803833,9.50500011444092,9.1899995803833,9.47999954223633,7793500,9.47999954223633
2023-11-03,9.65999984741211,9.78999996185303,9.5600004196167,9.6899995803833,8830900,9.6899995803833
2023-11-06,9.77999973297119,9.81999969482422,9.52000045776367,9.59000015258789,4896600,9.59000015258789
2023-11-07,9.60999965667725,9.85000038146973,9.59000015258789,9.76000022888184,13420500,9.76000022888184
2023-11-08,8.78499984741211,8.89999961853027,8.27999973297119,8.36499977111816,27080200,8.36499977111816
2023-11-09,8.53999996185303,8.61999988555908,7.92000007629395,7.92999982833862,15764200,7.92999982833862
2023-11-10,8,8.30000019073486,7.98999977111816,8.22999954223633,10981400,8.22999954223633
2023-11-13,8.15999984741211,8.40999984741211,8.13000011444092,8.3100004196167,7994900,8.3100004196167
2023-11-14,8.55000019073486,8.71000003814697,8.44999980926514,8.5,10708700,8.5
2023-11-15,8.56999969482422,8.60999965667725,8.3100004196167,8.32999992370605,11201200,8.32999992370605
2023-11-16,8.27999973297119,8.28999996185303,7.90999984741211,7.94000005722046,13541300,7.94000005722046
2023-11-17,7.98000001907349,8.13500022888184,7.92500019073486,8.10000038146973,9142200,8.10000038146973
2023-11-20,8.10000038146973,8.27000045776367,7.9850001335144,8.13000011444092,13184600,8.13000011444092
2023-11-21,8.0600004196167,8.13000011444092,7.96000003814697,7.98000001907349,7764100,7.98000001907349
2023-11-22,8.02999973297119,8.25500011444092,7.98000001907349,8.22000026702881,8522800,8.22000026702881
2023-11-24,8.19999980926514,8.30000019073486,8.13000011444092,8.28999996185303,3613000,8.28999996185303
2023-11-27,8.27000045776367,8.46000003814697,8.21000003814697,8.39000034332275,7071300,8.39000034332275
2023-11-28,8.38000011444092,8.64999961853027,8.34500026702881,8.64000034332275,10075600,8.64000034332275
2023-11-29,8.84000015258789,9.18000030517578,8.77000045776367,8.92000007629395,13982600,8.92000007629395
2023-11-30,9.1899995803833,9.19999980926514,8.6899995803833,8.80000019073486,15221700,8.80000019073486
2023-12-01,8.81999969482422,9.39000034332275,8.81999969482422,9.31999969482422,16279500,9.31999969482422
2023-12-04,9.46000003814697,9.73499965667725,9.32999992370605,9.55000019073486,18297500,9.55000019073486
2023-12-05,9.78999996185303,10.6389999389648,9.65999984741211,10.5299997329712,38892500,10.5299997329712
2023-12-06,10.8800001144409,11.6499996185303,10.7299995422363,11.2700004577637,51461800,11.2700004577637
2023-12-07,11.0699996948242,11.6999998092651,10.8100004196167,11.4799995422363,26167900,11.4799995422363
2023-12-08,11.2299995422363,11.7399997711182,11.0200004577637,11.7299995422363,23141200,11.7299995422363
2023-12-11,11.5500001907349,11.789999961853,11.3249998092651,11.710000038147,18603200,11.710000038147
2023-12-12,11.7700004577637,11.8999996185303,11.539999961853,11.6300001144409,13394300,11.6300001144409
2023-12-13,11.6300001144409,12.0200004577637,11.1199998855591,11.9899997711182,24506100,11.9899997711182
2023-12-14,12.3500003814697,12.3900003433228,11.789999961853,12.0900001525879,22749700,12.0900001525879
2023-12-15,12.0100002288818,12.0200004577637,11.5200004577637,11.6899995803833,16406900,11.6899995803833
2023-12-18,11.5500001907349,11.9799995422363,11.4399995803833,11.9300003051758,14413000,11.9300003051758
2023-12-19,12.0600004196167,13.1899995803833,12.039999961853,13.1700000762939,31841800,13.1700000762939
2023-12-20,13.3199996948242,13.4499998092651,12.5900001525879,12.6199998855591,32610100,12.6199998855591
2023-12-21,12.8100004196167,13.0600004196167,12.5100002288818,12.8900003433228,14515400,12.8900003433228
2023-12-22,13.0100002288818,13.1499996185303,12.7950000762939,12.9499998092651,10525400,12.9499998092651
2023-12-26,13,13.1400003433228,12.8599996566772,12.9399995803833,8151100,12.9399995803833
2023-12-27,13.0299997329712,13.5100002288818,12.9099998474121,13.2600002288818,16095200,13.2600002288818
2023-12-28,13.1099996566772,13.2799997329712,13.0600004196167,13.1800003051758,8604400,13.1800003051758
2023-12-29,13.1599998474121,13.1700000762939,12.5200004577637,12.7399997711182,14494100,12.7399997711182
2024-01-02,12.7399997711182,12.75,12.2799997329712,12.3699998855591,11659200,12.3699998855591
2024-01-03,11.6800003051758,11.9700002670288,11.5500001907349,11.789999961853,13694100,11.789999961853
2024-01-04,11.6499996185303,12.1700000762939,11.6300001144409,11.9799995422363,9611900,11.9799995422363
2024-01-05,11.8199996948242,12.1599998474121,11.7700004577637,11.8900003433228,8179700,11.8900003433228
2024-01-08,11.9700002670288,12.5799999237061,11.960000038147,12.4200000762939,17238700,12.4200000762939
2024-01-09,12.25,12.3549995422363,12.1350002288818,12.1999998092651,7344300,12.1999998092651
2024-01-10,12.1800003051758,12.3450002670288,11.7799997329712,12.1400003433228,8569200,12.1400003433228
2024-01-11,12.5299997329712,12.5799999237061,11.6300001144409,11.710000038147,13483000,11.710000038147
2024-01-12,11.5,11.5600004196167,10.9899997711182,11.0200004577637,16476400,11.0200004577637
2024-01-16,10.9200000762939,11.0260000228882,10.6199998855591,10.9300003051758,9399000,10.9300003051758
2024-01-17,10.710000038147,10.7399997711182,10.5200004577637,10.6499996185303,8611600,10.6499996185303
2024-01-18,10.7600002288818,10.8249998092651,10.5299997329712,10.6700000762939,8032200,10.6700000762939
2024-01-19,10.6800003051758,10.75,10.3800001144409,10.710000038147,7969100,10.710000038147
2024-01-22,10.8100004196167,11.1700000762939,10.8100004196167,10.9899997711182,9454000,10.9899997711182
2024-01-23,11.1599998474121,11.3000001907349,10.8730001449585,10.9499998092651,6929500,10.9499998092651
2024-01-24,11.1000003814697,11.2250003814697,10.7299995422363,10.8100004196167,6848000,10.8100004196167
2024-01-25,10.8500003814697,10.8979997634888,10.6199998855591,10.6999998092651,5299900,10.6999998092651
2024-01-26,10.7600002288818,11.0100002288818,10.710000038147,10.789999961853,4742100,10.789999961853
2024-01-29,10.8299999237061,11.3299999237061,10.7600002288818,11.3100004196167,10871000,11.3100004196167
2024-01-30,11.2299995422363,11.2849998474121,10.9499998092651,11.0100002288818,7035500,11.0100002288818
2024-01-31,10.9399995803833,11.1700000762939,10.6999998092651,10.7399997711182,7341400,10.7399997711182
2024-02-01,10.789999961853,10.9449996948242,10.6099996566772,10.9099998474121,5807500,10.9099998474121
2024-02-02,10.75,11.0200004577637,10.6499996185303,10.9200000762939,7388300,10.9200000762939
2024-02-05,10.8199996948242,10.8800001144409,10.5100002288818,10.5600004196167,7633200,10.5600004196167
2024-02-06,10.5699996948242,10.8000001907349,10.5349998474121,10.7799997329712,5098200,10.7799997329712
2024-02-07,10.8400001525879,11.0799999237061,10.6400003433228,11,7559200,11
2024-02-08,11.0500001907349,11.3400001525879,11,11.2200002670288,7844600,11.2200002670288
2024-02-09,11.3999996185303,11.6000003814697,11.25,11.5500001907349,11957000,11.5500001907349
2024-02-12,11.7299995422363,12.1300001144409,11.6499996185303,12.0100002288818,22042300,12.0100002288818
2024-02-13,11.6099996566772,11.9350004196167,11.4300003051758,11.8400001525879,36725400,11.8400001525879
2024-02-14,13.6479997634888,13.8999996185303,12.7650003433228,13.3800001144409,76339000,13.3800001144409
2024-02-15,13.3999996185303,13.5450000762939,13.039999961853,13.4200000762939,24372900,13.4200000762939
2024-02-16,13.3800001144409,14.3549995422363,13.3199996948242,14,34885500,14
2024-02-20,14,14.2349996566772,13.6800003051758,14.0900001525879,16920700,14.0900001525879
2024-02-21,13.7620000839233,13.8900003433228,13.3900003433228,13.5900001525879,14328000,13.5900001525879
2024-02-22,13.710000038147,14.0900001525879,13.5950002670288,13.9700002670288,10961900,13.9700002670288
2024-02-23,14.039999961853,14.5,14.0100002288818,14.4799995422363,15963200,14.4799995422363
2024-02-26,14.710000038147,15.6099996566772,14.6800003051758,15.5900001525879,28000800,15.5900001525879
2024-02-27,15.8900003433228,16.2900009155273,15.5500001907349,16.25,24830300,16.25
2024-02-28,16.0599994659424,16.5300006866455,15.8999996185303,16.1299991607666,25143400,16.1299991607666
2024-02-29,16.1700000762939,16.5100002288818,15.6599998474121,16.3099994659424,21226300,16.3099994659424
2024-03-01,16.2999992370605,16.6000003814697,16.125,16.5799999237061,13111700,16.5799999237061
2024-03-04,17.0699996948242,17.2199993133545,16.5400009155273,16.6299991607666,17405200,16.6299991607666
2024-03-05,16.2999992370605,16.3299999237061,15.6599998474121,15.9300003051758,17683600,15.9300003051758
2024-03-06,16.1000003814697,16.5900001525879,15.7700004577637,16.3999996185303,13102400,16.3999996185303
2024-03-07,16.6200008392334,16.6200008392334,16.1299991607666,16.3600006103516,9854700,16.3600006103516
2024-03-08,16.5799999237061,17.6200008392334,16.5699996948242,17,19955300,17
2024-03-11,16.9899997711182,17.4799995422363,16.7600002288818,16.8600006103516,14947000,16.8600006103516
2024-03-12,16.8799991607666,16.8999996185303,16.1900005340576,16.3899993896484,13396500,16.3899993896484
2024-03-13,16.3099994659424,17.3600006103516,16.2299995422363,17.1599998474121,15815100,17.1599998474121
2024-03-14,19.1200008392334,19.2299995422363,17.7450008392334,18.0499992370605,48665200,18.0499992370605
2024-03-15,17.8199996948242,18.3600006103516,17.5,18.1499996185303,17739000,18.1499996185303
2024-03-18,18.1000003814697,18.4099998474121,17.8299999237061,18.2099990844727,13180600,18.2099990844727
2024-03-19,17.7199993133545,17.8299999237061,16.6949996948242,17.2399997711182,14724400,17.2399997711182
2024-03-20,17.2399997711182,18.5699996948242,17.1200008392334,18.5599994659424,14773200,18.5599994659424
2024-03-21,18.6599998474121,19.4150009155273,18.3999996185303,19.0900001525879,16075900,19.0900001525879
2024-03-22,18.6399993896484,18.9459991455078,18.2399997711182,18.2999992370605,11282800,18.2999992370605
2024-03-25,18.3999996185303,19.1000003814697,18.3700008392334,19.0799999237061,15708500,19.0799999237061
2024-03-26,19.3199996948242,19.6100006103516,19.1620006561279,19.2800006866455,12760300,19.2800006866455
2024-03-27,20.5300006866455,20.5499992370605,19.6200008392334,20.0100002288818,31268300,20.0100002288818
2024-03-28,20.0100002288818,20.5400009155273,19.8799991607666,20.1299991607666,16728200,20.1299991607666
2024-04-01,19.9799995422363,20.1499996185303,19.3700008392334,19.4099998474121,15674500,19.4099998474121
2024-04-02,18.3700008392334,19.3299999237061,18.0300006866455,19.2000007629395,15975500,19.2000007629395
2024-04-03,18.9200000762939,19.5400009155273,18.8600006103516,19.2099990844727,8633800,19.2099990844727
2024-04-04,19.25,19.2900009155273,18.2999992370605,18.4500007629395,15445800,18.4500007629395
2024-04-05,18.2299995422363,18.8250007629395,17.8700008392334,18.3999996185303,11618100,18.3999996185303
2024-04-08,18.8799991607666,19.1000003814697,18.4400005340576,18.5599994659424,9365600,18.5599994659424
2024-04-09,18.6599998474121,18.75,18,18.2999992370605,7937700,18.2999992370605
2024-04-10,17.6800003051758,18.4400005340576,17.5900001525879,18.3400001525879,7749100,18.3400001525879
2024-04-11,17.7000007629395,19.048999786377,17.7000007629395,19,14077500,19
2024-04-12,18.8500003814697,18.8899993896484,17.8299999237061,17.9699993133545,9325700,17.9699993133545
2024-04-15,18.0799999237061,18.2600002288818,16.9750003814697,17.1900005340576,14132300,17.1900005340576
2024-04-16,17.1299991607666,17.5799999237061,16.8400001525879,17.3099994659424,9347700,17.3099994659424
2024-04-17,17.3799991607666,17.4500007629395,16.4599990844727,17.0799999237061,10395400,17.0799999237061
2024-04-18,17.1870002746582,17.5949993133545,16.8899993896484,17.0799999237061,7952300,17.0799999237061
2024-04-19,16.8899993896484,17.2299995422363,16.5,16.6299991607666,9424600,16.6299991607666
2024-04-22,16.9400005340576,17.3449993133545,16.6700000762939,17.1900005340576,7426200,17.1900005340576
2024-04-23,17.1299991607666,17.8199996948242,17.0499992370605,17.6200008392334,6961300,17.6200008392334
2024-04-24,17.6700000762939,17.8899993896484,17.0799999237061,17.3099994659424,7318100,17.3099994659424
2024-04-25,16.8899993896484,17.2600002288818,16.5699996948242,17.1200008392334,7145600,17.1200008392334
2024-04-26,17.1200008392334,17.8999996185303,16.9200000762939,17.8799991607666,8203900,17.8799991607666
2024-04-29,17.7099990844727,18.2900009155273,17.2999992370605,17.3400001525879,8431500,17.3400001525879
2024-04-30,17.1399993896484,17.2999992370605,16.4699993133545,16.4899997711182,8986300,16.4899997711182
2024-05-01,16.4300003051758,17.3500003814697,16.3099994659424,16.6499996185303,8903500,16.6499996185303
2024-05-02,16.9300003051758,17.6299991607666,16.7600002288818,17.6100006103516,7544700,17.6100006103516
2024-05-03,17.8799991607666,18.1350002288818,17.6299991607666,17.9500007629395,9478800,17.9500007629395
2024-05-06,17.6299991607666,18.4599990844727,17.4799995422363,17.7800006866455,18716900,17.7800006866455
2024-05-07,17.75,18.2600002288818,17.6700000762939,17.9899997711182,12486200,17.9899997711182
2024-05-08,17.6000003814697,17.9379997253418,17.3700008392334,17.8500003814697,23043800,17.8500003814697
2024-05-09,19.0419998168945,19.4699993133545,17.0400009155273,17.2999992370605,51207400,17.2999992370605
2024-05-10,17.4200000762939,17.6900005340576,16.2199993133545,16.2299995422363,24466200,16.2299995422363
2024-05-13,16.6200008392334,17.6100006103516,16.5699996948242,16.8899993896484,24385600,16.8899993896484
2024-05-14,17.7700004577637,18.6700000762939,17.6499996185303,18.0200004577637,33654500,18.0200004577637
2024-05-15,18.3500003814697,18.5799999237061,17.5699996948242,18.5200004577637,19468500,18.5200004577637
2024-05-16,18.4099998474121,19.2399997711182,17.8600006103516,17.8999996185303,22141600,17.8999996185303
2024-05-17,18.9599990844727,20.3400001525879,18.4500007629395,20.0900001525879,53207400,20.0900001525879
2024-05-20,19.9400005340576,20.8899993896484,19.5300006866455,20.8400001525879,25792900,20.8400001525879
2024-05-21,21.0400009155273,21.2099990844727,20.4099998474121,20.9599990844727,20960700,20.9599990844727
2024-05-22,20.8999996185303,21.0300006866455,19.5900001525879,19.6599998474121,20978600,19.6599998474121
2024-05-23,19.9200000762939,19.9400005340576,19.1149997711182,19.2399997711182,17758100,19.2399997711182
2024-05-24,19.2999992370605,20.5650005340576,19.0669994354248,20.5100002288818,20838300,20.5100002288818
2024-05-28,20.6180000305176,20.9899997711182,20.0499992370605,20.4699993133545,18147600,20.4699993133545
2024-05-29,20.75,21.1399993896484,20.2700004577637,21.0849990844727,23053100,21.0849990844727
2024-05-30,21.2999992370605,22.2600002288818,20.9099998474121,21.8400001525879,36228900,21.8400001525879
2024-05-31,21.9099998474121,22.3400001525879,20.1650009155273,20.8999996185303,31219300,20.8999996185303
2024-06-03,21.8999996185303,22.3999996185303,20.7299995422363,21.2800006866455,26098100,21.2800006866455
2024-06-04,21.0400009155273,21.625,20.6599998474121,20.7800006866455,17412400,20.7800006866455
2024-06-05,21,21.5900001525879,20.3899993896484,21.5699996948242,14410400,21.5699996948242
2024-06-06,22.25,23.25,21.7439994812012,22.9699993133545,40881200,22.9699993133545
2024-06-07,22.5200004577637,23.6900005340576,22.1450004577637,22.1800003051758,24723100,22.1800003051758
2024-06-10,22.1000003814697,23.5249996185303,22.0599994659424,23.4200000762939,17959500,23.4200000762939
2024-06-11,22.8320007324219,23.3050003051758,22.1299991607666,23.2199993133545,14472800,23.2199993133545
2024-06-12,24,24.2800006866455,23.5300006866455,23.7000007629395,21351400,23.7000007629395
2024-06-13,23.6900005340576,23.7399997711182,22.9200000762939,23.3099994659424,13045800,23.3099994659424
2024-06-14,23.1000003814697,23.5699996948242,22.3600006103516,22.4200000762939,13059600,22.4200000762939
2024-06-17,22.3199996948242,22.7199993133545,21.7000007629395,22.25,13998300,22.25
2024-06-18,21.9699993133545,22.2199993133545,21.7999992370605,21.8600006103516,10181100,21.8600006103516
2024-06-20,22,22.0699996948242,21.1800003051758,21.7299995422363,13386600,21.7299995422363
2024-06-21,21.5200004577637,22.3299999237061,21.25,22.2900009155273,21034100,22.2900009155273
2024-06-24,21.8500003814697,22.3299999237061,20.8799991607666,21.3700008392334,19032600,21.3700008392334
2024-06-25,21.4799995422363,22.2849998474121,21.2199993133545,22.1399993896484,12242500,22.1399993896484
2024-06-26,22.6800003051758,23.3299999237061,22.2199993133545,22.3099994659424,19146100,22.3099994659424
2024-06-27,22.4400005340576,22.7910003662109,22.2700004577637,22.5900001525879,7318600,22.5900001525879
2024-06-28,22.6399993896484,23.0849990844727,22.3400001525879,22.7099990844727,11668100,22.7099990844727
2024-07-01,22.8199996948242,23.1299991607666,22.4300003051758,22.7900009155273,11188200,22.7900009155273
2024-07-02,22.6350002288818,22.7999992370605,22.0699996948242,22.4599990844727,9492200,22.4599990844727
2024-07-03,22.4500007629395,23.128999710083,22.4500007629395,22.8899993896484,7631200,22.8899993896484
2024-07-05,22.0799999237061,22.7399997711182,21.7199993133545,22.6800003051758,9400900,22.6800003051758
2024-07-08,22.7199993133545,22.8799991607666,21.9099998474121,22.0900001525879,10579900,22.0900001525879
2024-07-09,22.25,23.2700004577637,22.1499996185303,22.6000003814697,12158900,22.6000003814697
2024-07-10,22.7099990844727,22.8700008392334,22.0799999237061,22.3199996948242,12625300,22.3199996948242
2024-07-11,22.6499996185303,22.9799995422363,21.9799995422363,22.0400009155273,13151500,22.0400009155273
2024-07-12,22,22.4449996948242,21.75,22.2800006866455,10380700,22.2800006866455
2024-07-15,23,24.0100002288818,22.7600002288818,23.9400005340576,20401700,23.9400005340576
2024-07-16,24.0599994659424,24.8099994659424,23.3500003814697,24.6299991607666,23046700,24.6299991607666
2024-07-17,24.1299991607666,24.8799991607666,23.5699996948242,24.1800003051758,14124900,24.1800003051758
2024-07-18,24.2199993133545,24.4500007629395,22.6599998474121,22.8299999237061,14304700,22.8299999237061
2024-07-19,22.9400005340576,23.8700008392334,22.7999992370605,23.4099998474121,9348400,23.4099998474121
2024-07-22,23.2399997711182,24.0200004577637,23.0949993133545,23.4200000762939,16691400,23.4200000762939
2024-07-23,23.2299995422363,23.3999996185303,22.8199996948242,22.8700008392334,10292600,22.8700008392334
2024-07-24,22.6599998474121,22.9060001373291,21.3600006103516,21.4099998474121,13153100,21.4099998474121
2024-07-25,21.1599998474121,21.7849998474121,20.6299991607666,21.1800003051758,9131000,21.1800003051758
2024-07-26,21.5900001525879,21.9850006103516,21.125,21.2000007629395,8362500,21.2000007629395
2024-07-29,21.5599994659424,21.8400001525879,20.9500007629395,21.1800003051758,8115100,21.1800003051758
2024-07-30,21.2999992370605,21.3500003814697,20.2900009155273,20.3999996185303,11020800,20.3999996185303
2024-07-31,20.8400001525879,21.2080001831055,20.5300006866455,20.5699996948242,9201900,20.5699996948242
2024-08-01,20.8899993896484,21.2999992370605,19.8299999237061,20.2399997711182,13110700,20.2399997711182
2024-08-02,19.2000007629395,19.2900009155273,17.6900005340576,17.8799991607666,30564500,17.8799991607666
2024-08-05,14.6999998092651,16.7250003814697,13.9799995422363,16.4200000762939,44991100,16.4200000762939
2024-08-06,17.0300006866455,17.5200004577637,16.25,17.2099990844727,22515100,17.2099990844727
2024-08-07,17.6000003814697,17.6399993896484,16.8600006103516,17.1200008392334,32590300,17.1200008392334
2024-08-08,17.6650009155273,18.1000003814697,16.6800003051758,17.7299995422363,48790500,17.7299995422363
2024-08-09,17.7999992370605,18.2800006866455,17.5499992370605,17.9200000762939,17345900,17.9200000762939
2024-08-12,18.3600006103516,18.7900009155273,18.1060009002686,18.5400009155273,18899100,18.5400009155273
2024-08-13,18.7800006866455,18.8400001525879,18.3600006103516,18.4099998474121,12907000,18.4099998474121
2024-08-14,18.7299995422363,19.0599994659424,18.5699996948242,18.6499996185303,13613600,18.6499996185303
2024-08-15,19.3199996948242,20.0699996948242,19.1350002288818,19.5499992370605,23025900,19.5499992370605
2024-08-16,19.5100002288818,20.0400009155273,19.3999996185303,19.9799995422363,14101700,19.9799995422363
2024-08-19,19.9349994659424,20.3099994659424,19.8099994659424,20.2800006866455,11372200,20.2800006866455
2024-08-20,20.3600006103516,20.4300003051758,19.6900005340576,19.8299999237061,10363700,19.8299999237061
2024-08-21,19.7299995422363,20.2049999237061,19.5200004577637,20.1800003051758,9837100,20.1800003051758
2024-08-22,20.1399993896484,20.3700008392334,19.8500003814697,19.8899993896484,7417900,19.8899993896484
2024-08-23,20.0620002746582,21.2099990844727,20,21.1200008392334,13294500,21.1200008392334
2024-08-26,21.1200008392334,21.1599998474121,20.7900009155273,20.9599990844727,10676300,20.9599990844727
2024-08-27,20.7999992370605,21.5400009155273,20.5900001525879,21.3600006103516,8052600,21.3600006103516
2024-08-28,21.1499996185303,21.1989994049072,20,20.3199996948242,10959700,20.3199996948242
2024-08-29,20.3999996185303,20.6550006866455,20.0900001525879,20.1700000762939,7621500,20.1700000762939
2024-08-30,20.3799991607666,20.3999996185303,19.8349990844727,20.1200008392334,11026200,20.1200008392334
2024-09-03,19.7549991607666,19.9650001525879,19.2099990844727,19.3700008392334,11353500,19.3700008392334
2024-09-04,19.0100002288818,19.6100006103516,18.8110008239746,19.1100006103516,9923300,19.1100006103516
2024-09-05,19,19.6800003051758,18.8400001525879,19.6700000762939,11493500,19.6700000762939
2024-09-06,19.7399997711182,20.2399997711182,18.7099990844727,18.9400005340576,12834200,18.9400005340576
2024-09-09,19.2099990844727,19.8299999237061,19.0400009155273,19.6599998474121,10350600,19.6599998474121
2024-09-10,19.6000003814697,19.7390003204346,18.8250007629395,19.7000007629395,10336500,19.7000007629395
2024-09-11,19.5799999237061,20.7950000762939,19.5400009155273,20.6399993896484,12396200,20.6399993896484
2024-09-12,20.8299999237061,21.7350006103516,20.6700000762939,21.6399993896484,13536100,21.6399993896484
2024-09-13,21.6949996948242,22.4300003051758,21.6100006103516,22.0699996948242,11931600,22.0699996948242
2024-09-16,21.7040004730225,22.5349998474121,21.5,22.2099990844727,8155600,22.2099990844727
2024-09-17,22.5450000762939,22.9300003051758,22.3999996185303,22.6399993896484,8636600,22.6399993896484
2024-09-18,22.7000007629395,23.4950008392334,22.3400001525879,22.9500007629395,13807200,22.9500007629395
2024-09-19,23.9360008239746,24.0599994659424,22.7399997711182,22.8099994659424,14118900,22.8099994659424
2024-09-20,22.8099994659424,22.9549999237061,22.3099994659424,22.7299995422363,22849800,22.7299995422363
2024-09-23,22.7819995880127,23.3250007629395,22.6229991912842,22.7000007629395,11694200,22.7000007629395
2024-09-24,22.6800003051758,22.8500003814697,22.2520008087158,22.7700004577637,7446100,22.7700004577637
2024-09-25,22.5799999237061,22.8199996948242,22.3349990844727,22.3899993896484,4989400,22.3899993896484
2024-09-26,22.7800006866455,22.8799991607666,22.1900005340576,22.4300003051758,9350700,22.4300003051758
2024-09-27,22.5499992370605,23.9799995422363,22.4109992980957,23.8899993896484,18021300,23.8899993896484
2024-09-30,23.9699993133545,24.1299991607666,23.0799999237061,23.4200000762939,10101300,23.4200000762939
2024-10-01,23.3999996185303,23.4599990844727,22.2800006866455,22.3299999237061,11467400,22.3299999237061
2024-10-02,22.4200000762939,23.1800003051758,22.3299999237061,22.6299991607666,12009700,22.6299991607666
2024-10-03,22.4640007019043,22.7089996337891,22.0499992370605,22.4300003051758,7146000,22.4300003051758
2024-10-04,23,23.3899993896484,22.6100006103516,22.8899993896484,9715300,22.8899993896484
2024-10-07,22.75,23.4249992370605,22.7199993133545,23.3199996948242,10007900,23.3199996948242
2024-10-08,23.4699993133545,25.7999992370605,23.4400005340576,25.6100006103516,39241500,25.6100006103516
2024-10-09,25.4899997711182,25.6900005340576,24.1700000762939,25.6499996185303,22201800,25.6499996185303
2024-10-10,25.5,25.8700008392334,24.7049999237061,25.5,12990200,25.5
2024-10-11,25.75,26.6499996185303,25.6900005340576,26.2700004577637,16868900,26.2700004577637
2024-10-14,26.8999996185303,27.1399993896484,26.1599998474121,27,17233000,27
2024-10-15,27.1350002288818,27.3299999237061,25.9050006866455,26.7999992370605,16466500,26.7999992370605
2024-10-16,27.0400009155273,27.1720008850098,26.5650005340576,26.9300003051758,12382000,26.9300003051758
2024-10-17,27.0799999237061,27.0799999237061,26.0860004425049,26.3199996948242,11588300,26.3199996948242
2024-10-18,26.5499992370605,27.0400009155273,26.4200000762939,26.8299999237061,10721200,26.8299999237061
2024-10-21,26.7800006866455,27.1049995422363,26.1800003051758,26.9699993133545,10284200,26.9699993133545
2024-10-22,26.8999996185303,27.6000003814697,26.8199996948242,27.4099998474121,11978800,27.4099998474121
2024-10-23,27.1100006103516,27.3859996795654,26.2800006866455,26.7000007629395,10203200,26.7000007629395
2024-10-24,26.9500007629395,27.3299999237061,26.6900005340576,27.2199993133545,7687300,27.2199993133545
2024-10-25,27.5100002288818,27.75,26.9200000762939,27.0599994659424,8752200,27.0599994659424
2024-10-28,27.9349994659424,28.2299995422363,27.5100002288818,27.8799991607666,14670900,27.8799991607666
2024-10-29,28.25,28.3600006103516,27.6000003814697,28.0300006866455,13257600,28.0300006866455
2024-10-30,27.9150009155273,28.5750007629395,27.5499992370605,28.2099990844727,26660900,28.2099990844727
2024-10-31,26.0200004577637,26.4799995422363,23.1499996185303,23.4899997711182,45738900,23.4899997711182
2024-11-01,23.7000007629395,24.1180000305176,23,23.9699993133545,21594100,23.9699993133545
2024-11-04,23.75,24.5599994659424,23.5400009155273,24.3199996948242,15067200,24.3199996948242
2024-11-05,24.5349998474121,25.2749996185303,24.4200000762939,24.9599990844727,12947200,24.9599990844727
2024-11-06,27.7299995422363,30.0599994659424,26.7399997711182,29.8600006103516,49591600,29.8600006103516
2024-11-07,29.0599994659424,30.0400009155273,28.6700000762939,29.3600006103516,24913000,29.3600006103516
2024-11-08,29.3500003814697,30.6299991607666,29.2099990844727,30.5400009155273,22564100,30.5400009155273
2024-11-11,32.939998626709,34.3199996948242,32.2299995422363,32.7999992370605,43967200,32.7999992370605
2024-11-12,31.7399997711182,33.7599983215332,31.4599990844727,33,26059500,33
2024-11-13,33.6300010681152,34.0999984741211,31.8229999542236,31.9099998474121,23203600,31.9099998474121
2024-11-14,32.8499984741211,33,31.5919990539551,32.2200012207031,13023400,32.2200012207031
2024-11-15,32.0099983215332,32.3549995422363,31.2600002288818,32.3199996948242,17537500,32.3199996948242
2024-11-18,33.1100006103516,35.6150016784668,32.9000015258789,35,36964900,35
2024-11-19,34.560001373291,36.3199996948242,34,35.2400016784668,27227500,35.2400016784668
2024-11-20,37,38.1100006103516,35.7200012207031,36.0800018310547,36004100,36.0800018310547
2024-11-21,37.125,37.125,34.6300010681152,35.0900001525879,27042400,35.0900001525879
2024-11-22,34.9799995422363,36.8349990844727,34.1699981689453,36.6500015258789,21650100,36.6500015258789
2024-11-25,39.2200012207031,39.7400016784668,37.2999992370605,37.8499984741211,29944600,37.8499984741211
2024-11-26,37.0499992370605,37.9099998474121,36.1500015258789,36.4199981689453,16612100,36.4199981689453
2024-11-27,37.5099983215332,38.2900009155273,37.0400009155273,37.6500015258789,15118500,37.6500015258789
2024-11-29,38.6199989318848,39.1450004577637,37.5099983215332,37.5400009155273,13399500,37.5400009155273
2024-12-02,37.9249992370605,38.7900009155273,37.5200004577637,37.6199989318848,16071000,37.6199989318848
2024-12-03,37.0499992370605,38.7050018310547,36.6100006103516,38.6399993896484,17947600,38.6399993896484
2024-12-04,39.9500007629395,40.5699996948242,37.7799987792969,40,35447100,40
2024-12-05,42.7099990844727,42.7599983215332,38.7900009155273,38.9199981689453,50453500,38.9199981689453
2024-12-06,39.5900001525879,41.7099990844727,38.939998626709,41.6699981689453,37242700,41.6699981689453
2024-12-09,41.3899993896484,42.0900001525879,39.2400016784668,39.5400009155273,26493400,39.5400009155273
2024-12-10,39.810001373291,40.5,37.189998626709,37.3600006103516,27808800,37.3600006103516
2024-12-11,38.5,38.5499992370605,37.7000007629395,37.8400001525879,23327700,37.8400001525879
2024-12-12,37.3800010681152,40.189998626709,35.6199989318848,39.3300018310547,26270400,39.3300018310547
2024-12-13,39.4099998474121,40.3470001220703,38.9599990844727,40.2000007629395,19794900,40.2000007629395
2024-12-16,41.0200004577637,43.8300018310547,40.5299987792969,43.2000007629395,36584000,43.2000007629395
2024-12-17,42.310001373291,42.310001373291,40.3400001525879,41.6300010681152,27260400,41.6300010681152
2024-12-18,41.439998626709,41.4889984130859,36.6399993896484,37.0800018310547,33565200,37.0800018310547
2024-12-19,38.4799995422363,38.6800003051758,36.2099990844727,36.939998626709,25513100,36.939998626709
2024-12-20,35.1100006103516,38.4749984741211,34.0200004577637,38.3300018310547,29109100,38.3300018310547
2024-12-23,37.9199981689453,38.5,37.0800018310547,37.5,16662300,37.5
2024-12-24,38,39.5900001525879,37.689998626709,39.5800018310547,10144500,39.5800018310547
2024-12-26,39.3400001525879,40.4650001525879,38.7999992370605,40.3800010681152,11874900,40.3800010681152
2024-12-27,40.25,40.439998626709,38.2200012207031,39.0200004577637,14388800,39.0200004577637
2024-12-30,37.810001373291,38.9599990844727,37.4500007629395,38.2799987792969,12749600,38.2799987792969
2024-12-31,38.9500007629395,39.0999984741211,37.0299987792969,37.2599983215332,14168100,37.2599983215332
2025-01-02,38.5400009155273,39.7000007629395,37.3499984741211,39.439998626709,18993300,39.439998626709
2025-01-03,39.7799987792969,41.3800010681152,39.023998260498,41.3499984741211,19978800,41.3499984741211
2025-01-06,42.1100006103516,43.1199989318848,41.4599990844727,42.7099990844727,22219300,42.7099990844727
2025-01-07,42.3300018310547,43.1879997253418,39.8650016784668,40.560001373291,17649200,40.560001373291
2025-01-08,40.2550010681152,40.8300018310547,39.2099990844727,40.810001373291,14022200,40.810001373291
2025-01-10,40.0699996948242,40.5299987792969,38.7799987792969,40.0800018310547,13972900,40.0800018310547
2025-01-13,39.0099983215332,39.7970008850098,38.4199981689453,39.5900001525879,13763100,39.5900001525879
2025-01-14,41.7999992370605,43.7700004577637,41.2799987792969,41.7599983215332,32498800,41.7599983215332
2025-01-15,43.9900016784668,46.2200012207031,43.6430015563965,45.560001373291,32265300,45.560001373291
2025-01-16,45.6100006103516,46.8499984741211,45.25,46.0800018310547,18649700,46.0800018310547
2025-01-17,47.7400016784668,49.2700004577637,46.9700012207031,48.1500015258789,35226600,48.1500015258789
2025-01-21,49.9300003051758,50.6399993896484,48.1500015258789,50,29947100,50
2025-01-22,50.2099990844727,51.0900001525879,49.7200012207031,50.1599998474121,20153200,50.1599998474121
2025-01-23,49.3899993896484,50.9099998474121,49.2599983215332,50.3600006103516,16838700,50.3600006103516
2025-01-24,50.9099998474121,52.060001373291,50.5999984741211,51.1199989318848,19901100,51.1199989318848
2025-01-27,48.3300018310547,50.1450004577637,46.6599998474121,47.7400016784668,29648700,47.7400016784668
2025-01-28,47.8979988098145,49.7999992370605,47.0110015869141,49.4000015258789,17600400,49.4000015258789
2025-01-29,48.8199996948242,51.7099990844727,48.5999984741211,51.1500015258789,17767600,51.1500015258789
2025-01-30,51.9599990844727,53.5099983215332,51.0660018920898,53,16825700,53
2025-01-31,53.2599983215332,53.4900016784668,51.6349983215332,51.9500007629395,14361200,51.9500007629395
2025-02-03,48.4900016784668,52.3199996948242,48.0800018310547,51.9000015258789,19031800,51.9000015258789
2025-02-04,52,53.310001373291,51.5400009155273,52.5800018310547,17469600,52.5800018310547
2025-02-05,52.3199996948242,54.3300018310547,52.2099990844727,54.2000007629395,16616600,54.2000007629395
2025-02-06,54.7999992370605,54.8800010681152,52.1599998474121,53.1699981689453,15893900,53.1699981689453
2025-02-07,54.3899993896484,55.9799995422363,54.1100006103516,55.8600006103516,25050300,55.8600006103516
2025-02-10,57.1800003051758,57.2700004577637,55.5499992370605,56.2700004577637,23555900,56.2700004577637
2025-02-11,55.9000015258789,55.9900016784668,53.2799987792969,53.3400001525879,24210900,53.3400001525879
2025-02-12,53.1699981689453,56.7400016784668,52.6500015258789,55.9099998474121,48482700,55.9099998474121
2025-02-13,62.0900001525879,66.9100036621094,61.2000007629395,63.7999992370605,77989700,63.7999992370605
2025-02-14,63.3050003051758,66.0800018310547,61.7210006713867,65.2799987792969,39353300,65.2799987792969
2025-02-18,65.2099990844727,65.5780029296875,59.9010009765625,60.439998626709,42371200,60.439998626709
2025-02-19,61.0900001525879,61.9109992980957,58.6500015258789,59.2299995422363,26252600,59.2299995422363
2025-02-20,59.0900001525879,59.0999984741211,54.2299995422363,56.060001373291,36348800,56.060001373291
2025-02-21,57.8699989318848,57.8699989318848,51.439998626709,51.5999984741211,33697500,51.5999984741211
2025-02-24,52.2400016784668,52.560001373291,47.9700012207031,49.9300003051758,40671100,49.9300003051758
2025-02-25,47.5099983215332,48.8400001525879,44.0200004577637,45.9199981689453,59731300,45.9199981689453
2025-02-26,47.310001373291,50.5200004577637,46.5400009155273,48.8499984741211,43151500,48.8499984741211
2025-02-27,51.7599983215332,52.9300003051758,48.4199981689453,48.7799987792969,48033000,48.7799987792969
2025-02-28,48.185001373291,51.1699981689453,47.4099998474121,50.0999984741211,46083500,50.0999984741211
2025-03-03,54.7200012207031,54.8400001525879,46.6800003051758,46.8899993896484,52710100,46.8899993896484
2025-03-04,45.189998626709,48.2700004577637,42.1399993896484,46.2200012207031,62405400,46.2200012207031
2025-03-05,46.7000007629395,48.2900009155273,44.9199981689453,48.1199989318848,33830100,48.1199989318848
2025-03-06,46.2299995422363,48.7900009155273,44.6599998474121,44.8400001525879,40627600,44.8400001525879
2025-03-07,43.6399993896484,45.3699989318848,40.9500007629395,44.4199981689453,53582200,44.4199981689453
2025-03-10,40.9249992370605,41.1969985961914,35.2299995422363,35.6300010681152,89410600,35.6300010681152
2025-03-11,36.1949996948242,38.3499984741211,35.5699996948242,36.3600006103516,69609300,36.3600006103516
2025-03-12,38.9900016784668,39.6710014343262,36.851001739502,38.9199981689453,50844300,38.9199981689453
2025-03-13,38.2700004577637,38.6800003051758,35.9099998474121,36.0200004577637,47786300,36.0200004577637
2025-03-14,37.4000015258789,39.4599990844727,37.0099983215332,39.2400016784668,37821400,39.2400016784668
2025-03-17,39.3499984741211,42.9199981689453,38.9599990844727,42.0200004577637,45895500,42.0200004577637
2025-03-18,40.7999992370605,41.560001373291,38.8499984741211,40.0999984741211,44644600,40.0999984741211
2025-03-19,40.7750015258789,43.8400001525879,40.1759986877441,42.7999992370605,56447100,42.7999992370605
2025-03-20,42.2000007629395,44.2400016784668,41.9300003051758,43.6599998474121,49146600,43.6599998474121
2025-03-21,41.9500007629395,44.7299995422363,41.5,44.3600006103516,43674200,44.3600006103516
2025-03-24,46.4000015258789,48.9900016784668,46.0999984741211,48.3600006103516,50762000,48.3600006103516
2025-03-25,48.75,49.8800010681152,47.2000007629395,48.1500015258789,43367900,48.1500015258789
2025-03-26,47.9799995422363,48,43.7999992370605,44.7299995422363,44462500,44.7299995422363
2025-03-27,44.1100006103516,45.5900001525879,43.2400016784668,43.9900016784668,51945500,43.9900016784668
2025-03-28,42.689998626709,43.0699996948242,40.5699996948242,41.9199981689453,44330400,41.9199981689453
2025-03-31,39.7750015258789,41.9500007629395,38.8380012512207,41.6199989318848,40954800,41.6199989318848
2025-04-01,41.7999992370605,43.3699989318848,40.6100006103516,42.1599998474121,42942700,42.1599998474121
2025-04-02,40.689998626709,43.5989990234375,40.5499992370605,42.6800003051758,44551400,42.6800003051758
2025-04-03,37.9749984741211,39.8899993896484,37.439998626709,38.2599983215332,62216600,38.2599983215332
2025-04-04,35.625,36.25,31.5900001525879,34.5099983215332,80694700,34.5099983215332
2025-04-07,30.6730003356934,37.1080017089844,29.6599998474121,35.4099998474121,81135600,35.4099998474121
2025-04-08,37.1349983215332,37.8499984741211,33.0849990844727,34.1699981689453,63299900,34.1699981689453
2025-04-09,33.7099990844727,42.6800003051758,33.5499992370605,42.2099990844727,88299900,42.2099990844727
2025-04-10,40.2999992370605,42.1300010681152,37.7799987792969,40.5099983215332,64055500,40.5099983215332
2025-04-11,40.7350006103516,43.7900009155273,40.0800018310547,43.6800003051758,51352100,43.6800003051758
2025-04-14,45.0099983215332,45.0900001525879,42.5099983215332,44.1399993896484,45143500,44.1399993896484
2025-04-15,44.189998626709,45.560001373291,43.6870002746582,44.0800018310547,30788300,44.0800018310547
2025-04-16,41.8600006103516,43.1399993896484,40.0699996948242,40.6599998474121,46736500,40.6599998474121
2025-04-17,41.0299987792969,41.75,40.1199989318848,41.1800003051758,23940000,41.1800003051758
