Index,MAGS.Open,MAGS.High,MAGS.Low,MAGS.Close,MAGS.Volume,MAGS.Adjusted
2023-04-11,24.75,24.75,24.3999996185303,24.4659996032715,42600,23.8202857971191
2023-04-12,24.8700008392334,24.8700008392334,24.3199996948242,24.3299999237061,18500,23.6878776550293
2023-04-13,24.25,25.0799999237061,24.25,25.056999206543,20400,24.3956890106201
2023-04-14,25.2000007629395,25.2099990844727,24.6800003051758,25.0699996948242,15200,24.4083461761475
2023-04-17,25.0100002288818,25.0900001525879,24.7299995422363,24.9559993743896,11800,24.2973537445068
2023-04-18,25.0400009155273,25.0629997253418,24.8099994659424,24.8920001983643,5200,24.2350425720215
2023-04-19,24.75,25.0200004577637,24.75,24.9099998474121,3400,24.2525691986084
2023-04-20,24.8549995422363,24.8700008392334,24.75,24.7999992370605,3200,24.145471572876
2023-04-21,24.8299999237061,24.9720001220703,24.7950000762939,24.8999996185303,2600,24.2428321838379
2023-04-24,25.0650005340576,25.0650005340576,24.798999786377,24.8400001525879,2500,24.1844158172607
2023-04-25,24.6149997711182,24.6149997711182,24.2900009155273,24.2900009155273,3700,23.6489334106445
2023-04-26,24.8400001525879,25.0799999237061,24.7099990844727,24.7600002288818,10400,24.1065292358398
2023-04-27,25.75,26.2999992370605,25.6700000762939,26.1499996185303,10900,25.4598407745361
2023-04-28,26.1599998474121,26.1599998474121,25.875,26.0799999237061,8600,25.3916893005371
2023-05-01,25.9400005340576,26.0400009155273,25.8999996185303,25.9769992828369,4000,25.2914066314697
2023-05-02,26.0200004577637,26.0349998474121,25.6700000762939,25.7999992370605,5600,25.1190795898438
2023-05-03,26.0300006866455,26.0300006866455,25.7099990844727,25.75,14500,25.0704002380371
2023-05-04,25.5109996795654,25.6599998474121,25.5109996795654,25.6200008392334,8700,24.9438304901123
2023-05-05,25.7900009155273,26.0799999237061,25.7700004577637,26.0020008087158,10800,25.3157482147217
2023-05-08,25.8819999694824,26.1299991607666,25.8819999694824,26.1299991607666,3300,25.4403686523438
2023-05-09,26.1560001373291,26.1560001373291,26.0300006866455,26.0300006866455,1300,25.3430118560791
2023-05-10,26.3099994659424,26.6499996185303,26.2469997406006,26.5400009155273,5800,25.8395500183105
2023-05-11,26.7600002288818,27.0799999237061,26.6000003814697,26.9200000762939,12000,26.2095203399658
2023-05-12,26.8999996185303,26.9500007629395,26.5699996948242,26.75,9800,26.0440063476562
2023-05-15,26.9099998474121,26.9099998474121,26.6800003051758,26.8600006103516,3300,26.1511058807373
2023-05-16,26.8999996185303,27.2800006866455,26.8999996185303,27.1299991607666,12400,26.4139766693115
2023-05-17,27.3099994659424,27.5300006866455,27.2199993133545,27.4979991912842,9100,26.7722644805908
2023-05-18,27.6299991607666,27.9699993133545,27.6200008392334,27.9699993133545,20400,27.2318077087402
2023-05-19,27.8999996185303,27.9200000762939,27.7600002288818,27.8419990539551,19500,27.1071853637695
2023-05-22,27.8799991607666,28.1000003814697,27.8799991607666,27.9300003051758,10000,27.1928653717041
2023-05-23,27.8799991607666,27.9300003051758,27.6299991607666,27.6299991607666,14400,26.9007797241211
2023-05-24,27.6200008392334,27.7000007629395,27.5149993896484,27.6399993896484,7200,26.9105167388916
2023-05-25,27.8899993896484,28.0400009155273,27.7199993133545,27.9799995422363,5200,27.2415447235107
2023-05-26,27.9500007629395,28.7600002288818,27.9500007629395,28.6700000762939,8500,27.9133338928223
2023-05-30,29.2099990844727,29.2099990844727,28.6700000762939,28.8799991607666,16600,28.117790222168
2023-05-31,28.8500003814697,28.9200000762939,28.636999130249,28.7220001220703,6000,27.963960647583
2023-06-01,28.8400001525879,29.2199993133545,28.8400001525879,29.1529998779297,3400,28.3835868835449
2023-06-02,29.5,29.6100006103516,29.2649993896484,29.3999996185303,14900,28.6240673065186
2023-06-05,29.5599994659424,29.7900009155273,29.3600006103516,29.3799991607666,7900,28.6045951843262
2023-06-06,29.6100006103516,29.6100006103516,29.4409999847412,29.5,2900,28.7214279174805
2023-06-07,29.6800003051758,29.7299995422363,28.6100006103516,28.6100006103516,9300,27.8549175262451
2023-06-08,28.632999420166,29.0400009155273,28.6299991607666,28.8850002288818,4700,28.1226615905762
2023-06-09,28.9300003051758,29.0890007019043,28.8600006103516,28.9400005340576,10400,28.1762104034424
2023-06-12,29.0359992980957,29.5100002288818,29.0359992980957,29.5100002288818,9000,28.731164932251
2023-06-13,29.5499992370605,29.6000003814697,29.4120006561279,29.4610004425049,6100,28.6834583282471
2023-06-14,29.5200004577637,29.6660003662109,29.1800003051758,29.6499996185303,6300,28.867467880249
2023-06-15,29.7700004577637,30.1800003051758,29.7700004577637,30.1800003051758,2300,29.3834800720215
2023-06-16,30.1900005340576,30.1900005340576,29.8500003814697,29.8579998016357,11600,29.0699806213379
2023-06-20,29.6000003814697,29.8600006103516,29.5599994659424,29.7999992370605,4700,29.0135097503662
2023-06-21,29.6000003814697,29.7600002288818,29.3999996185303,29.5,5900,28.7214279174805
2023-06-22,29.2800006866455,30.1800003051758,29.2800006866455,30.1800003051758,7900,29.3834800720215
2023-06-23,29.7749996185303,30.0699996948242,29.7749996185303,30.0699996948242,3600,29.2763843536377
2023-06-26,30.0450000762939,30.1399993896484,29.3700008392334,29.4300003051758,5600,28.6532764434814
2023-06-27,29.7199993133545,29.9500007629395,29.7199993133545,29.7800006866455,4900,28.9940395355225
2023-06-28,29.8999996185303,30.1599998474121,29.8400001525879,29.8899993896484,5700,29.1011352539062
2023-06-29,29.9349994659424,29.9599990844727,29.6299991607666,29.6900005340576,8200,28.9064140319824
2023-06-30,29.8899993896484,30.2900009155273,29.8899993896484,30.25,3200,29.4516353607178
2023-07-03,30.3099994659424,30.3099994659424,30.0100002288818,30.1499996185303,3300,29.3542728424072
2023-07-05,30.1900005340576,30.4869995117188,30.1900005340576,30.3999996185303,5800,29.5976753234863
2023-07-06,30.1499996185303,30.2600002288818,30.1499996185303,30.2600002288818,800,29.4613704681396
2023-07-07,30.2399997711182,30.4400005340576,30.19700050354,30.19700050354,4300,29.400032043457
2023-07-10,30,30,29.5,29.6900005340576,4200,28.9064140319824
2023-07-11,29.75,29.9599990844727,29.7199993133545,29.9300003051758,5700,29.140079498291
2023-07-12,30.5,30.5499992370605,30.3400001525879,30.4500007629395,2600,29.6463565826416
2023-07-13,30.7800006866455,31.2000007629395,30.7800006866455,31.2000007629395,3700,30.3765621185303
2023-07-14,31.326000213623,31.4699993133545,31.0699996948242,31.1000003814697,3900,30.2792015075684
2023-07-17,31.1399993896484,31.2999992370605,31.1399993896484,31.1900005340576,4400,30.3668251037598
2023-07-18,31,31.5499992370605,30.9899997711182,31.3600006103516,3800,30.5323390960693
2023-07-19,31.4500007629395,31.6700000762939,31.3600006103516,31.5400009155273,3700,30.7075901031494
2023-07-20,31.4699993133545,31.4799995422363,30.6159992218018,30.6159992218018,3400,29.8079738616943
2023-07-21,30.8299999237061,30.8299999237061,30.3700008392334,30.3700008392334,2500,29.5684661865234
2023-07-24,30.7299995422363,30.7299995422363,30.4300003051758,30.4300003051758,2300,29.6268844604492
2023-07-25,30.6000003814697,30.7250003814697,30.6000003814697,30.7000007629395,2000,29.8897590637207
2023-07-26,30.8799991607666,30.8799991607666,30.6000003814697,30.7600002288818,4100,29.9481735229492
2023-07-27,31.4899997711182,31.5270004272461,30.9799995422363,31.0100002288818,1300,30.1915760040283
2023-07-28,31.3470001220703,31.8700008392334,31.3470001220703,31.8050003051758,4800,30.9655952453613
2023-07-31,31.9400005340576,31.9400005340576,31.5699996948242,31.6299991607666,1800,30.7952117919922
2023-08-01,31.6499996185303,31.6499996185303,31.6000003814697,31.6000003814697,1100,30.7660045623779
2023-08-02,31.1700000762939,31.1700000762939,30.8799991607666,30.8799991607666,4600,30.0650062561035
2023-08-03,30.7999992370605,31.0300006866455,30.7000007629395,30.8549995422363,3400,30.0406646728516
2023-08-04,31.4449996948242,31.5480003356934,30.9099998474121,30.9099998474121,3900,30.0942153930664
2023-08-07,31.0499992370605,31.2800006866455,31,31.2800006866455,3000,30.4544525146484
2023-08-08,31.1539993286133,31.1539993286133,30.9869995117188,31.0100002288818,2500,30.1915760040283
2023-08-09,30.5499992370605,30.9300003051758,30.5400009155273,30.6599998474121,2300,29.8508129119873
2023-08-10,32.0200004577637,32.0200004577637,30.7169990539551,30.7169990539551,2600,29.906307220459
2023-08-11,30.4799995422363,30.6000003814697,30.3500003814697,30.5149993896484,3100,29.7096385955811
2023-08-14,30.7700004577637,30.8799991607666,30.7329998016357,30.8799991607666,700,30.0650062561035
2023-08-15,30.5550003051758,30.5550003051758,30.55299949646,30.55299949646,800,29.7466373443604
2023-08-16,30.5499992370605,30.5499992370605,30.0900001525879,30.0900001525879,3400,29.2958583831787
2023-08-17,29.8899993896484,30.2600002288818,29.8799991607666,29.8799991607666,6300,29.0913982391357
2023-08-18,29.0499992370605,29.5699996948242,29.0499992370605,29.5699996948242,3400,28.7895812988281
2023-08-21,29.7999992370605,30,29.6299991607666,30,2100,29.2082328796387
2023-08-22,30.25,30.25,30,30,3400,29.2082328796387
2023-08-23,30.5900001525879,30.6599998474121,30.5300006866455,30.5300006866455,1300,29.7242450714111
2023-08-24,30.6439990997314,30.6439990997314,29.8999996185303,29.8999996185303,2200,29.1108722686768
2023-08-25,29.7299995422363,30.0599994659424,29.5,30.0300006866455,4500,29.2374401092529
2023-08-28,30.2099990844727,30.3500003814697,30.0799999237061,30.2199993133545,3400,29.4224243164062
2023-08-29,30.75,30.9899997711182,30.75,30.875,2500,30.0601387023926
2023-08-30,31,31.0300006866455,30.9349994659424,30.9699993133545,2800,30.1526317596436
2023-08-31,31.2830009460449,31.3199996948242,31.2439994812012,31.2439994812012,800,30.4193992614746
2023-09-01,31.1299991607666,31.2609996795654,31.1299991607666,31.1599998474121,2600,30.3376178741455
2023-09-05,31.2199993133545,31.3799991607666,31.1399993896484,31.3780002593994,1900,30.5498638153076
2023-09-06,31.0289993286133,31.0289993286133,30.9300003051758,30.9300003051758,1000,30.1136875152588
2023-09-07,30.5400009155273,30.8600006103516,30.5400009155273,30.8600006103516,500,30.0455360412598
2023-09-08,31.0100002288818,31.2399997711182,31.0100002288818,31.0400009155273,2000,30.2207832336426
2023-09-11,31.4300003051758,31.6119995117188,31.4300003051758,31.5499992370605,1400,30.7173233032227
2023-09-12,31.2199993133545,31.2199993133545,31.0900001525879,31.0900001525879,1100,30.2694664001465
2023-09-13,31.5,31.5,31.0599994659424,31.3600006103516,9700,30.5323390960693
2023-09-14,31.6900005340576,31.7999992370605,31.6900005340576,31.7150001525879,2700,30.8779697418213
2023-09-15,31.2399997711182,31.2399997711182,31.07200050354,31.07200050354,700,30.2519397735596
2023-09-18,31.2520008087158,31.2520008087158,31.1200008392334,31.1499996185303,3500,30.327880859375
2023-09-19,31.0900001525879,31.2199993133545,31.0900001525879,31.2199993133545,1000,30.396032333374
2023-09-20,30.9599990844727,30.9899997711182,30.4930000305176,30.4930000305176,700,29.6882228851318
2023-09-21,30,30.1499996185303,29.8999996185303,29.8999996185303,6800,29.1108722686768
2023-09-22,30.2849998474121,30.2849998474121,29.9109992980957,29.9109992980957,2100,29.1215801239014
2023-09-25,29.9599990844727,30.1800003051758,29.9599990844727,30.1000003814697,1500,29.3055934906006
2023-09-26,29.8400001525879,29.8579998016357,29.4699993133545,29.5599994659424,4400,28.7798442840576
2023-09-27,29.4300003051758,29.67799949646,29.2999992370605,29.5400009155273,6500,28.7603721618652
2023-09-28,29.5,29.8999996185303,29.4449996948242,29.7399997711182,7500,28.9550933837891
2023-09-29,30.2099990844727,30.2099990844727,29.6800003051758,29.7800006866455,1600,28.9940395355225
2023-10-02,29.7999992370605,30.3500003814697,29.7999992370605,30.3500003814697,2000,29.5489940643311
2023-10-03,30.1599998474121,30.1599998474121,29.6200008392334,29.6200008392334,1800,28.8382625579834
2023-10-04,29.8199996948242,30.3700008392334,29.8199996948242,30.3400001525879,46300,29.5392589569092
2023-10-05,30.3600006103516,30.4099998474121,29.9519996643066,30.3610000610352,4700,29.5597038269043
2023-10-06,30.3400001525879,30.9500007629395,30.3400001525879,30.9500007629395,12800,30.1331596374512
2023-10-09,30.7000007629395,31.0799999237061,30.5499992370605,30.9899997711182,3800,30.1721019744873
2023-10-10,31.0400009155273,31.4300003051758,31.0400009155273,31.1550006866455,4200,30.3327522277832
2023-10-11,31.4200000762939,31.6200008392334,31.2399997711182,31.6079998016357,16300,30.7737922668457
2023-10-12,31.6200008392334,31.8700008392334,31.2360000610352,31.4799995422363,11300,30.6491737365723
2023-10-13,31.5,31.5,30.75,30.75,6900,29.9384384155273
2023-10-16,31.0499992370605,31.3050003051758,30.826000213623,31.1499996185303,29900,30.327880859375
2023-10-17,31.1000003814697,31.1749992370605,30.4899997711182,31.0799999237061,19900,30.259729385376
2023-10-18,30.7800006866455,30.9619998931885,30.2199993133545,30.2199993133545,55400,29.4224243164062
2023-10-19,30.2199993133545,30.4300003051758,29.8500003814697,29.8500003814697,13100,29.0621910095215
2023-10-20,29.6900005340576,29.8299999237061,29.2000007629395,29.2000007629395,36100,28.4293479919434
2023-10-23,29.0300006866455,29.7900009155273,29.0300006866455,29.6000003814697,44600,28.818790435791
2023-10-24,29.9400005340576,30,29.6000003814697,29.8500003814697,13300,29.0621910095215
2023-10-25,29.5,29.5,28.8600006103516,28.9099998474121,24400,28.1469993591309
2023-10-26,28.5799999237061,28.6399993896484,27.8500003814697,28,49700,27.2610168457031
2023-10-27,28.5499992370605,28.7900009155273,28.3719997406006,28.5300006866455,21700,27.7770290374756
2023-10-30,28.8999996185303,29.1700000762939,28.7000007629395,28.9200000762939,8400,28.1567344665527
2023-10-31,28.5020008087158,28.9400005340576,28.5020008087158,28.8600006103516,18500,28.0983200073242
2023-11-01,29.0699996948242,29.7199993133545,29.0699996948242,29.6399993896484,18500,28.8577346801758
2023-11-02,30.25,30.25,29.9500007629395,30.2000007629395,17500,29.4029560089111
2023-11-03,30.4599990844727,30.5900001525879,30.3299999237061,30.4599990844727,38000,29.6560916900635
2023-11-06,30.7199993133545,30.8490009307861,30.6100006103516,30.7900009155273,20500,29.9773826599121
2023-11-07,30.9300003051758,31.2700004577637,30.8199996948242,31.1499996185303,15100,30.327880859375
2023-11-08,31.2000007629395,31.3400001525879,31.0349998474121,31.3299999237061,37400,30.5031299591064
2023-11-09,31.3899993896484,31.3899993896484,30.8799991607666,30.9990005493164,10800,30.1808662414551
2023-11-10,32.2900009155273,32.2900009155273,31.0289993286133,31.7700004577637,22600,30.9315185546875
2023-11-13,31.75,33.2999992370605,31.4699993133545,31.7600002288818,54000,30.921781539917
2023-11-14,32.939998626709,32.939998626709,32.2799987792969,32.4900016784668,107900,31.6325168609619
2023-11-15,33.0499992370605,33.0499992370605,32.2299995422363,32.3800010681152,41000,31.5254173278809
2023-11-16,32.9799995422363,32.9799995422363,32.2029991149902,32.5900001525879,55300,31.7298755645752
2023-11-17,32.7599983215332,32.7599983215332,32.2299995422363,32.439998626709,32400,31.5838356018066
2023-11-20,32.8600006103516,33.0200004577637,32.5999984741211,33.0200004577637,61900,32.1485290527344
2023-11-21,32.8699989318848,32.8699989318848,32.5999984741211,32.8600006103516,29300,31.9927539825439
2023-11-22,33.0800018310547,33.2599983215332,32.7099990844727,32.8600006103516,34400,31.9927539825439
2023-11-24,32.6199989318848,32.7200012207031,32.5400009155273,32.6399993896484,30400,31.7785549163818
2023-11-27,32.6699981689453,32.8699989318848,32.5699996948242,32.689998626709,63100,31.8272361755371
2023-11-28,32.6699981689453,32.9199981689453,32.4700012207031,32.9199981689453,43200,32.0511665344238
2023-11-29,33.2299995422363,33.2299995422363,32.5999984741211,32.7099990844727,66100,31.8467082977295
2023-11-30,32.7099990844727,32.9199981689453,32.0400009155273,32.189998626709,53600,31.3404312133789
2023-12-01,32.1800003051758,32.25,31.9300003051758,32.189998626709,40100,31.3404312133789
2023-12-04,32.189998626709,32.189998626709,31.3600006103516,31.6299991607666,63400,30.7952117919922
2023-12-05,31.6299991607666,32.2999992370605,31.6000003814697,32.0999984741211,70200,31.2528057098389
2023-12-06,32.4900016784668,32.4900016784668,31.7600002288818,31.8199996948242,57500,30.9801979064941
2023-12-07,32.1500015258789,32.6399993896484,32.0900001525879,32.4599990844727,73000,31.603307723999
2023-12-08,32.2799987792969,32.75,32.2799987792969,32.7200012207031,82300,31.8564453125
2023-12-11,32.6100006103516,32.6100006103516,31.9120006561279,32.2599983215332,108100,31.4085826873779
2023-12-12,32.3699989318848,32.5099983215332,32.060001373291,32.5099983215332,40800,31.651985168457
2023-12-13,32.6300010681152,32.75,32.3899993896484,32.6800003051758,85500,31.8175010681152
2023-12-14,32.9000015258789,33,32.3600006103516,32.7299995422363,88500,31.8661823272705
2023-12-15,32.8400001525879,33.2999992370605,32.6800003051758,33,95200,32.1290550231934
2023-12-18,33.1500015258789,33.6500015258789,33.1500015258789,33.5200004577637,99000,32.6353302001953
2023-12-19,33.5800018310547,33.6800003051758,33.4700012207031,33.6800003051758,84000,32.7911071777344
2023-12-20,33.7700004577637,34.0099983215332,33.2299995422363,33.2799987792969,135800,32.4016647338867
2023-12-21,33.689998626709,33.7299995422363,33.3699989318848,33.7299995422363,105400,32.839786529541
2023-12-22,33.8499984741211,33.8800010681152,33.4599990844727,33.6399993896484,61200,32.7521629333496
2023-12-26,33.7700004577637,34.0200004577637,33.6599998474121,33.7799987792969,70500,32.8884696960449
2023-12-27,33.75,34.0299987792969,33.5999984741211,33.7299995422363,73200,32.9823417663574
2023-12-28,33.8899993896484,34,33.6199989318848,33.7400016784668,83900,32.9921226501465
2023-12-29,33.75,33.8349990844727,33.1399993896484,33.4500007629395,122200,32.7085494995117
2024-01-02,33.2299995422363,33.3199996948242,32.5,32.6800003051758,111600,31.9556159973145
2024-01-03,32.560001373291,32.7299995422363,32.4300003051758,32.5200004577637,61400,31.7991638183594
2024-01-04,32.4000015258789,32.689998626709,32.2249984741211,32.2599983215332,86200,31.5449237823486
2024-01-05,32.1800003051758,32.6300010681152,32.0299987792969,32.3800010681152,99800,31.6622657775879
2024-01-08,32.5999984741211,33.3800010681152,32.4700012207031,33.3800010681152,201100,32.6401023864746
2024-01-09,33.1599998474121,33.4799995422363,32.939998626709,33.3800010681152,142200,32.6401023864746
2024-01-10,33.5,33.9500007629395,33.4500007629395,33.8899993896484,188800,33.1387939453125
2024-01-11,34.1100006103516,34.2900009155273,33.4000015258789,33.8600006103516,132800,33.1094627380371
2024-01-12,34.0299987792969,34.0900001525879,33.6699981689453,33.7900009155273,152700,33.0410118103027
2024-01-16,33.75,33.9500007629395,33.5509986877441,33.7799987792969,128200,33.0312347412109
2024-01-17,33.5200004577637,33.6100006103516,33.0169982910156,33.5699996948242,73900,32.8258895874023
2024-01-18,33.9799995422363,34.0800018310547,33.689998626709,34.0699996948242,118400,33.3148078918457
2024-01-19,34.25,34.6599998474121,34.1199989318848,34.6599998474121,124000,33.8917274475098
2024-01-22,35,35.1300010681152,34.560001373291,34.6100006103516,231000,33.8428344726562
2024-01-23,34.7700004577637,34.8300018310547,34.5699996948242,34.8300018310547,102800,34.0579643249512
2024-01-24,35.2000007629395,35.5099983215332,35.0270004272461,35.1399993896484,286200,34.3610877990723
2024-01-25,35.0200004577637,35.1189994812012,34.568000793457,34.8199996948242,299600,34.0481796264648
2024-01-26,34.8499984741211,35.0200004577637,34.7299995422363,34.8199996948242,168800,34.0481796264648
2024-01-29,35,35.3899993896484,34.8199996948242,35.3899993896484,159800,34.6055450439453
2024-01-30,35.5400009155273,35.5400009155273,35.0800018310547,35.189998626709,198400,34.4099807739258
2024-01-31,34.4799995422363,34.6559982299805,34,34.1100006103516,182200,33.3539199829102
2024-02-01,34.4199981689453,34.6699981689453,34.3650016784668,34.6399993896484,204600,33.8721733093262
2024-02-02,35.6800003051758,36.5900001525879,35.3600006103516,36.5099983215332,338800,35.7007217407227
2024-02-05,36.7299995422363,36.810001373291,36,36.4599990844727,230900,35.6518287658691
2024-02-06,36.5,36.6599998474121,36.060001373291,36.2900009155273,125500,35.4855995178223
2024-02-07,36.5400009155273,36.9900016784668,36.5200004577637,36.9900016784668,257800,36.1700820922852
2024-02-08,37.0299987792969,37.1510009765625,36.8499984741211,37,190600,36.179859161377
2024-02-09,37.2599983215332,37.6300010681152,37,37.5999984741211,257100,36.7665596008301
2024-02-12,37.6800003051758,37.8499984741211,37.1500015258789,37.3499984741211,369200,36.522102355957
2024-02-13,36.5800018310547,37.1300010681152,36,36.7400016784668,331100,35.9256248474121
2024-02-14,37.1199989318848,37.2999992370605,36.7400016784668,37.2999992370605,226600,36.4732093811035
2024-02-15,37.310001373291,37.4500007629395,36.8810005187988,37.3300018310547,181400,36.5025482177734
2024-02-16,37.4500007629395,37.5900001525879,36.8199996948242,37,193000,36.179859161377
2024-02-20,36.7900009155273,36.8899993896484,36.060001373291,36.4199981689453,284600,35.6127128601074
2024-02-21,36.1699981689453,36.4679985046387,35.9700012207031,36.4000015258789,219900,35.5931625366211
2024-02-22,37.689998626709,38.2060012817383,37.4599990844727,38.1500015258789,355700,37.304370880127
2024-02-23,38.4700012207031,38.6650009155273,37.8499984741211,38.0099983215332,284800,37.1674690246582
2024-02-26,38.1100006103516,38.189998626709,37.7599983215332,37.8400001525879,159700,37.0012397766113
2024-02-27,37.9799995422363,37.9900016784668,37.6199989318848,37.9500007629395,177200,37.1088027954102
2024-02-28,37.7700004577637,37.9049987792969,37.6300010681152,37.7099990844727,130700,36.8741188049316
2024-02-29,37.9500007629395,38.25,37.5999984741211,38.2200012207031,176600,37.3728179931641
2024-03-01,38.2200012207031,38.7200012207031,38.1310005187988,38.6300010681152,274000,37.7737312316895
2024-03-04,38.6699981689453,38.6699981689453,38.2900009155273,38.310001373291,252900,37.460823059082
2024-03-05,38.0400009155273,38.0499992370605,37.3600006103516,37.6699981689453,230700,36.8350067138672
2024-03-06,38.0999984741211,38.2000007629395,37.6699981689453,37.9500007629395,197700,37.1088027954102
2024-03-07,38.2799987792969,38.9220008850098,38.0699996948242,38.9000015258789,165500,38.0377464294434
2024-03-08,39.2999992370605,39.6100006103516,38,38.2299995422363,218400,37.3825950622559
2024-03-11,38.0200004577637,38.1500015258789,37.6199989318848,37.6800003051758,157700,36.8447875976562
2024-03-12,38.060001373291,38.9000015258789,37.7620010375977,38.8800010681152,136800,38.0181884765625
2024-03-13,38.7999992370605,38.9199981689453,38.2799987792969,38.5999984741211,109800,37.7443923950195
2024-03-14,38.6699981689453,38.7799987792969,38.2159996032715,38.3699989318848,100800,37.5194892883301
2024-03-15,38.1800003051758,38.3800010681152,37.8699989318848,38.060001373291,118400,37.216365814209
2024-03-18,38.7999992370605,39.1199989318848,38.5400009155273,38.7700004577637,212200,37.9106254577637
2024-03-19,38.5400009155273,38.935001373291,38.0299987792969,38.8699989318848,421400,38.0084075927734
2024-03-20,39.0699996948242,39.4700012207031,38.7799987792969,39.4599990844727,183400,38.5853309631348
2024-03-21,39.939998626709,39.9599990844727,39.2210006713867,39.3300018310547,335900,38.4582138061523
2024-03-22,39.3199996948242,39.8190002441406,39.1300010681152,39.7900009155273,113800,38.908016204834
2024-03-25,39.5900001525879,39.8499984741211,39.3650016784668,39.7000007629395,111200,38.8200149536133
2024-03-26,39.9000015258789,40.023998260498,39.3190002441406,39.3800010681152,271400,38.5071067810059
2024-03-27,39.6500015258789,39.6749992370605,38.9370002746582,39.1800003051758,124800,38.3115348815918
2024-03-28,39.2299995422363,39.2680015563965,38.9000015258789,39.1500015258789,136800,38.2822036743164
2024-04-01,39.1599998474121,39.5,38.9599990844727,39.2799987792969,96000,38.4093208312988
2024-04-02,38.6100006103516,38.9339981079102,38.4000015258789,38.8699989318848,159400,38.0084075927734
2024-04-03,38.7900009155273,39.2299995422363,38.7000007629395,39.1599998474121,90500,38.2919807434082
2024-04-04,39.439998626709,39.8499984741211,38.6800003051758,38.6800003051758,143900,37.8226203918457
2024-04-05,38.8199996948242,39.4099998474121,38.7599983215332,39.25,123000,38.3799858093262
2024-04-08,39.4900016784668,39.6279983520508,39.2999992370605,39.4199981689453,52600,38.546215057373
2024-04-09,39.5999984741211,39.6800003051758,39.0900001525879,39.4199981689453,79200,38.546215057373
2024-04-10,39.0999984741211,39.4000015258789,39.0499992370605,39.3400001525879,63700,38.4679908752441
2024-04-11,39.5999984741211,40.3699989318848,39.2200012207031,40.3199996948242,158100,39.42626953125
2024-04-12,39.9599990844727,40.1020011901855,39.4900016784668,39.5900001525879,216200,38.7124519348145
2024-04-15,39.9700012207031,39.9700012207031,38.6500015258789,38.6500015258789,312000,37.7932891845703
2024-04-16,38.2200012207031,38.7529983520508,38.2000007629395,38.4099998474121,244900,37.5586051940918
2024-04-17,38.7799987792969,38.7799987792969,37.9199981689453,38,130600,37.1576957702637
2024-04-18,38,38.2299995422363,37.6520004272461,37.7999992370605,154400,36.9621238708496
2024-04-19,37.5,37.625,36.4000015258789,36.5499992370605,1282400,35.7398338317871
2024-04-22,36.689998626709,37.1049995422363,36.3460006713867,36.8899993896484,188200,36.0722999572754
2024-04-23,37.1599998474121,37.6199989318848,37.1100006103516,37.6199989318848,90700,36.7861175537109
2024-04-24,38.439998626709,38.4700012207031,37.5299987792969,38.0299987792969,265500,37.1870269775391
2024-04-25,36.3899993896484,37.5550003051758,36.2400016784668,37.4599990844727,172900,36.6296615600586
2024-04-26,38.6199989318848,38.9000015258789,38.189998626709,38.7200012207031,446100,37.8617324829102
2024-04-29,39.5,39.5200004577637,38.9000015258789,39.3300018310547,371200,38.4582138061523
2024-04-30,39.0400009155273,39.3400001525879,38.25,38.25,118400,37.4021530151367
2024-05-01,38.560001373291,39.2200012207031,38.1199989318848,38.2799987792969,197800,37.4314842224121
2024-05-02,38.75,38.9900016784668,38.1500015258789,38.9500007629395,99800,38.0866355895996
2024-05-03,39.9000015258789,39.9249992370605,39.4329986572266,39.7799987792969,421400,38.8982391357422
2024-05-06,39.9900016784668,40.3800010681152,39.75,40.3800010681152,213700,39.4849395751953
2024-05-07,40.4500007629395,40.4939994812012,40.0299987792969,40.2099990844727,269900,39.3187065124512
2024-05-08,39.7220001220703,40.1599998474121,39.7000007629395,40.0099983215332,283100,39.1231384277344
2024-05-09,40.1800003051758,40.1800003051758,39.7700004577637,40,91000,39.1133613586426
2024-05-10,40.1599998474121,40.1599998474121,39.560001373291,39.7999992370605,208500,38.9177932739258
2024-05-13,39.9300003051758,39.9599990844727,39.5919990539551,39.9500007629395,248300,39.0644721984863
2024-05-14,39.8400001525879,40.4900016784668,39.8009986877441,40.4099998474121,146000,39.514274597168
2024-05-15,40.6599998474121,40.8499984741211,40.25,40.8300018310547,170500,39.9249649047852
2024-05-16,40.8199996948242,41.0289993286133,40.689998626709,40.689998626709,187600,39.7880668640137
2024-05-17,40.6699981689453,40.8790016174316,40.5099983215332,40.7700004577637,115500,39.8662948608398
2024-05-20,40.8899993896484,41.0699996948242,40.7900009155273,40.8899993896484,148200,39.9836349487305
2024-05-21,40.7900009155273,41.4099998474121,40.6599998474121,41.3899993896484,143700,40.4725494384766
2024-05-22,41.3300018310547,41.3600006103516,40.7999992370605,41,157400,40.0911979675293
2024-05-23,41.7599983215332,41.7599983215332,40.8499984741211,41.0699996948242,168300,40.1596412658691
2024-05-24,41.2900009155273,41.75,41.0740013122559,41.7200012207031,232200,40.7952346801758
2024-05-28,41.8699989318848,42.2200012207031,41.7000007629395,42.2099990844727,297900,41.2743721008301
2024-05-29,41.9700012207031,42.3600006103516,41.8440017700195,42.1399993896484,332900,41.205924987793
2024-05-30,42.1500015258789,42.1500015258789,41.2799987792969,41.4099998474121,171900,40.4921073913574
2024-05-31,41.6199989318848,41.6199989318848,40.5200004577637,41.3800010681152,182100,40.462776184082
2024-06-03,41.7299995422363,42.0200004577637,41.3499984741211,41.8800010681152,292900,40.9516906738281
2024-06-04,41.9199981689453,42.1300010681152,41.6100006103516,42.0099983215332,569300,41.0788078308105
2024-06-05,42.3800010681152,42.8699989318848,42.2099990844727,42.8699989318848,348200,41.9197463989258
2024-06-06,42.9500007629395,43.1599998474121,42.6230010986328,42.9799995422363,396300,42.0273056030273
2024-06-07,42.9799995422363,43.1500015258789,42.7400016784668,42.9000015258789,143700,41.9490814208984
2024-06-10,42.9300003051758,43.1199989318848,42.689998626709,43,159600,42.0468635559082
2024-06-11,43.0999984741211,43.4799995422363,42.7760009765625,43.4799995422363,271600,42.5162239074707
2024-06-12,43.8600006103516,44.7099990844727,43.7089996337891,44.310001373291,529600,43.3278274536133
2024-06-13,44.8499984741211,44.9900016784668,44.3120002746582,44.4799995422363,468700,43.4940567016602
2024-06-14,44.5099983215332,44.6599998474121,44.2200012207031,44.5400009155273,258300,43.5527305603027
2024-06-17,44.4300003051758,45.4199981689453,44.3699989318848,45.0800018310547,703000,44.0807609558105
2024-06-18,45.0699996948242,45.0800018310547,44.6699981689453,44.9500007629395,395800,43.9536437988281
2024-06-20,45.2599983215332,45.2999992370605,44.2210006713867,44.5499992370605,489800,43.5625076293945
2024-06-21,44.4799995422363,44.810001373291,44.2000007629395,44.4099998474121,291200,43.425609588623
2024-06-24,44.5,44.6800003051758,43.7799987792969,43.7799987792969,290000,42.8095703125
2024-06-25,44.0499992370605,44.9700012207031,44.0499992370605,44.9300003051758,367600,43.9340858459473
2024-06-26,44.8400001525879,45.6339988708496,44.8199996948242,45.6199989318848,506900,44.6087913513184
2024-06-27,45.6100006103516,46,45.4199981689453,45.810001373291,949100,44.7945823669434
2024-06-28,46.0099983215332,46.257999420166,45.1100006103516,45.1100006103516,573700,44.1100959777832
2024-07-01,45.5,46.2099990844727,45.0299987792969,46.0999984741211,962600,45.0781478881836
2024-07-02,46.1199989318848,47.1500015258789,46.0460014343262,47.1500015258789,1263000,46.1048774719238
2024-07-03,47.1300010681152,47.939998626709,47.0999984741211,47.939998626709,843600,46.8773612976074
2024-07-05,48.0699996948242,48.9599990844727,48.0099983215332,48.8600006103516,1736400,47.776969909668
2024-07-08,48.8800010681152,49.1599998474121,48.5400009155273,48.8400001525879,1377500,47.7574157714844
2024-07-09,49,49.4300003051758,48.9500007629395,49.3300018310547,1232200,48.2365570068359
2024-07-10,49.5200004577637,49.9599990844727,49.2999992370605,49.8400001525879,1465300,48.7352523803711
2024-07-11,49.7999992370605,49.8520011901855,47.2900009155273,47.5999984741211,2492200,46.5448989868164
2024-07-12,47.2999992370605,48.4000015258789,47.2299995422363,47.9099998474121,892200,46.848030090332
2024-07-15,48.3300018310547,48.9500007629395,47.8699989318848,48.060001373291,805900,46.9947052001953
2024-07-16,48.439998626709,48.5400009155273,47.4799995422363,47.8499984741211,959300,46.7893562316895
2024-07-17,46.9799995422363,47.0849990844727,46.1699981689453,46.2700004577637,1054500,45.244384765625
2024-07-18,46.8600006103516,47,45.810001373291,46.25,567700,45.2248268127441
2024-07-19,46.064998626709,46.4370002746582,45.5309982299805,45.6300010681152,567600,44.6185684204102
2024-07-22,46.4199981689453,46.9900016784668,46.2400016784668,46.7400016784668,1101500,45.7039642333984
2024-07-23,46.8899993896484,47.189998626709,46.6500015258789,46.7099990844727,436500,45.6746292114258
2024-07-24,45.1199989318848,45.1800003051758,43.8650016784668,43.8800010681152,1130900,42.9073600769043
2024-07-25,44.0499992370605,44.5499992370605,42.8199996948242,43.439998626709,1293100,42.477108001709
2024-07-26,43.9099998474121,44.189998626709,43.3600006103516,43.8899993896484,468100,42.9171371459961
2024-07-29,44.2299995422363,44.7799987792969,44.0400009155273,44.3499984741211,822000,43.3669395446777
2024-07-30,44.5200004577637,44.5200004577637,42.9599990844727,43.4500007629395,534900,42.486888885498
2024-07-31,44.4700012207031,45.0900001525879,44.2999992370605,44.9500007629395,837100,43.9536437988281
2024-08-01,45.5800018310547,46.0499992370605,43.6300010681152,44.0099983215332,848700,43.0344734191895
2024-08-02,42.6800003051758,43.3600006103516,42.1300010681152,42.5099983215332,1525100,41.5677261352539
2024-08-05,38.75,41.6599998474121,38.5099983215332,40.8899993896484,1579400,39.9836349487305
2024-08-06,41.2599983215332,42.0970001220703,40.4109992980957,41.4000015258789,679000,40.4823303222656
2024-08-07,42.1100006103516,42.3600006103516,40.7999992370605,40.8199996948242,599300,39.9151840209961
2024-08-08,41.5999984741211,42.2200012207031,40.9799995422363,42.1300010681152,445200,41.1961479187012
2024-08-09,41.9199981689453,42.4900016784668,41.810001373291,42.439998626709,423500,41.4992752075195
2024-08-12,42.5999984741211,42.8199996948242,42.2849998474121,42.560001373291,375200,41.6166152954102
2024-08-13,42.9500007629395,43.8800010681152,42.9500007629395,43.8400001525879,551100,42.8682441711426
2024-08-14,43.9599990844727,44.0499992370605,43.1100006103516,43.5200004577637,569200,42.5553398132324
2024-08-15,44.0999984741211,44.9000015258789,44.0499992370605,44.8800010681152,648600,43.8851928710938
2024-08-16,44.6399993896484,45.1100006103516,44.5200004577637,44.939998626709,410700,43.9438591003418
2024-08-19,45.0200004577637,45.6699981689453,44.810001373291,45.6699981689453,654800,44.6576766967773
2024-08-20,45.6800003051758,45.943000793457,45.2900009155273,45.5299987792969,479300,44.5207824707031
2024-08-21,45.5699996948242,45.9799995422363,45.3409996032715,45.7599983215332,543000,44.7456855773926
2024-08-22,45.9500007629395,46.0800018310547,44.5400009155273,44.5900001525879,782200,43.601619720459
2024-08-23,45.060001373291,45.6699981689453,44.7900009155273,45.4300003051758,803800,44.4230003356934
2024-08-26,45.3199996948242,45.4000015258789,44.4000015258789,44.8199996948242,660900,43.8265228271484
2024-08-27,44.5900001525879,44.8489990234375,44.2700004577637,44.6699981689453,387300,43.6798439025879
2024-08-28,44.7000007629395,44.7910003662109,43.75,44.1199989318848,639100,43.1420364379883
2024-08-29,44.3400001525879,44.9500007629395,43.7900009155273,43.9199981689453,680100,42.9464721679688
2024-08-30,44.1800003051758,44.6399993896484,43.9700012207031,44.6399993896484,443900,43.6505088806152
2024-09-03,44.3600006103516,44.4199981689453,42.9609985351562,43.1500015258789,699600,42.1935386657715
2024-09-04,42.7799987792969,43.6699981689453,42.7799987792969,43.2599983215332,690800,42.301097869873
2024-09-05,43.3400001525879,44.5499992370605,43.3400001525879,43.9300003051758,755200,42.9562492370605
2024-09-06,44.189998626709,44.2700004577637,42.2200012207031,42.2200012207031,899600,41.2841567993164
2024-09-09,42.7999992370605,43.0690002441406,42.3899993896484,42.8199996948242,397500,41.8708534240723
2024-09-10,43.1800003051758,43.5499992370605,42.7859992980957,43.4799995422363,1030300,42.5162239074707
2024-09-11,43.6599998474121,44.5900001525879,42.7299995422363,44.560001373291,804000,43.5722846984863
2024-09-12,44.6100006103516,45.2099990844727,44.4500007629395,45.1500015258789,582700,44.1492080688477
2024-09-13,45.060001373291,45.3380012512207,44.939998626709,45.25,814100,44.2469902038574
2024-09-16,44.8499984741211,44.9500007629395,44.3400001525879,44.8499984741211,416100,43.8558540344238
2024-09-17,45.3600006103516,45.5999984741211,44.8499984741211,45.1300010681152,520200,44.1296501159668
2024-09-18,45.2700004577637,45.7999992370605,44.9199981689453,45.0499992370605,634800,44.0514221191406
2024-09-19,46.2099990844727,46.8300018310547,46.0699996948242,46.7200012207031,1055400,45.6844062805176
2024-09-20,46.6800003051758,46.8400001525879,46.0999984741211,46.5,792600,45.4692840576172
2024-09-23,46.7299995422363,47.0099983215332,46.6100006103516,46.8600006103516,524000,45.8213043212891
2024-09-24,47.189998626709,47.2400016784668,46.4199981689453,47.2299995422363,576500,46.1831016540527
2024-09-25,47.1800003051758,47.5499992370605,47.0800018310547,47.4500007629395,556800,46.3982238769531
2024-09-26,48.0499992370605,48.0499992370605,47.0400009155273,47.3400001525879,1152500,46.2906646728516
2024-09-27,47.5499992370605,47.5499992370605,47.1300010681152,47.3400001525879,462300,46.2906646728516
2024-09-30,47.1100006103516,47.6800003051758,47.023998260498,47.6800003051758,479200,46.6231269836426
2024-10-01,47.689998626709,47.7200012207031,46.4799995422363,46.9700012207031,786100,45.9288635253906
2024-10-02,46.5800018310547,46.8800010681152,46.25,46.7200012207031,744100,45.6844062805176
2024-10-03,46.5200004577637,47.0400009155273,46.4210014343262,46.689998626709,296200,45.6550712585449
2024-10-04,47.2900009155273,47.5,46.7999992370605,47.5,593300,46.4471168518066
2024-10-07,47.3300018310547,47.4500007629395,46.5900001525879,46.6100006103516,510200,45.5768432617188
2024-10-08,47.060001373291,47.5,46.9000015258789,47.4500007629395,610600,46.3982238769531
2024-10-09,47.5200004577637,47.5400009155273,47.0699996948242,47.4500007629395,483700,46.3982238769531
2024-10-10,47.3600006103516,47.6599998474121,47.0250015258789,47.4599990844727,466700,46.4080047607422
2024-10-11,46.8899993896484,47.2599983215332,46.6949996948242,47,528400,45.9582023620605
2024-10-14,47.3800010681152,47.7299995422363,47.3499984741211,47.4900016784668,500100,46.4373435974121
2024-10-15,47.6500015258789,47.7350006103516,46.75,47.1100006103516,552900,46.0657653808594
2024-10-16,47.0900001525879,47.2200012207031,46.6699981689453,47.1699981689453,489300,46.1244316101074
2024-10-17,47.6500015258789,47.7000007629395,47.0800018310547,47.1800003051758,397600,46.1342086791992
2024-10-18,47.4500007629395,47.5779991149902,47.3300018310547,47.3899993896484,347400,46.3395538330078
2024-10-21,47.2400016784668,47.75,47.1399993896484,47.75,501700,46.6915740966797
2024-10-22,47.3800010681152,48.0800018310547,47.3209991455078,47.9900016784668,528200,46.9262580871582
2024-10-23,47.8199996948242,47.8499984741211,46.6119995117188,46.9099998474121,635600,45.8701934814453
2024-10-24,47.9199981689453,48.4160003662109,47.6640014648438,48.3499984741211,1084200,47.2782745361328
2024-10-25,48.4099998474121,49.2700004577637,48.4000015258789,48.9500007629395,1273800,47.8649787902832
2024-10-28,49.4900016784668,49.5,48.8600006103516,48.8899993896484,1001900,47.8063049316406
2024-10-29,49,49.4199981689453,48.75,49.3400001525879,729400,48.2463302612305
2024-10-30,49.9099998474121,49.9799995422363,49.2540016174316,49.3600006103516,1209600,48.2658882141113
2024-10-31,48.689998626709,48.7200012207031,47.4599990844727,47.4599990844727,1139600,46.4080047607422
2024-11-01,47.9199981689453,48.4300003051758,47.9199981689453,48.0200004577637,825300,46.9555892944336
2024-11-04,47.7999992370605,48.0699996948242,47.382999420166,47.6399993896484,604200,46.5840110778809
2024-11-05,47.8699989318848,48.6100006103516,47.8699989318848,48.4599990844727,656500,47.3858375549316
2024-11-06,49.6300010681152,50.4500007629395,49.4799995422363,50.439998626709,1540100,49.321949005127
2024-11-07,50.6500015258789,51.6800003051758,50.6300010681152,51.5800018310547,1268900,50.4366836547852
2024-11-08,51.5999984741211,52.0900001525879,51.4900016784668,51.9099998474121,978200,50.7593650817871
2024-11-11,52.5099983215332,52.5800018310547,51.7400016784668,52.3300018310547,1354000,51.1700592041016
2024-11-12,52.3199996948242,52.5289993286133,51.7999992370605,52.1500015258789,810000,50.9940490722656
2024-11-13,52.2299995422363,52.4900016784668,51.7700004577637,52.1100006103516,739400,50.9549293518066
2024-11-14,52.1199989318848,52.25,51.3499984741211,51.4599990844727,1127500,50.3193359375
2024-11-15,50.8600006103516,51.0699996948242,50.1349983215332,50.4599990844727,1184500,49.3415031433105
2024-11-18,50.9799995422363,51.4199981689453,50.7849998474121,51.0900001525879,925200,49.9575424194336
2024-11-19,50.8400001525879,52.0200004577637,50.7999992370605,52.0200004577637,935800,50.8669281005859
2024-11-20,51.9199981689453,51.9300003051758,50.9099998474121,51.689998626709,952400,50.5442390441895
2024-11-21,52.0299987792969,52.0999984741211,50.3499984741211,51.0999984741211,1209100,49.9673194885254
2024-11-22,51.0299987792969,51.25,50.7299995422363,51.0400009155273,659600,49.9086494445801
2024-11-25,51.5800018310547,51.7299995422363,50.6800003051758,50.7799987792969,919200,49.654411315918
2024-11-26,50.9300003051758,51.5880012512207,50.9199981689453,51.4500007629395,804500,50.3095626831055
2024-11-27,51.3600006103516,51.3899993896484,50.5900001525879,51,1021400,49.8695335388184
2024-11-29,51.1500015258789,51.75,50.9099998474121,51.75,507500,50.602912902832
2024-12-02,52,52.757999420166,51.9799995422363,52.6800003051758,1551900,51.5122985839844
2024-12-03,52.5299987792969,53.0400009155273,52.3899993896484,52.9599990844727,928000,51.7860908508301
2024-12-04,53.310001373291,53.8899993896484,53.2000007629395,53.8899993896484,1556500,52.6954765319824
2024-12-05,54.1199989318848,54.4900016784668,54.0499992370605,54.2299995422363,1145100,53.0279388427734
2024-12-06,54.4099998474121,55.0900001525879,54.2900009155273,55.0900001525879,1355200,53.8688774108887
2024-12-09,55.0800018310547,55.2900009155273,54.4199981689453,54.9099998474121,1550400,53.6928672790527
2024-12-10,55.3800010681152,56.2200012207031,55.2000007629395,55.4599990844727,2903200,54.2306747436523
2024-12-11,55.9700012207031,57.1399993896484,55.8849983215332,57.1399993896484,3586600,55.8734359741211
2024-12-12,56.9900016784668,57.2449989318848,56.5900001525879,56.6699981689453,3858200,55.4138526916504
2024-12-13,56.6699981689453,56.9599990844727,56.0900001525879,56.6199989318848,2299700,55.3649635314941
2024-12-16,57.1399993896484,58.0299987792969,56.7799987792969,57.9500007629395,2632100,56.6654815673828
2024-12-17,58.1199989318848,58.3250007629395,57.5999984741211,58.2400016784668,2462500,56.9490547180176
2024-12-18,58,58.689998626709,55.4000015258789,55.6699981689453,3827900,54.4360198974609
2024-12-19,56.8400001525879,56.8899993896484,55.7299995422363,55.8400001525879,3786800,54.6022529602051
2024-12-20,55.0699996948242,56.8400001525879,54.6399993896484,55.9099998474121,2749100,54.6707000732422
2024-12-23,56.3499984741211,56.8300018310547,55.625,56.7599983215332,2493400,55.5018577575684
2024-12-24,56.9300003051758,58.0800018310547,56.9099998474121,58.0800018310547,2603500,56.7926025390625
2024-12-26,58.0099983215332,58.0099983215332,57.3499984741211,57.6699981689453,2560300,56.3916893005371
2024-12-27,57.2299995422363,57.2599983215332,55.75,56.3300018310547,2750300,55.0813903808594
2024-12-30,54.9850006103516,55.7190017700195,54.8199996948242,55.189998626709,2565900,54.3915176391602
2024-12-31,55.4099998474121,55.5299987792969,54.3199996948242,54.4199981689453,2006400,53.6326599121094
2025-01-02,54.5800018310547,54.9500007629395,53.5200004577637,54.1599998474121,2345300,53.3764228820801
2025-01-03,54.6599998474121,55.5400009155273,54.5499992370605,55.5400009155273,2547400,54.736457824707
2025-01-06,56.3199996948242,56.9490013122559,56.1710014343262,56.6599998474121,3194400,55.8402519226074
2025-01-07,56.7299995422363,56.8300018310547,54.9199981689453,55.1500015258789,3092300,54.3521003723145
2025-01-08,55.1699981689453,55.5579986572266,54.5699996948242,55.0400009155273,1731700,54.2436904907227
2025-01-10,54.7000007629395,54.9900016784668,53.6300010681152,54.3800010681152,2316900,53.5932388305664
2025-01-13,53.4199981689453,54.1599998474121,53.1599998474121,54.1100006103516,1902800,53.3271446228027
2025-01-14,54.5999984741211,54.7150001525879,53.2400016784668,53.5699996948242,2038400,52.7949562072754
2025-01-15,54.5999984741211,55.5900001525879,54.3400001525879,55.5099983215332,3018900,54.7068901062012
2025-01-16,55.4900016784668,55.5,54.4300003051758,54.4500007629395,2183000,53.6622276306152
2025-01-17,55.5999984741211,55.810001373291,55.060001373291,55.439998626709,2824000,54.6379013061523
2025-01-21,55.7350006103516,55.7700004577637,54.7799987792969,55.5900001525879,2574200,54.7857322692871
2025-01-22,55.9300003051758,56.6699981689453,55.9300003051758,56.439998626709,2227800,55.6234321594238
2025-01-23,56.2700004577637,56.560001373291,56.0999984741211,56.560001373291,1391700,55.74169921875
2025-01-24,56.6599998474121,56.9690017700195,56.1150016784668,56.3199996948242,1641900,55.5051727294922
2025-01-27,53.8800010681152,55.1549987792969,53.7999992370605,54.5800018310547,3502700,53.7903480529785
2025-01-28,54.9300003051758,56.2900009155273,54.5499992370605,56.2200012207031,2720200,55.4066200256348
2025-01-29,55.9799995422363,55.9799995422363,55.0900001525879,55.6399993896484,1819200,54.8350105285645
2025-01-30,55.9599990844727,56.0800018310547,54.75,55.6300010681152,1747000,54.8251571655273
2025-01-31,56.1800003051758,56.7900009155273,55.4500007629395,55.6500015258789,2284700,54.8448677062988
2025-02-03,54.2200012207031,55.1500015258789,54,54.7000007629395,2826400,53.9086112976074
2025-02-04,54.9799995422363,55.75,54.8600006103516,55.6800003051758,1396200,54.8744316101074
2025-02-05,54.7299995422363,55.0320014953613,54.560001373291,54.8899993896484,2216600,54.0958595275879
2025-02-06,55.0400009155273,55.4199981689453,54.8199996948242,55.4199981689453,1472500,54.6181907653809
2025-02-07,55.0900001525879,55.5180015563965,54.2350006103516,54.310001373291,2628300,53.5242538452148
2025-02-10,54.560001373291,55.0699996948242,54.5149993896484,54.6300010681152,1794000,53.8396224975586
2025-02-11,54.3499984741211,54.7449989318848,54,54.310001373291,1306500,53.5242538452148
2025-02-12,53.8199996948242,54.5900001525879,53.7099990844727,54.2999992370605,1623300,53.5143966674805
2025-02-13,54.4799995422363,55.310001373291,54.3499984741211,55.2799987792969,1744700,54.4802169799805
2025-02-14,55.2400016784668,55.6399993896484,55.1399993896484,55.5499992370605,1528500,54.7463111877441
2025-02-18,55.7200012207031,55.8269996643066,54.6720008850098,55.1199989318848,1589600,54.3225326538086
2025-02-19,55,55.3899993896484,54.8230018615723,55.2700004577637,1410800,54.4703636169434
2025-02-20,55.1500015258789,55.2799987792969,54.5099983215332,54.9900016784668,1304900,54.1944160461426
2025-02-21,55.1199989318848,55.2099990844727,53.5400009155273,53.6100006103516,2108800,52.8343811035156
2025-02-24,53.8800010681152,54.1599998474121,52.7700004577637,52.7999992370605,1951600,52.0360984802246
2025-02-25,52.5699996948242,52.6310005187988,51.0999984741211,51.7200012207031,2611400,50.9717254638672
2025-02-26,52.0200004577637,52.5299987792969,51.439998626709,51.7700004577637,1745600,51.0209999084473
2025-02-27,52.3499984741211,52.4500007629395,50.1049995422363,50.1199989318848,2905900,49.3948707580566
2025-02-28,50,51.2299995422363,49.3800010681152,51.2099990844727,2832300,50.4691009521484
2025-03-03,51.4700012207031,51.6399993896484,49.060001373291,49.5099983215332,2680100,48.7936973571777
2025-03-04,48.6300010681152,50.2070007324219,48.1199989318848,49.2799987792969,3555100,48.567024230957
2025-03-05,49.5200004577637,50.3600006103516,48.8699989318848,50.2299995422363,2386200,49.5032806396484
2025-03-06,49.25,49.9099998474121,48.4099998474121,48.7299995422363,3167100,48.0249824523926
2025-03-07,48.4900016784668,49.2000007629395,47.5299987792969,48.8600006103516,2961200,48.1531028747559
2025-03-10,47.6699981689453,47.7400016784668,45.7999992370605,46.3300018310547,4173000,45.6597061157227
2025-03-11,46.1199989318848,47.2610015869141,45.810001373291,46.5099983215332,3778900,45.837100982666
2025-03-12,47.7700004577637,47.9500007629395,46.7729988098145,47.5800018310547,2934500,46.8916206359863
2025-03-13,47.560001373291,47.5699996948242,46.0900001525879,46.310001373291,2054500,45.6399955749512
2025-03-14,47.060001373291,47.7299995422363,46.75,47.6699981689453,4057400,46.9803161621094
2025-03-17,47.6399993896484,47.75,46.7299995422363,47.189998626709,2624200,46.5072631835938
2025-03-18,46.6399993896484,46.689998626709,45.6699981689453,45.9799995422363,3621700,45.314769744873
2025-03-19,46.3499984741211,47.2900009155273,46.1720008850098,46.75,2977700,46.0736274719238
2025-03-20,46.3899993896484,47.5099983215332,46.2299995422363,46.6800003051758,2877700,46.0046424865723
2025-03-21,46.189998626709,47.3800010681152,46.189998626709,47.310001373291,2569500,46.6255264282227
2025-03-24,48.3199996948242,48.9500007629395,48.1580009460449,48.8699989318848,3344400,48.162956237793
2025-03-25,49.1399993896484,49.4599990844727,48.8300018310547,49.4599990844727,2546400,48.7444190979004
2025-03-26,49.189998626709,49.189998626709,47.7649993896484,47.939998626709,3572300,47.246410369873
2025-03-27,47.6699981689453,48.5,47.5950012207031,47.7400016784668,2568300,47.0493087768555
2025-03-28,47.4700012207031,47.6459999084473,45.939998626709,46.0299987792969,3623200,45.3640441894531
2025-03-31,45,46.0499992370605,44.3600006103516,45.8600006103516,3602700,45.1965065002441
2025-04-01,45.7099990844727,46.9850006103516,45.6599998474121,46.689998626709,3223000,46.0144958496094
2025-04-02,45.6800003051758,47.5499992370605,45.5499992370605,47.1800003051758,3457200,46.4974060058594
2025-04-03,44.5,44.8800010681152,43.8800010681152,43.939998626709,5213400,43.3042831420898
2025-04-04,42.2999992370605,43.0349998474121,41.2799987792969,41.3600006103516,5834800,40.7616119384766
2025-04-07,39.2999992370605,43.6020011901855,39,41.4700012207031,7336400,40.8700218200684
2025-04-08,43.3600006103516,43.7589988708496,39.9090003967285,40.5,5559100,39.9140510559082
2025-04-09,40.5900001525879,46.6749992370605,40.5900001525879,46.4199981689453,8761200,45.7484016418457
2025-04-10,44.9700012207031,45.1650009155273,42.5900001525879,44.0200004577637,4908800,43.3831253051758
2025-04-11,43.7750015258789,44.9500007629395,43.4799995422363,44.8600006103516,3823900,44.2109718322754
2025-04-14,46.0999984741211,46.1599998474121,44.3899993896484,44.8699989318848,2723200,44.2208290100098
2025-04-15,44.7999992370605,45.125,44.3199996948242,44.5499992370605,2145400,43.9054565429688
2025-04-16,43.4199981689453,43.7999992370605,42.0449981689453,42.7799987792969,3296600,42.1610641479492
2025-04-17,43.0800018310547,43.2029991149902,42.2000007629395,42.4799995422363,2099500,41.865406036377
2025-04-21,41.5299987792969,41.6160011291504,40.5800018310547,41.060001373291,2812900,40.4659538269043
2025-04-22,41.6399993896484,42.810001373291,41.4900016784668,42.4099998474121,2415100,41.7964172363281
2025-04-23,44.3499984741211,44.7700004577637,43.632999420166,43.8300018310547,3166000,43.1958770751953
2025-04-24,43.9199981689453,45.1399993896484,43.8790016174316,45.1199989318848,2957900,44.4672088623047
2025-04-25,45.5699996948242,46.6300010681152,45.2200012207031,46.4900016784668,3434100,45.8173904418945
2025-04-28,46.7299995422363,46.8300018310547,45.4799995422363,46.310001373291,2038400,45.6399955749512
2025-04-29,46.0900001525879,46.6599998474121,45.7949981689453,46.5900001525879,1285900,45.915943145752
2025-04-30,45.4700012207031,46.2700004577637,44.7799987792969,45.9900016784668,2375700,45.3246269226074
2025-05-01,47.6199989318848,48.1199989318848,47.2599983215332,47.4500007629395,3746800,46.763500213623
2025-05-02,47.8499984741211,48.4300003051758,47.375,48.0400009155273,3196700,47.3449668884277
2025-05-05,47.5299987792969,47.8899993896484,47.2799987792969,47.5400009155273,1490200,46.8521995544434
2025-05-06,46.9000015258789,47.5099983215332,46.8400001525879,47.1500015258789,1471800,46.4678421020508
2025-05-07,47.3499984741211,47.5449981689453,46.2750015258789,46.9700012207031,2396600,46.2904472351074
2025-05-08,47.7099990844727,48.1800003051758,47.189998626709,47.6699981689453,1871600,46.9803161621094
2025-05-09,47.9500007629395,48.4000015258789,47.6599998474121,47.8899993896484,1312800,47.197135925293
2025-05-12,50.560001373291,50.6699981689453,49.7299995422363,50.6699981689453,3872500,49.9369125366211
2025-05-13,50.9500007629395,51.984001159668,50.7319984436035,51.7999992370605,3410800,51.0505638122559
2025-05-14,52.2999992370605,52.8800010681152,52.0400009155273,52.75,2663400,51.9868202209473
2025-05-15,52.25,52.6080017089844,51.7900009155273,52.1500015258789,2083800,51.3955039978027
2025-05-16,52.4300003051758,52.560001373291,51.8199996948242,52.439998626709,2111700,51.6813049316406
2025-05-19,51.3699989318848,52.3400001525879,51.3600006103516,52.2700004577637,1961600,51.5137672424316
2025-05-20,52.2299995422363,52.4300003051758,51.6300010681152,51.9900016784668,1222900,51.2378196716309
2025-05-21,51.6199989318848,52.5800018310547,51.2000007629395,51.4199981689453,2748300,50.6760635375977
2025-05-22,51.5,52.3600006103516,51.3800010681152,51.8800010681152,2482000,51.1294097900391
2025-05-23,50.9000015258789,51.5499992370605,50.7700004577637,51.1399993896484,3094900,50.4001159667969
2025-05-27,52.0099983215332,52.9199981689453,51.9809989929199,52.9199981689453,2843100,52.1543617248535
2025-05-28,53,53.189998626709,52.5099983215332,52.5800018310547,1970900,51.8192825317383
2025-05-29,53.7000007629395,53.7099990844727,52.6300010681152,52.9000015258789,2720600,52.134651184082
2025-05-30,52.6500015258789,52.8400001525879,51.6599998474121,52.3499984741211,2995300,51.5926055908203
2025-06-02,52.0099983215332,52.7599983215332,51.9199981689453,52.7299995422363,2237100,51.9671096801758
2025-06-03,52.7999992370605,53.3499984741211,52.560001373291,52.8600006103516,1905400,52.0952301025391
2025-06-04,53.0200004577637,53.1399993896484,52.5400009155273,52.9500007629395,1303700,52.1839294433594
2025-06-05,52.939998626709,53.189998626709,51.2400016784668,51.560001373291,3873700,50.8140411376953
2025-06-06,52.5699996948242,52.9799995422363,52.5400009155273,52.7000007629395,2788800,51.9375457763672
2025-06-09,52.6800003051758,53.3349990844727,52.5699996948242,53.2700004577637,1844800,52.4992980957031
2025-06-10,53.4900016784668,54,53.2799987792969,54,2324700,53.2187385559082
2025-06-11,54.3600006103516,54.3899993896484,53.3499984741211,53.5400009155273,2079000,52.7653923034668
2025-06-12,53.25,53.75,53.25,53.5099983215332,2048100,52.7358245849609
2025-06-13,52.9000015258789,53.689998626709,52.7449989318848,53.1500015258789,3264700,52.3810348510742
2025-06-16,53.6399993896484,54.0800018310547,53.5,54.0099983215332,1432700,53.2285919189453
2025-06-17,53.7000007629395,53.8400001525879,53.2799987792969,53.3499984741211,1286800,52.5781402587891
2025-06-18,53.4000015258789,53.9049987792969,53.2700004577637,53.439998626709,1251300,52.6668357849121
2025-06-20,53.7999992370605,54,52.7719993591309,52.8600006103516,2004700,52.0952301025391
2025-06-23,52.9900016784668,54,52.7700004577637,53.9099998474121,2293700,53.1300392150879
2025-06-24,54.5299987792969,54.5299987792969,54.0800018310547,54.2999992370605,1624900,53.5143966674805
2025-06-25,54.6199989318848,54.7700004577637,54.2200012207031,54.5,1767800,53.7115020751953
2025-06-26,54.75,55.2000007629395,54.451000213623,55.0099983215332,3875400,54.2141227722168
2025-06-27,55.2200012207031,55.6199989318848,54.7700004577637,55.5800018310547,2918500,54.77587890625
2025-06-30,55.9000015258789,55.9000015258789,55.2050018310547,55.4700012207031,1772500,54.6674690246582
2025-07-01,55,55.257999420166,54.3899993896484,54.6300010681152,2445600,53.8396224975586
2025-07-02,54.8800010681152,55.4599990844727,54.7299995422363,55.4300003051758,1490600,54.6280479431152
2025-07-03,55.7700004577637,56,55.5999984741211,55.9300003051758,1128200,55.1208152770996
2025-07-07,55.1800003051758,55.4300003051758,54.8450012207031,55.060001373291,1888000,54.2634010314941
2025-07-08,55.2799987792969,55.3689994812012,54.8720016479492,55.0200004577637,1084800,54.2239799499512
2025-07-09,55.1599998474121,55.9099998474121,55.1599998474121,55.6599998474121,1474300,54.8547210693359
2025-07-10,55.7400016784668,56.0499992370605,55.3899993896484,55.9900016784668,1229900,55.1799468994141
2025-07-11,55.7099990844727,56.3699989318848,55.6199989318848,56.2400016784668,1874500,55.4263305664062
2025-07-14,56.3199996948242,56.5200004577637,55.9199981689453,56.2099990844727,1842500,55.3967628479004
2025-07-15,56.8699989318848,56.8899993896484,56.4550018310547,56.4799995422363,1896600,55.6628570556641
2025-07-16,56.6150016784668,56.7599983215332,56.140998840332,56.6199989318848,1626100,55.8008308410645
2025-07-17,56.7299995422363,56.9249992370605,56.5200004577637,56.7900009155273,1045500,55.9683723449707
2025-07-18,57.0699996948242,57.189998626709,56.7700004577637,57.189998626709,2258900,56.3625831604004
2025-07-21,57.2999992370605,57.7999992370605,57.2999992370605,57.6100006103516,1337600,56.7765083312988
2025-07-22,57.7299995422363,57.7900009155273,56.7400016784668,57.3899993896484,1753500,56.5596885681152
2025-07-23,57.5,57.6599998474121,57.242000579834,57.6199989318848,1474200,56.7863616943359
2025-07-24,57.5999984741211,57.7000007629395,57.2400016784668,57.4700012207031,1201800,56.6385345458984
2025-07-25,57.5499992370605,58.0900001525879,57.507999420166,57.7599983215332,1774500,56.9243354797363
2025-07-28,57.9599990844727,58.2000007629395,57.9000015258789,58.2000007629395,940700,57.3579711914062
2025-07-29,58.3600006103516,58.4599990844727,57.7599983215332,57.7700004577637,1248200,56.9341926574707
2025-07-30,57.9799995422363,58.0299987792969,57.3899993896484,57.8199996948242,1505400,56.983470916748
2025-07-31,59.7700004577637,59.7700004577637,58.4000015258789,58.5900001525879,2961800,57.7423286437988
2025-08-01,57.4599990844727,57.8400001525879,56.5,56.7299995422363,4934800,55.9092407226562
2025-08-04,57.3800010681152,57.9700012207031,57.2900009155273,57.9000015258789,2590700,57.062313079834
2025-08-05,57.9700012207031,58.3089981079102,57.564998626709,57.5900001525879,1370200,56.7567977905273
2025-08-06,57.6699981689453,58.7700004577637,57.6699981689453,58.7400016784668,1941900,57.8901596069336
2025-08-07,59.1300010681152,59.4099998474121,58.4799995422363,58.9599990844727,2273200,58.1069755554199
2025-08-08,59.1199989318848,59.9500007629395,59.0400009155273,59.9300003051758,3590600,59.0629425048828
2025-08-11,59.9300003051758,60.4049987792969,59.6870002746582,59.9000015258789,2016500,59.0333786010742
2025-08-12,60.2999992370605,60.6300010681152,59.7400016784668,60.5699996948242,1965100,59.6936836242676
2025-08-13,60.7599983215332,60.9599990844727,60.189998626709,60.3699989318848,1865000,59.4965744018555
2025-08-14,60.3400001525879,60.8199996948242,60.2799987792969,60.6399993896484,1529200,59.7626686096191
2025-08-15,60.9000015258789,60.9000015258789,60.3499984741211,60.4799995422363,2283400,59.6049842834473
2025-08-18,60.2999992370605,60.4500007629395,60.0499992370605,60.3199996948242,1148800,59.4472999572754
2025-08-19,60.2750015258789,60.2999992370605,59.2309989929199,59.3400001525879,1865500,58.4814796447754
2025-08-20,59.1199989318848,59.2099990844727,57.8300018310547,58.6800003051758,2882700,57.8310279846191
2025-08-21,58.4799995422363,58.7799987792969,58.1450004577637,58.3800010681152,1404500,57.5353698730469
2025-08-22,58.5699996948242,59.9599990844727,58.3199996948242,59.810001373291,3550900,58.9446792602539
2025-08-25,59.7799987792969,60.4300003051758,59.560001373291,60.0999984741211,1798900,59.2304801940918
2025-08-26,59.9449996948242,60.3349990844727,59.689998626709,60.2999992370605,1044900,59.4275894165039
2025-08-27,60.2400016784668,60.5,60.0550003051758,60.3400001525879,1851800,59.4670104980469
2025-08-28,60.3499984741211,60.75,60.1100006103516,60.6300010681152,1548600,59.752815246582
2025-08-29,60.3950004577637,60.4300003051758,59.6100006103516,59.7900009155273,2137100,58.9249687194824
2025-09-02,58.6599998474121,59.2099990844727,58.3120002746582,59.1100006103516,2232400,58.2548065185547
2025-09-03,60.310001373291,60.7299995422363,60.0400009155273,60.560001373291,2141600,59.6838302612305
2025-09-04,60.7999992370605,61.3600006103516,60.5400009155273,61.3300018310547,2706400,60.4426879882812
2025-09-05,61.5,61.7099990844727,60.689998626709,61.2099990844727,3600400,60.3244247436523
2025-09-08,61.5400009155273,61.859001159668,61.189998626709,61.2700004577637,1187900,60.3835563659668
2025-09-09,61.4500007629395,61.7599983215332,61.1599998474121,61.7200012207031,2197200,60.8270454406738
2025-09-10,62.1100006103516,62.1100006103516,61.2200012207031,61.3899993896484,2829500,60.5018196105957
2025-09-11,61.6500015258789,62.068000793457,61.2799987792969,62,1657500,61.1029930114746
2025-09-12,62.1199989318848,62.9700012207031,61.9700012207031,62.9300003051758,3034500,62.0195388793945
2025-09-15,63.7999992370605,64.3899993896484,63.6669998168945,64.1399993896484,2399000,63.2120323181152
2025-09-16,64.3249969482422,64.5400009155273,64.1399993896484,64.4199981689453,2077700,63.487979888916
2025-09-17,64.2200012207031,64.3099975585938,63.3499984741211,64.0800018310547,2617000,63.152904510498
2025-09-18,64.629997253418,64.7300033569336,64.2600021362305,64.3000030517578,7644700,63.3697204589844
2025-09-19,64.7699966430664,65.120002746582,64.6650009155273,65.1100006103516,3035900,64.1679992675781
2025-09-22,65.1800003051758,65.6800003051758,65.125,65.5800018310547,2472800,64.6312026977539
2025-09-23,65.7300033569336,65.7300033569336,64.4449996948242,64.5699996948242,2660400,63.6358108520508
2025-09-24,64.9300003051758,64.9899978637695,64.1699981689453,64.6399993896484,1859600,63.7047996520996
2025-09-25,64.0999984741211,64.4300003051758,63.5099983215332,64.0999984741211,3056700,63.1726112365723
2025-09-26,64.2399978637695,64.5770034790039,63.7200012207031,64.4499969482422,2904900,63.5175437927246
2025-09-29,64.8399963378906,65.2600021362305,64.5400009155273,64.7799987792969,2050000,63.8427734375
2025-09-30,64.6699981689453,64.9250030517578,64.1470031738281,64.8600006103516,1630500,63.9216156005859
2025-10-01,64.3899993896484,65.3899993896484,64.2900009155273,65.2099990844727,2028700,64.2665481567383
2025-10-02,65.6999969482422,65.6999969482422,64.8820037841797,64.9899978637695,1876800,64.0497360229492
2025-10-03,65.120002746582,65.2600021362305,64.0899963378906,64.4300003051758,3514800,63.4978370666504
2025-10-06,64.629997253418,65.4300003051758,64.2799987792969,65.3600006103516,2285200,64.4143829345703
2025-10-07,65.25,65.4100036621094,64.5299987792969,64.6399993896484,2069300,63.7047996520996
2025-10-08,64.8000030517578,65.2799987792969,64.5899963378906,65.1900024414062,1851300,64.2468414306641
2025-10-09,65.1900024414062,65.2959976196289,64.6549987792969,65.2799987792969,1674700,64.3355407714844
2025-10-10,65.2649993896484,65.5999984741211,62.75,62.7900009155273,5894000,61.8815650939941
2025-10-13,63.810001373291,64.2969970703125,63.4449996948242,64.2399978637695,2545600,63.3105850219727
2025-10-14,63.310001373291,64.0500030517578,62.5999984741211,63.4700012207031,2332100,62.5517272949219
2025-10-15,64.1800003051758,64.4000015258789,63.1100006103516,63.9500007629395,1982100,63.0247840881348
2025-10-16,64.0999984741211,64.5950012207031,63.0900001525879,63.6699981689453,2432100,62.7488327026367
2025-10-17,63.4249992370605,64.4359970092773,63.2200012207031,64.3300018310547,3785800,63.399284362793
2025-10-20,64.7099990844727,65.375,64.6100006103516,65.2900009155273,2491700,64.3453979492188
2025-10-21,65.3399963378906,65.4100036621094,64.9049987792969,65.1600036621094,2595800,64.2172775268555
2025-10-22,65.25,65.4000015258789,64.0199966430664,64.8600006103516,3797400,63.9216156005859
2025-10-23,64.5999984741211,65.4850006103516,64.3199996948242,65.3600006103516,2714500,64.4143829345703
2025-10-24,65.6800003051758,65.9800033569336,65.5800018310547,65.8600006103516,3612600,64.9071502685547
2025-10-27,66.8600006103516,67.5800018310547,66.7750015258789,67.4800033569336,3741600,66.5037155151367
2025-10-28,68.0699996948242,68.629997253418,67.7200012207031,68.370002746582,3457800,67.3808364868164
2025-10-29,69.0199966430664,69.1399993896484,68.2900009155273,69.0599975585938,4947800,68.0608520507812
2025-10-30,68.0999984741211,68.0999984741211,66.9499969482422,66.9499969482422,5163500,65.9813766479492
2025-10-31,68.9700012207031,68.9700012207031,67.5550003051758,67.9599990844727,7300700,66.9767684936523
2025-11-03,68.7600021362305,69.0899963378906,68.5299987792969,68.6500015258789,3535300,67.6567840576172
2025-11-04,67.370002746582,68.0500030517578,67.0400009155273,67.0800018310547,3370000,66.1094970703125
2025-11-05,67.2600021362305,68.0199966430664,66.8199996948242,67.5899963378906,3710400,66.6121139526367
2025-11-06,67.5599975585938,67.5599975585938,65.9199981689453,66.1900024414062,3675400,65.2323760986328
2025-11-07,65.6699981689453,65.6999969482422,64.4400024414062,65.6500015258789,6349600,64.7001876831055
2025-11-10,66.8399963378906,67.5650024414062,66.7099990844727,67.4700012207031,4023300,66.4938583374023
2025-11-11,67.0199966430664,67.3499984741211,66.620002746582,67.2699966430664,1939900,66.296745300293
2025-11-12,67.5599975585938,67.5899963378906,66.0250015258789,66.5,2456500,65.5378875732422
2025-11-13,65.9899978637695,66.0419998168945,64.4700012207031,64.8000030517578,4905800,63.8624877929688
2025-11-14,63.6500015258789,65.4369964599609,63.310001373291,64.8899993896484,4734700,63.9511833190918
2025-11-17,64.7099990844727,65.5999984741211,64.2399978637695,64.75,4302800,63.8132095336914
2025-11-18,64.120002746582,64.5299987792969,62.9300003051758,63.5400009155273,7007200,62.6207160949707
2025-11-19,63.7700004577637,64.8899993896484,63.5099983215332,64.0599975585938,3342500,63.133186340332
2025-11-20,65.7900009155273,66.1100006103516,62.8250007629395,62.939998626709,7474100,62.0293922424316
2025-11-21,63.2299995422363,64.3000030517578,62.3600006103516,63.4599990844727,5799200,62.5418701171875
2025-11-24,64.3300018310547,65.7200012207031,64.2300033569336,65.5500030517578,4466000,64.6016387939453
2025-11-25,65.5500030517578,66.129997253418,64.7399978637695,66.0199966430664,3189000,65.064826965332
2025-11-26,66.4800033569336,66.5699996948242,65.9100036621094,66.3099975585938,2250800,65.3506317138672
2025-11-28,66.5,66.7799987792969,66.2799987792969,66.7600021362305,3062500,65.7941284179688
2025-12-01,66.1949996948242,66.8199996948242,66.0699996948242,66.6800003051758,1869400,65.7152862548828
2025-12-02,66.9599990844727,67.4000015258789,66.5419998168945,67,2311900,66.0306549072266
2025-12-03,66.7399978637695,67.2750015258789,66.6119995117188,67,1999900,66.0306549072266
2025-12-04,67.7099990844727,67.7600021362305,66.7900009155273,67.3300018310547,1961900,66.3558807373047
2025-12-05,67.4850006103516,67.7699966430664,67.2300033569336,67.620002746582,3122300,66.6416854858398
2025-12-08,67.379997253418,67.5299987792969,66.7200012207031,67.0199966430664,1747400,66.0503616333008
2025-12-09,66.8199996948242,67.370002746582,66.6549987792969,67.1600036621094,1311300,66.188346862793
2025-12-10,66.9550018310547,67.3899993896484,66.6800003051758,67.1900024414062,2408200,66.2179107666016
2025-12-11,66.8099975585938,66.8450012207031,66.0999984741211,66.6900024414062,2454800,65.7251434326172
2025-12-12,66.620002746582,67.0400009155273,65.5500030517578,66.1500015258789,4401100,65.1929550170898
2025-12-15,66.7600021362305,66.8519973754883,65.9100036621094,66.2300033569336,1764700,65.2717971801758
2025-12-16,65.9000015258789,66.9300003051758,65.75,66.7600021362305,3139800,65.7941284179688
2025-12-17,66.8199996948242,66.8199996948242,65.3010025024414,65.3099975585938,2875200,64.365104675293
2025-12-18,66.25,67.0699996948242,65.8199996948242,66.5899963378906,1944500,65.6265869140625
2025-12-19,66.9000015258789,67.1350021362305,66.6500015258789,67.120002746582,2794500,66.1489181518555
2025-12-22,67.6100006103516,67.6999969482422,67.1900024414062,67.4899978637695,2263700,66.5135650634766
2025-12-23,67.370002746582,68.1699981689453,67.370002746582,68.129997253418,1593300,67.1443023681641
2025-12-24,68.0899963378906,68.2099990844727,67.8450012207031,68.1699981689453,1043600,67.183723449707
2025-12-26,68.2200012207031,68.4599990844727,67.9649963378906,67.9899978637695,1220400,67.0063323974609
2025-12-29,67.4300003051758,67.6100006103516,67.25,67.4599990844727,1536300,66.484001159668
2025-12-30,66.4000015258789,66.6949996948242,66.3199996948242,66.4100036621094,1192400,66.4100036621094
2025-12-31,66.5199966430664,66.5400009155273,65.9599990844727,65.9599990844727,1593400,65.9599990844727
2026-01-02,66.5,66.9899978637695,65.0309982299805,65.3499984741211,2986900,65.3499984741211
2026-01-05,65.8399963378906,66.3280029296875,65.6699981689453,65.8899993896484,2331600,65.8899993896484
2026-01-06,65.8899993896484,66.0299987792969,65.3249969482422,65.6500015258789,4034300,65.6500015258789
2026-01-07,65.7399978637695,66.4850006103516,65.5999984741211,65.9000015258789,2041200,65.9000015258789
2026-01-08,65.879997253418,65.9199981689453,65.2600021362305,65.879997253418,11603500,65.879997253418
2026-01-09,65.8000030517578,66.4390029907227,65.4800033569336,66.370002746582,3696100,66.370002746582
2026-01-12,65.9100036621094,66.6449966430664,65.9100036621094,66.2850036621094,2844300,66.2850036621094
2026-01-13,66.3499984741211,66.4800033569336,65.629997253418,65.9899978637695,2183800,65.9899978637695
2026-01-14,65.5500030517578,65.5500030517578,64.629997253418,64.9800033569336,3820400,64.9800033569336
2026-01-15,65.5299987792969,65.5999984741211,64.9199981689453,65.0899963378906,2737400,65.0899963378906
2026-01-16,65.2399978637695,65.5650024414062,64.8300018310547,64.9000015258789,1967800,64.9000015258789
2026-01-20,63.5900001525879,63.8450012207031,62.7799987792969,62.939998626709,5516700,62.939998626709
2026-01-21,63.0800018310547,64.1999969482422,62.7099990844727,63.6399993896484,4688700,63.6399993896484
2026-01-22,64.370002746582,65.0500030517578,64.1100006103516,64.9300003051758,3619300,64.9300003051758
2026-01-23,65.0550003051758,65.9749984741211,64.9400024414062,65.620002746582,4558800,65.620002746582
2026-01-26,65.6800003051758,66.2699966430664,65.5899963378906,65.9199981689453,1846400,65.9199981689453
2026-01-27,66.3249969482422,66.7200012207031,66.129997253418,66.5500030517578,2797000,66.5500030517578
2026-01-28,66.8000030517578,66.9700012207031,66.2200012207031,66.5400009155273,2358400,66.5400009155273
2026-01-29,67.0100021362305,67.0879974365234,64.9100036621094,66.379997253418,4762900,66.379997253418
2026-01-30,66.1999969482422,66.7399978637695,65.8949966430664,66.1500015258789,3066400,66.1500015258789
2026-02-02,65.6399993896484,66.5599975585938,65.5699996948242,66.1549987792969,1774300,66.1549987792969
2026-02-03,66.3199996948242,66.3820037841797,64.5699996948242,65.0800018310547,2910300,65.0800018310547
2026-02-04,65.2099990844727,65.3499984741211,63.4799995422363,64.0899963378906,5078700,64.0899963378906
2026-02-05,62.810001373291,63.4049987792969,62.0099983215332,62.8199996948242,5836100,62.8199996948242
2026-02-06,62.3300018310547,63.3800010681152,62.0299987792969,63.1100006103516,7610200,63.1100006103516
2026-02-09,63.0299987792969,64.1949996948242,62.6800003051758,63.8400001525879,4383500,63.8400001525879
2026-02-10,64.0299987792969,64.0999984741211,63.4749984741211,63.5800018310547,2701100,63.5800018310547
2026-02-11,64,64.2300033569336,62.939998626709,63.189998626709,2744100,63.189998626709
2026-02-12,63.4300003051758,63.5,61.5499992370605,61.7299995422363,4917700,61.7299995422363
2026-02-13,61.6749992370605,61.7719993591309,60.8899993896484,61.1500015258789,9088000,61.1500015258789
2026-02-17,60.7400016784668,61.5550003051758,60.1300010681152,61.2700004577637,5627200,61.2700004577637
2026-02-18,61.3950004577637,62.0950012207031,61.2700004577637,61.689998626709,4029500,61.689998626709
2026-02-19,61.3600006103516,61.9449996948242,61.185001373291,61.5900001525879,2994900,61.5900001525879
2026-02-20,61.3300018310547,62.7299995422363,61.1399993896484,62.5999984741211,6855400,62.5999984741211
2026-02-23,62.3800010681152,62.5800018310547,61.3250007629395,61.5999984741211,3038100,61.5999984741211
2026-02-24,61.560001373291,62.3950004577637,61.2099990844727,62.310001373291,2724300,62.310001373291
2026-02-25,62.6199989318848,63.298999786377,62.6100006103516,63.2700004577637,3039400,63.2700004577637
2026-02-26,63.1500015258789,63.1920013427734,61.7799987792969,62.2700004577637,3781800,62.2700004577637
