Index,MCH.Open,MCH.High,MCH.Low,MCH.Close,MCH.Volume,MCH.Adjusted
2022-07-14,25.0599994659424,25.0599994659424,24.9099998474121,24.943000793457,2600,24.223051071167
2022-07-15,24.4899997711182,24.617000579834,24.4899997711182,24.617000579834,2200,23.9064598083496
2022-07-18,25.1800003051758,25.1800003051758,24.8880004882812,24.8880004882812,5100,24.1696357727051
2022-07-19,24.9599990844727,25.048999786377,24.9599990844727,25.048999786377,500,24.3259887695312
2022-07-20,25.0389995574951,25.0400009155273,24.8729991912842,24.9559993743896,7100,24.2356739044189
2022-07-21,25,25,24.9500007629395,24.9969997406006,2100,24.2754898071289
2022-07-22,24.5650005340576,24.5650005340576,24.5650005340576,24.5650005340576,100,23.8559608459473
2022-07-25,24.7350006103516,24.7759990692139,24.7350006103516,24.7759990692139,700,24.0608692169189
2022-07-26,25,25,24.7749996185303,24.7749996185303,2100,24.0598983764648
2022-07-27,24.9099998474121,24.9099998474121,24.6800003051758,24.8910007476807,800,24.1725521087646
2022-07-28,24.4500007629395,24.6299991607666,24.4500007629395,24.6299991607666,400,23.9190826416016
2022-07-29,23.9699993133545,23.9699993133545,23.7600002288818,23.8470001220703,3000,23.1586856842041
2022-08-01,23.6200008392334,23.693000793457,23.6200008392334,23.693000793457,300,23.0091304779053
2022-08-02,23.8400001525879,23.9200000762939,23.6919994354248,23.6919994354248,4000,23.0081577301025
2022-08-03,23.6200008392334,23.6450004577637,23.6200008392334,23.6450004577637,400,22.9625148773193
2022-08-04,24.0599994659424,24.0900001525879,24.0049991607666,24.0049991607666,1600,23.3121223449707
2022-08-05,24.0799999237061,24.1499996185303,24.0799999237061,24.1499996185303,2400,23.452938079834
2022-08-08,23.8239994049072,23.8799991607666,23.7999992370605,23.8390007019043,5300,23.150915145874
2022-08-09,23.8700008392334,23.9300003051758,23.8299999237061,23.9300003051758,24500,23.2392883300781
2022-08-10,23.8349990844727,23.8349990844727,23.7999992370605,23.80299949646,500,23.1159534454346
2022-08-11,24.2749996185303,24.3099994659424,24.1800003051758,24.1879997253418,5800,23.4898414611816
2022-08-12,24.0249996185303,24.25,24.0249996185303,24.2320003509521,3300,23.5325717926025
2022-08-15,23.9249992370605,24.0890007019043,23.9249992370605,24.0319995880127,2200,23.3383445739746
2022-08-16,23.9500007629395,24.0090007781982,23.9500007629395,23.9570007324219,600,23.2655086517334
2022-08-17,23.9489994049072,23.9489994049072,23.8759994506836,23.8759994506836,500,23.1868457794189
2022-08-18,23.7490005493164,23.7600002288818,23.7299995422363,23.7339992523193,8100,23.0489444732666
2022-08-19,23.3050003051758,23.3050003051758,23.2399997711182,23.2560005187988,19800,22.5847434997559
2022-08-22,23.4500007629395,23.4759998321533,23.4500007629395,23.4759998321533,300,22.7983932495117
2022-08-23,23.6100006103516,23.67799949646,23.6100006103516,23.67799949646,21300,22.9945602416992
2022-08-24,23.4699993133545,23.4799995422363,23.4440002441406,23.4440002441406,1000,22.7673149108887
2022-08-25,23.9500007629395,24.2110004425049,23.923999786377,24.2110004425049,1500,23.5121765136719
2022-08-26,24.257999420166,24.257999420166,23.8899993896484,23.9060001373291,800,23.2159824371338
2022-08-29,24.1299991607666,24.1650009155273,23.8479995727539,23.8479995727539,1400,23.1596546173096
2022-08-30,23.6499996185303,23.6499996185303,23.4400005340576,23.4449996948242,1500,22.7682876586914
2022-08-31,23.7229995727539,23.7229995727539,23.7229995727539,23.7229995727539,100,23.0382614135742
2022-09-01,23.3990001678467,23.4969997406006,23.3990001678467,23.4969997406006,900,22.8187866210938
2022-09-02,23.1790008544922,23.1790008544922,23.1599998474121,23.17799949646,900,22.5089931488037
2022-09-06,22.7950000762939,22.7950000762939,22.7560005187988,22.7560005187988,300,22.0991744995117
2022-09-07,23.1599998474121,23.1669998168945,23.1599998474121,23.1669998168945,300,22.4983100891113
2022-09-08,22.8850002288818,22.8850002288818,22.8850002288818,22.8850002288818,100,22.2244510650635
2022-09-09,23.3999996185303,23.3999996185303,23.3700008392334,23.3700008392334,300,22.6954517364502
2022-09-12,23.6089992523193,23.6089992523193,23.5919990539551,23.5919990539551,200,22.9110431671143
2022-09-13,23.0100002288818,23.0100002288818,22.8299999237061,22.8349990844727,1800,22.1758937835693
2022-09-14,22.8659992218018,22.8659992218018,22.8659992218018,22.8659992218018,0,22.205997467041
2022-09-15,22.6140003204346,22.6140003204346,22.6140003204346,22.6140003204346,100,21.9612731933594
2022-09-16,22.0960006713867,22.0960006713867,22.0960006713867,22.0960006713867,0,21.4582252502441
2022-09-19,22.0300006866455,22.1399993896484,21.9200000762939,22.1049995422363,11100,21.4669647216797
2022-09-20,22.0049991607666,22.0259990692139,21.9890003204346,21.9890003204346,700,21.3543148040771
2022-09-21,21.3700008392334,21.3700008392334,21.3700008392334,21.3700008392334,0,20.7531795501709
2022-09-22,21.25,21.2880001068115,21.25,21.2880001068115,200,20.673547744751
2022-09-23,20.7099990844727,20.7530002593994,20.6299991607666,20.7530002593994,1600,20.1539878845215
2022-09-26,21.1200008392334,21.1200008392334,20.9839992523193,20.9839992523193,300,20.3783206939697
2022-09-27,21.3299999237061,21.3299999237061,21.1049995422363,21.1049995422363,1000,20.49582862854
2022-09-28,21.0890007019043,21.0890007019043,21.0890007019043,21.0890007019043,100,20.4802894592285
2022-09-29,20.7700004577637,20.7700004577637,20.7000007629395,20.7700004577637,1700,20.1704998016357
2022-09-30,20.6800003051758,20.6800003051758,20.5620002746582,20.5620002746582,2100,19.9685020446777
2022-10-03,20.5919990539551,20.5919990539551,20.5919990539551,20.5919990539551,100,19.9976329803467
2022-10-04,21.4200000762939,21.4200000762939,21.3229999542236,21.3229999542236,400,20.7075347900391
2022-10-05,21.3500003814697,21.4549999237061,21.3500003814697,21.4549999237061,200,20.8357257843018
2022-10-06,21.2360000610352,21.2360000610352,21.2360000610352,21.2360000610352,100,20.6230487823486
2022-10-07,20.8400001525879,20.8400001525879,20.6809997558594,20.6809997558594,200,20.0840663909912
2022-10-10,20,20,19.6900005340576,19.6900005340576,800,19.1216697692871
2022-10-11,19.2800006866455,19.4599990844727,19.2800006866455,19.3509998321533,600,18.7924556732178
2022-10-12,19.4780006408691,19.4780006408691,19.4780006408691,19.4780006408691,100,18.9157905578613
2022-10-13,19.3939990997314,19.3939990997314,19.3939990997314,19.3939990997314,100,18.8342132568359
2022-10-14,19.4060001373291,19.4060001373291,19.4060001373291,19.4060001373291,100,18.8458671569824
2022-10-17,20,20.1100006103516,19.8999996185303,19.9039993286133,7000,19.3294944763184
2022-10-18,20.0900001525879,20.0900001525879,19.8099994659424,19.8169994354248,2600,19.2450046539307
2022-10-19,19.2600002288818,19.2700004577637,18.9699993133545,18.996000289917,8100,18.4477024078369
2022-10-20,19.2999992370605,19.2999992370605,19.2670001983643,19.2670001983643,200,18.710880279541
2022-10-21,19.4750003814697,19.4750003814697,19.4750003814697,19.4750003814697,100,18.912878036499
2022-10-24,17.4899997711182,17.7800006866455,17.2819995880127,17.7320003509521,6900,17.2201862335205
2022-10-25,17.988000869751,17.988000869751,17.988000869751,17.988000869751,100,17.4687976837158
2022-10-26,18.9899997711182,18.9899997711182,18.9200000762939,18.923999786377,1200,18.3777809143066
2022-10-27,18.6060009002686,18.8299999237061,18.6060009002686,18.7049999237061,50900,18.1651020050049
2022-10-28,18.0100002288818,18.0900001525879,17.9699993133545,18.0709991455078,7200,17.5494003295898
2022-10-31,17.9899997711182,17.9899997711182,17.9599990844727,17.9599990844727,7100,17.4416046142578
2022-11-01,18.7700004577637,18.7700004577637,18.5900001525879,18.6100006103516,5400,18.0728435516357
2022-11-02,18.8579998016357,18.8579998016357,18.8579998016357,18.8579998016357,100,18.3136863708496
2022-11-03,18.9799995422363,19.1709995269775,18.9799995422363,19.1709995269775,100,18.6176509857178
2022-11-04,20.4599990844727,20.4599990844727,20.2600002288818,20.4479999542236,63900,19.8577919006348
2022-11-07,20.4099998474121,20.4099998474121,20.2600002288818,20.2840003967285,6100,19.6985263824463
2022-11-08,20.0990009307861,20.1949996948242,20.0990009307861,20.1949996948242,3000,19.6120948791504
2022-11-09,19.5370006561279,19.5370006561279,19.5370006561279,19.5370006561279,0,18.973087310791
2022-11-10,20.488000869751,20.488000869751,20.488000869751,20.488000869751,0,19.8966388702393
2022-11-11,21.7099990844727,21.7099990844727,21.5359992980957,21.5359992980957,2200,20.9143867492676
2022-11-14,21.753999710083,21.9500007629395,21.753999710083,21.8110008239746,7400,21.1814498901367
2022-11-15,22.9740009307861,22.9740009307861,22.9740009307861,22.9740009307861,100,22.3108825683594
2022-11-16,22.5599994659424,22.5599994659424,22.3099994659424,22.3209991455078,1900,21.6767292022705
2022-11-17,22.6650009155273,22.6650009155273,22.6650009155273,22.6650009155273,100,22.0108013153076
2022-11-18,22.3090000152588,22.3239994049072,22.3090000152588,22.3239994049072,200,21.6796417236328
2022-11-21,21.7889995574951,21.8020000457764,21.7000007629395,21.8020000457764,12700,21.1727104187012
2022-11-22,21.3500003814697,21.4699993133545,21.3500003814697,21.4659996032715,4600,20.8464088439941
2022-11-23,21.4799995422363,21.5809993743896,21.4699993133545,21.5809993743896,600,20.9580879211426
2022-11-25,21.3050003051758,21.3050003051758,21.3050003051758,21.3050003051758,0,20.690055847168
2022-11-28,21.6100006103516,21.7199993133545,21.4099998474121,21.4570007324219,10400,20.8376693725586
2022-11-29,22.6000003814697,22.6800003051758,22.5900001525879,22.5900001525879,1200,21.937967300415
2022-11-30,23.3600006103516,23.5900001525879,23.3290004730225,23.507999420166,11600,22.8294677734375
2022-12-01,23.5149993896484,23.6100006103516,23.5149993896484,23.6000003814697,15200,22.9188137054443
2022-12-02,24.1490001678467,24.181999206543,24.1030006408691,24.1030006408691,1800,23.4072952270508
2022-12-05,24.9400005340576,24.9400005340576,24.3500003814697,24.3999996185303,16400,23.6957206726074
2022-12-06,24.6299991607666,24.8600006103516,24.6000003814697,24.7770004272461,14400,24.0618419647217
2022-12-07,24.2000007629395,24.3400001525879,24.1299991607666,24.3400001525879,2900,23.6374549865723
2022-12-08,25,25,24.8700008392334,24.92799949646,4200,24.2084808349609
2022-12-09,25.3500003814697,26.1100006103516,24.8899993896484,26.1100006103516,185300,25.3563671112061
2022-12-12,25,25,24.3500003814697,24.5540008544922,17200,23.8452777862549
2022-12-13,24.6650009155273,24.7000007629395,24.6499996185303,24.6590003967285,76700,23.9472484588623
2022-12-14,24.6200008392334,24.8500003814697,24.6200008392334,24.7830009460449,2700,24.0676689147949
2022-12-15,25.0699996948242,25.0699996948242,24.2840003967285,24.2840003967285,5000,23.5830707550049
2022-12-16,24.3500003814697,24.4790000915527,24.32200050354,24.32200050354,900,23.6199741363525
2022-12-19,24.4400005340576,24.4400005340576,24.1200008392334,24.1429996490479,7400,23.4461402893066
2022-12-20,23.7800006866455,23.7800006866455,23.6800003051758,23.7119998931885,11900,23.0275821685791
2022-12-21,23.9300003051758,24.0799999237061,23.9300003051758,24.0069999694824,3900,23.3140659332275
2022-12-22,24.2800006866455,24.2800006866455,23.9039993286133,23.9039993286133,2000,23.214038848877
2022-12-23,23.8549995422363,23.8549995422363,23.8320007324219,23.8320007324219,900,23.1441173553467
2022-12-27,24.7900009155273,24.8799991607666,24.6310005187988,24.8099994659424,15400,24.0938873291016
2022-12-28,24.2900009155273,24.2900009155273,23.7600002288818,23.9190006256104,7000,23.2286071777344
2022-12-29,24.3850002288818,24.5100002288818,24.2639999389648,24.4029998779297,17800,23.698637008667
2022-12-30,24.3500003814697,24.3999996185303,24.1149997711182,24.1650009155273,7300,23.4675064086914
2023-01-03,24.75,24.8600006103516,24.7049999237061,24.7999992370605,37600,24.0841751098633
2023-01-04,25.6499996185303,26.2299995422363,25.6499996185303,26.2199993133545,29400,25.4631881713867
2023-01-05,26.6000003814697,26.6100006103516,26.3099994659424,26.5699996948242,27800,25.8030872344971
2023-01-06,26.6000003814697,27.0699996948242,26.3999996185303,26.8500003814697,681800,26.0750064849854
2023-01-09,27.0400009155273,27.0699996948242,26.7840003967285,26.8099994659424,47900,26.0361595153809
2023-01-10,27.0100002288818,27.0100002288818,26.7290000915527,26.951000213623,42800,26.1730899810791
2023-01-11,26.8400001525879,26.9599990844727,26.7880001068115,26.9069995880127,11700,26.1303596496582
2023-01-12,26.9699993133545,26.9699993133545,26.7800006866455,26.8540000915527,8700,26.0788898468018
2023-01-13,27.25,27.3889999389648,27.1900005340576,27.3889999389648,6900,26.5984477996826
2023-01-17,27.3899993896484,27.3899993896484,27.1599998474121,27.2350006103516,26500,26.4488945007324
2023-01-18,27.3099994659424,27.3400001525879,26.8509998321533,26.8509998321533,58700,26.0759773254395
2023-01-19,27.4099998474121,27.4190006256104,27.3099994659424,27.3799991607666,52300,26.5897064208984
2023-01-20,27.8099994659424,28.0200004577637,27.7689990997314,27.9230003356934,47900,27.117036819458
2023-01-23,28.1800003051758,28.3099994659424,28.0100002288818,28.1399993896484,21100,27.3277702331543
2023-01-24,28.1200008392334,28.1700000762939,28,28.1509990692139,12700,27.3384532928467
2023-01-25,28.1100006103516,28.2600002288818,28.0949993133545,28.2600002288818,9800,27.4443073272705
2023-01-26,28.7399997711182,28.8099994659424,28.4990005493164,28.7950000762939,30900,27.9638652801514
2023-01-27,28.7560005187988,28.8799991607666,28.6000003814697,28.7700004577637,25000,27.9395866394043
2023-01-30,27.9500007629395,27.9500007629395,27.7310009002686,27.7430000305176,29700,26.942232131958
2023-01-31,27.4500007629395,27.4599990844727,27.1700000762939,27.3980007171631,14700,26.6071891784668
2023-02-01,27.6599998474121,28.1700000762939,27.6599998474121,28.0340003967285,13400,27.2248306274414
2023-02-02,27.7469997406006,27.7469997406006,27.5,27.6200008392334,9200,26.8227825164795
2023-02-03,27.2700004577637,27.2700004577637,26.8999996185303,26.9500007629395,19000,26.1721210479736
2023-02-06,26.1599998474121,26.3999996185303,26.0510005950928,26.3819999694824,22800,25.6205139160156
2023-02-07,26.3299999237061,26.5200004577637,26.25,26.5100002288818,25400,25.7448196411133
2023-02-08,26.0699996948242,26.1299991607666,26.0400009155273,26.0839996337891,17700,25.3311157226562
2023-02-09,26.8899993896484,26.8899993896484,26.6000003814697,26.6669998168945,10900,25.8972873687744
2023-02-10,26.2800006866455,26.2800006866455,25.8899993896484,25.9130001068115,10300,25.1650505065918
2023-02-13,26.1700000762939,26.4899997711182,26.1700000762939,26.4549999237061,7700,25.69140625
2023-02-14,26.0900001525879,26.2399997711182,26.0900001525879,26.2150001525879,5100,25.4583339691162
2023-02-15,25.8600006103516,25.8899993896484,25.7099990844727,25.8600006103516,6300,25.1135807037354
2023-02-16,25.8500003814697,26.048999786377,25.8299999237061,25.9190006256104,12200,25.1708793640137
2023-02-17,25.2299995422363,25.2299995422363,25.1100006103516,25.1949996948242,8800,24.4677753448486
2023-02-21,25.3500003814697,25.3500003814697,25,25,64100,24.2784042358398
2023-02-22,24.8400001525879,24.8689994812012,24.8099994659424,24.8659992218018,3500,24.1482715606689
2023-02-23,25.0799999237061,25.0799999237061,24.7000007629395,24.82200050354,2300,24.1055431365967
2023-02-24,24.2000007629395,24.2000007629395,23.8099994659424,23.9050006866455,37600,23.2150096893311
2023-02-27,24.1399993896484,24.2000007629395,24.0709991455078,24.1429996490479,14400,23.4461402893066
2023-02-28,24.0799999237061,24.1000003814697,24.0349998474121,24.0349998474121,9900,23.3412570953369
2023-03-01,24.9300003051758,24.9300003051758,24.7299995422363,24.7849998474121,3300,24.0696105957031
2023-03-02,24.8299999237061,25.0149993896484,24.8299999237061,25.0149993896484,1300,24.2929706573486
2023-03-03,25,25.1000003814697,25,25.0849990844727,3500,24.3609504699707
2023-03-06,24.9200000762939,24.9200000762939,24.6389999389648,24.6389999389648,4600,23.9278240203857
2023-03-07,24.3799991607666,24.4400005340576,23.9799995422363,23.9799995422363,35600,23.2878456115723
2023-03-08,23.8299999237061,23.8999996185303,23.7800006866455,23.8689994812012,14800,23.1800479888916
2023-03-09,23.3299999237061,23.3299999237061,22.9349994659424,22.9360008239746,25200,22.2739810943604
2023-03-10,22.8899993896484,23.0699996948242,22.8899993896484,22.9659996032715,4400,22.3031120300293
2023-03-13,22.9699993133545,23.3349990844727,22.9699993133545,23.2630004882812,1900,22.5915412902832
2023-03-14,23.1599998474121,23.2800006866455,23.1599998474121,23.2479991912842,8200,22.5769729614258
2023-03-15,22.9099998474121,22.9099998474121,22.6900005340576,22.8050003051758,7900,22.1467590332031
2023-03-16,22.8500003814697,23.1119995117188,22.8400001525879,23.1119995117188,2200,22.4448986053467
2023-03-17,23.0979995727539,23.0979995727539,22.9200000762939,23.0279998779297,9200,22.3633232116699
2023-03-20,22.5699996948242,22.8199996948242,22.5699996948242,22.7649993896484,5400,22.1079158782959
2023-03-21,23.0650005340576,23.1189994812012,23,23.0779991149902,7400,22.4118804931641
2023-03-22,23.0100002288818,23.1200008392334,22.9640007019043,22.9640007019043,400,22.3011722564697
2023-03-23,23.5799999237061,23.8150005340576,23.3700008392334,23.4950008392334,6200,22.8168449401855
2023-03-24,23.3600006103516,23.3600006103516,23.2749996185303,23.2950000762939,2800,22.622615814209
2023-03-27,22.9699993133545,23.0520000457764,22.9300003051758,23.0049991607666,2800,22.3409862518311
2023-03-28,23.4200000762939,23.6749992370605,23.4200000762939,23.6749992370605,19800,22.9916477203369
2023-03-29,23.6399993896484,23.8199996948242,23.6399993896484,23.7320003509521,2700,23.0470027923584
2023-03-30,24.0699996948242,24.2639999389648,24.0699996948242,24.2560005187988,7800,23.5558776855469
2023-03-31,24.1560001373291,24.1560001373291,24.0400009155273,24.0809993743896,600,23.385929107666
2023-04-03,24.1700000762939,24.1700000762939,24.0799999237061,24.1350002288818,2600,23.4383716583252
2023-04-04,23.9200000762939,23.9200000762939,23.7630004882812,23.8859996795654,3700,23.1965579986572
2023-04-05,23.7199993133545,23.7199993133545,23.6000003814697,23.6529998779297,2100,22.9702835083008
2023-04-06,23.7199993133545,23.8799991607666,23.6800003051758,23.8120002746582,3900,23.1246948242188
2023-04-10,23.5799999237061,23.7299995422363,23.5799999237061,23.6919994354248,7500,23.0081577301025
2023-04-11,23.8999996185303,23.8999996185303,23.7779998779297,23.7779998779297,2900,23.0916748046875
2023-04-12,23.3899993896484,23.3899993896484,23.1499996185303,23.1529998779297,1500,22.4847145080566
2023-04-13,23.3700008392334,23.451000213623,23.3700008392334,23.451000213623,1600,22.774112701416
2023-04-14,23.1800003051758,23.1800003051758,23.1399993896484,23.1770000457764,1500,22.5080242156982
2023-04-17,23.5030002593994,23.6520004272461,23.5030002593994,23.6520004272461,2700,22.9693126678467
2023-04-18,23.8050003051758,23.8050003051758,23.6499996185303,23.6879997253418,2000,23.0042724609375
2023-04-19,23.3700008392334,23.4570007324219,23.3700008392334,23.4349994659424,1600,22.7585754394531
2023-04-20,23.5100002288818,23.5100002288818,23.1800003051758,23.242000579834,1300,22.5711479187012
2023-04-21,22.7099990844727,22.7800006866455,22.7099990844727,22.7749996185303,2100,22.1176261901855
2023-04-24,22.6100006103516,22.6100006103516,22.3099994659424,22.371000289917,3100,21.7252864837646
2023-04-25,22,22,21.7399997711182,21.80299949646,4200,21.1736812591553
2023-04-26,22.1630001068115,22.1630001068115,22.1110000610352,22.1110000610352,800,21.4727916717529
2023-04-27,22.1420001983643,22.3819999694824,22.1420001983643,22.3059997558594,2500,21.6621627807617
2023-04-28,22.4599990844727,22.5100002288818,22.3199996948242,22.4790000915527,12100,21.8301696777344
2023-05-01,22.3999996185303,22.4400005340576,22.3719997406006,22.3719997406006,2500,21.7262573242188
2023-05-02,21.9200000762939,21.9249992370605,21.9050006866455,21.9249992370605,17000,21.2921600341797
2023-05-03,21.9419994354248,21.9799995422363,21.8600006103516,21.8799991607666,3400,21.2484588623047
2023-05-04,22.1399993896484,22.2549991607666,22.1399993896484,22.2549991607666,200,21.6126346588135
2023-05-05,22.3840007781982,22.4090003967285,22.3500003814697,22.4090003967285,500,21.7621898651123
2023-05-08,22.3700008392334,22.3700008392334,22.3649997711182,22.3649997711182,400,21.71946144104
2023-05-09,22.1849994659424,22.1849994659424,22.1849994659424,22.1849994659424,100,21.5446548461914
2023-05-10,21.9599990844727,22.0400009155273,21.9349994659424,22.0100002288818,3100,21.3747081756592
2023-05-11,22.1399993896484,22.2830009460449,22.1049995422363,22.2830009460449,17500,21.6398277282715
2023-05-12,21.7600002288818,21.7600002288818,21.7199993133545,21.7339992523193,1200,21.1066722869873
2023-05-15,22.4699993133545,22.628999710083,22.4500007629395,22.5750007629395,2300,21.9233989715576
2023-05-16,22.2000007629395,22.2970008850098,22.2000007629395,22.2970008850098,1700,21.6534233093262
2023-05-17,22.2199993133545,22.2199993133545,22.1749992370605,22.1749992370605,300,21.5349426269531
2023-05-18,21.75,21.75,21.6870002746582,21.6870002746582,1400,21.0610294342041
2023-05-19,21.5599994659424,21.5860004425049,21.5580005645752,21.5860004425049,700,20.9629440307617
2023-05-22,21.875,21.9200000762939,21.8600006103516,21.8600006103516,2000,21.2290363311768
2023-05-23,21.5200004577637,21.5200004577637,21.3659992218018,21.3659992218018,400,20.7492942810059
2023-05-24,20.9799995422363,20.9950008392334,20.8400001525879,20.9780006408691,6800,20.3724956512451
2023-05-25,20.7999992370605,20.7999992370605,20.6100006103516,20.6340007781982,38400,20.038423538208
2023-05-26,21.0359992980957,21.0359992980957,21.0359992980957,21.0359992980957,100,20.4288196563721
2023-05-30,20.7399997711182,20.7399997711182,20.4400005340576,20.4400005340576,3000,19.8500232696533
2023-05-31,20.0400009155273,20.2430000305176,19.9300003051758,20.2430000305176,3100,19.6587085723877
2023-06-01,20.1800003051758,20.8190002441406,20.1800003051758,20.8080005645752,11100,20.2074012756348
2023-06-02,21.3299999237061,21.3999996185303,21.2469997406006,21.2469997406006,9700,20.6337299346924
2023-06-05,20.9699993133545,21.0779991149902,20.7849998474121,21.0779991149902,7800,20.4696083068848
2023-06-06,20.9899997711182,21.4699993133545,20.9899997711182,21.4419994354248,8100,20.8231010437012
2023-06-07,21.1399993896484,21.1860008239746,21.1399993896484,21.1860008239746,2100,20.5744915008545
2023-06-08,21.4599990844727,21.4599990844727,21.4449996948242,21.4449996948242,2300,20.8260154724121
2023-06-09,21.3950004577637,21.4899997711182,21.3950004577637,21.4099998474121,18800,20.7920246124268
2023-06-12,21.4500007629395,21.4599990844727,21.3799991607666,21.382999420166,6600,20.7658042907715
2023-06-13,21.75,21.75,21.6000003814697,21.6499996185303,10900,21.0250968933105
2023-06-14,21.7700004577637,22,21.7299995422363,21.9340000152588,12400,21.3008995056152
2023-06-15,22.5949993133545,22.6060009002686,22.5499992370605,22.6060009002686,3000,21.9535045623779
2023-06-16,22.8400001525879,22.8400001525879,22.5750007629395,22.5900001525879,5400,21.937967300415
2023-06-20,22.0799999237061,22.0799999237061,21.4899997711182,21.5170001983643,5800,20.8959369659424
2023-06-21,21.3799991607666,21.3799991607666,21.306999206543,21.306999206543,3600,20.6919975280762
2023-06-22,21.25,21.25,21.1800003051758,21.2159996032715,10600,20.6036243438721
2023-06-23,20.7700004577637,20.8400001525879,20.7299995422363,20.7800006866455,11700,20.1802101135254
2023-06-26,20.878999710083,20.9200000762939,20.8460006713867,20.8460006713867,1200,20.2443046569824
2023-06-27,21,21.1849994659424,21,21.1849994659424,1100,20.5735187530518
2023-06-28,20.8999996185303,21.0300006866455,20.8999996185303,21.0249996185303,2600,20.4181365966797
2023-06-29,20.7000007629395,20.7280006408691,20.6550006866455,20.7119998931885,6100,20.1141719818115
2023-06-30,20.9099998474121,20.9589996337891,20.8850002288818,20.8859996795654,11900,20.2831497192383
2023-07-03,21.2199993133545,21.2199993133545,21.1299991607666,21.201000213623,3500,20.5890579223633
2023-07-05,21.0900001525879,21.0900001525879,20.8700008392334,21.0230007171631,19400,20.4161968231201
2023-07-06,20.5200004577637,20.5499992370605,20.4950008392334,20.5249996185303,6400,19.9325695037842
2023-07-07,20.7700004577637,21,20.7450008392334,20.9249992370605,3700,20.32102394104
2023-07-10,20.951000213623,21.0179996490479,20.951000213623,21.0179996490479,400,20.4113388061523
2023-07-11,21.1200008392334,21.1800003051758,21.1200008392334,21.1770000457764,2300,20.5657520294189
2023-07-12,21.6299991607666,21.7600002288818,21.6299991607666,21.7150001525879,20200,21.0882225036621
2023-07-13,21.9500007629395,22.3400001525879,21.9500007629395,22.3369998931885,5300,21.692268371582
2023-07-14,21.9669990539551,21.9669990539551,21.8500003814697,21.8680000305176,1500,21.2368068695068
2023-07-17,21.4899997711182,21.7089996337891,21.4899997711182,21.7089996337891,1600,21.0823936462402
2023-07-18,21.3299999237061,21.3400001525879,21.1900005340576,21.2240009307861,1000,20.6113929748535
2023-07-19,21.3700008392334,21.4099998474121,21.3570003509521,21.3570003509521,1400,20.7405567169189
2023-07-20,21.2649993896484,21.3099994659424,21.2299995422363,21.253999710083,16700,20.6405277252197
2023-07-21,21.2950000762939,21.2980003356934,21.2950000762939,21.2980003356934,400,20.6832580566406
2023-07-24,21.7199993133545,21.7549991607666,21.701000213623,21.701000213623,800,21.0746250152588
2023-07-25,22.2199993133545,22.2290000915527,22.1700000762939,22.1700000762939,6300,21.5300884246826
2023-07-26,22.1299991607666,22.4699993133545,22.1299991607666,22.4379997253418,2000,21.7903518676758
2023-07-27,22.2040004730225,22.25,22.1509990692139,22.1509990692139,3100,21.5116367340088
2023-07-28,23.193000793457,23.3700008392334,23.193000793457,23.3519992828369,4300,22.6779689788818
2023-07-31,23.5849990844727,23.5849990844727,23.5359992980957,23.5359992980957,300,22.8566589355469
2023-08-01,23,23.0900001525879,22.9799995422363,22.992000579834,3200,22.3283615112305
2023-08-02,22.4099998474121,22.4449996948242,22.4099998474121,22.443000793457,3900,21.7952079772949
2023-08-03,23.0809993743896,23.0809993743896,23.0809993743896,23.0809993743896,2100,22.4147930145264
2023-08-04,22.9559993743896,22.9559993743896,22.9559993743896,22.9559993743896,200,22.293399810791
2023-08-07,22.7199993133545,22.7199993133545,22.5599994659424,22.6700000762939,3800,22.0156555175781
2023-08-08,22.2000007629395,22.3320007324219,22.1900005340576,22.3320007324219,2000,21.6874141693115
2023-08-09,22.4099998474121,22.4899997711182,22.3199996948242,22.4029998779297,3400,21.7563648223877
2023-08-10,22.6100006103516,22.8199996948242,22.5499992370605,22.5960006713867,4500,21.9437923431396
2023-08-11,21.8799991607666,21.8799991607666,21.7099990844727,21.8400001525879,1700,21.2096138000488
2023-08-14,21.6100006103516,21.7169990539551,21.6100006103516,21.7169990539551,17200,21.0901641845703
2023-08-15,21.5900001525879,21.5900001525879,21.3099994659424,21.32200050354,13900,20.7065658569336
2023-08-16,21.0699996948242,21.1700000762939,21.0200004577637,21.0990009307861,21800,20.4900035858154
2023-08-17,21.3999996185303,21.3999996185303,21.2700004577637,21.2919998168945,3400,20.6774311065674
2023-08-18,20.9099998474121,20.9099998474121,20.7600002288818,20.871000289917,12800,20.2685832977295
2023-08-21,20.5699996948242,20.701000213623,20.5699996948242,20.701000213623,18300,20.1034908294678
2023-08-22,20.6700000762939,20.75,20.6299991607666,20.6760005950928,1400,20.0792121887207
2023-08-23,20.7700004577637,20.8250007629395,20.6900005340576,20.7810001373291,3100,20.1811790466309
2023-08-24,21.0139999389648,21.0779991149902,20.9930000305176,20.9930000305176,3900,20.3870620727539
2023-08-25,21.0100002288818,21.0100002288818,20.8040008544922,20.9389991760254,2500,20.3346195220947
2023-08-28,21.0699996948242,21.3250007629395,21.0699996948242,21.2970008850098,3700,20.6822872161865
2023-08-29,21.9300003051758,21.9300003051758,21.8880004882812,21.8880004882812,300,21.2562294006348
2023-08-30,21.8500003814697,21.8500003814697,21.7840003967285,21.7840003967285,1200,21.1552295684814
2023-08-31,21.6200008392334,21.628999710083,21.5750007629395,21.5890007019043,2600,20.9658603668213
2023-09-01,21.75,22.1399993896484,21.75,22.0590000152588,5000,21.4222927093506
2023-09-05,21.7600002288818,21.8500003814697,21.7600002288818,21.8159999847412,2600,21.1863079071045
2023-09-06,21.9050006866455,21.9300003051758,21.8299999237061,21.8360004425049,7400,21.2057304382324
2023-09-07,21.3299999237061,21.3299999237061,21.0699996948242,21.1380004882812,9600,20.5278759002686
2023-09-08,21.1399993896484,21.1399993896484,20.9899997711182,21.05299949646,4900,20.4453277587891
2023-09-11,21.3899993896484,21.3899993896484,21.3299999237061,21.3579998016357,2700,20.7415256500244
2023-09-12,21.2900009155273,21.3959999084473,21.2900009155273,21.3199996948242,900,20.7046222686768
2023-09-13,21.1299991607666,21.2679996490479,21.1299991607666,21.1760005950928,1900,20.5647792816162
2023-09-14,21.1499996185303,21.2099990844727,21.1499996185303,21.2089996337891,300,20.5968265533447
2023-09-15,21,21.0149993896484,20.9799995422363,21.0149993896484,12300,20.40842628479
2023-09-18,20.9899997711182,21.0699996948242,20.9300003051758,21.0699996948242,400,20.4618377685547
2023-09-19,20.9389991760254,20.9389991760254,20.9389991760254,20.9389991760254,0,20.3346195220947
2023-09-20,20.9099998474121,20.9099998474121,20.7709999084473,20.7709999084473,500,20.1714687347412
2023-09-21,20.3899993896484,20.4200000762939,20.3700008392334,20.3700008392334,4400,19.7820453643799
2023-09-22,20.9599990844727,21.0799999237061,20.9599990844727,21.0400009155273,3300,20.4327068328857
2023-09-25,20.7000007629395,20.7700004577637,20.6900005340576,20.7369995117188,10400,20.1384506225586
2023-09-26,20.6000003814697,20.6000003814697,20.5160007476807,20.5160007476807,600,19.9238300323486
2023-09-27,20.3150005340576,20.3899993896484,20.3099994659424,20.3880004882812,10300,19.799524307251
2023-09-28,20.1599998474121,20.3239994049072,20.1599998474121,20.3239994049072,10100,19.7373695373535
2023-09-29,20.5499992370605,20.5499992370605,20.5179996490479,20.5179996490479,1800,19.9257717132568
2023-10-02,20.4500007629395,20.451000213623,20.3600006103516,20.451000213623,4900,19.8607063293457
2023-10-03,20.0900001525879,20.1599998474121,19.9899997711182,20.1009998321533,446700,19.5208072662354
2023-10-04,19.9799995422363,20.0100002288818,19.8799991607666,19.9190006256104,8700,19.3440608978271
2023-10-05,19.8719997406006,20.0400009155273,19.8500003814697,19.9909992218018,38800,19.4139823913574
2023-10-06,20.1399993896484,20.4699993133545,20.1399993896484,20.3099994659424,34200,19.7237739562988
2023-10-09,20.1499996185303,20.2600002288818,20.0799999237061,20.1900005340576,28300,19.6072406768799
2023-10-10,20.5799999237061,20.6119995117188,20.5699996948242,20.5809993743896,2100,19.9869537353516
2023-10-11,20.7399997711182,20.7800006866455,20.6200008392334,20.7150001525879,7000,20.1170845031738
2023-10-12,20.3899993896484,20.3899993896484,20.2600002288818,20.3309993743896,800,19.7441673278809
2023-10-13,20.1100006103516,20.1100006103516,20.0400009155273,20.0939998626709,7000,19.514009475708
2023-10-16,19.8600006103516,20.125,19.8600006103516,20.1089992523193,21700,19.5285758972168
2023-10-17,19.8299999237061,19.9500007629395,19.8299999237061,19.9440002441406,11400,19.3683395385742
2023-10-18,19.6399993896484,19.6399993896484,19.5699996948242,19.5699996948242,900,19.0051345825195
2023-10-19,19.3199996948242,19.3199996948242,19.2600002288818,19.2660007476807,2300,18.7099094390869
2023-10-20,19.0300006866455,19.0590000152588,18.951000213623,18.9890003204346,10900,18.4409046173096
2023-10-23,18.9500007629395,19.0699996948242,18.9400005340576,19.0130004882812,60700,18.4642124176025
2023-10-24,19.5699996948242,19.5960006713867,19.5699996948242,19.5839996337891,12200,19.0187301635742
2023-10-25,19.1900005340576,19.3099994659424,19.1399993896484,19.2099990844727,16200,18.6555252075195
2023-10-26,19.3099994659424,19.3449993133545,19.2099990844727,19.2450008392334,7900,18.6895160675049
2023-10-27,19.5400009155273,19.5400009155273,19.3600006103516,19.3600006103516,9500,18.801197052002
2023-10-30,19.7000007629395,19.7430000305176,19.5200004577637,19.5200004577637,8000,18.956579208374
2023-10-31,19.1879997253418,19.1900005340576,19,19.1900005340576,19600,18.6361026763916
2023-11-01,19.0900001525879,19.2129993438721,19.0900001525879,19.2129993438721,9100,18.6584377288818
2023-11-02,19.2299995422363,19.2600002288818,19.2099990844727,19.2560005187988,3300,18.7001991271973
2023-11-03,19.6499996185303,19.8040008544922,19.6499996185303,19.8040008544922,3300,19.2323818206787
2023-11-06,20.0300006866455,20.2299995422363,20.0200004577637,20.0200004577637,88000,19.4421463012695
2023-11-07,20.0499992370605,20.0499992370605,20.0100002288818,20.0450000762939,1000,19.466423034668
2023-11-08,20.0990009307861,20.1000003814697,19.9899997711182,19.9899997711182,800,19.4130115509033
2023-11-09,19.8899993896484,19.9300003051758,19.6949996948242,19.6949996948242,1900,19.1265277862549
2023-11-10,19.5900001525879,19.6599998474121,19.5499992370605,19.6450004577637,21700,19.0779685974121
2023-11-13,19.6900005340576,19.8400001525879,19.6900005340576,19.7560005187988,2400,19.1857662200928
2023-11-14,19.9759998321533,20.2199993133545,19.9699993133545,20.1660003662109,24100,19.5839328765869
2023-11-15,20.5900001525879,20.7600002288818,20.5499992370605,20.5930004119873,87100,19.998607635498
2023-11-16,19.8600006103516,20.1100006103516,19.8600006103516,19.9640007019043,4300,19.3877620697021
2023-11-17,19.9400005340576,19.9599990844727,19.9220008850098,19.9599990844727,800,19.3838768005371
2023-11-20,20.1700000762939,20.4300003051758,20.1700000762939,20.4130001068115,12300,19.823802947998
2023-11-21,20.2800006866455,20.2800006866455,20.1100006103516,20.1110000610352,3800,19.5305194854736
2023-11-22,20.1100006103516,20.1100006103516,20.0400009155273,20.1049995422363,35700,19.5246925354004
2023-11-24,20.25,20.2700004577637,20.25,20.2700004577637,4200,19.684928894043
2023-11-27,19.9799995422363,20.0699996948242,19.9799995422363,20.0020008087158,4000,19.4246654510498
2023-11-28,20.0389995574951,20.068000793457,20.0389995574951,20.068000793457,900,19.4887619018555
2023-11-29,19.6399993896484,19.7450008392334,19.6100006103516,19.6450004577637,10000,19.0779685974121
2023-11-30,19.75,19.7950000762939,19.7000007629395,19.7950000762939,10200,19.2236404418945
2023-12-01,19.4400005340576,19.6399993896484,19.4400005340576,19.6280002593994,40100,19.0614604949951
2023-12-04,19.2800006866455,19.2900009155273,19.1849994659424,19.2199993133545,15800,18.6652374267578
2023-12-05,18.9200000762939,18.9500007629395,18.8899993896484,18.9220008850098,4400,18.3758392333984
2023-12-06,18.9799995422363,18.9799995422363,18.8759994506836,18.8759994506836,3600,18.3311672210693
2023-12-07,18.8859996795654,18.8859996795654,18.8640003204346,18.8719997406006,500,18.3272819519043
2023-12-08,18.7600002288818,18.7600002288818,18.6720008850098,18.7070007324219,2100,18.1670436859131
2023-12-11,18.7199993133545,18.8579998016357,18.7199993133545,18.8290004730225,6700,18.2855243682861
2023-12-12,18.8700008392334,18.8999996185303,18.8199996948242,18.8899993896484,8900,18.3447608947754
2023-12-13,18.6700000762939,18.826000213623,18.5300006866455,18.826000213623,23600,18.2826080322266
2023-12-14,18.7000007629395,18.7000007629395,18.6200008392334,18.6429996490479,14700,18.4060192108154
2023-12-15,18.75,18.8449993133545,18.6000003814697,18.6049995422363,31600,18.3685035705566
2023-12-18,18.5300006866455,18.6200008392334,18.3099994659424,18.4780006408691,52000,18.2431182861328
2023-12-19,18.4899997711182,18.7299995422363,18.4899997711182,18.6499996185303,47900,18.4129314422607
2023-12-20,18.4500007629395,18.4500007629395,18.0499992370605,18.0499992370605,76300,17.820556640625
2023-12-21,18.6200008392334,18.7059993743896,18.5799999237061,18.7059993743896,8500,18.4682178497314
2023-12-22,18.2000007629395,18.3899993896484,18.2000007629395,18.3040008544922,24600,18.0713310241699
2023-12-26,18.3799991607666,18.4340000152588,18.3449993133545,18.3770008087158,7500,18.1434020996094
2023-12-27,18.3099994659424,18.3600006103516,18.25,18.3330001831055,95500,18.0999603271484
2023-12-28,18.7399997711182,19.0049991607666,18.7399997711182,18.9039993286133,65100,18.6637020111084
2023-12-29,18.9899997711182,19.1000003814697,18.9899997711182,19.0370006561279,17800,18.7950134277344
2024-01-02,18.5799999237061,18.5900001525879,18.5100002288818,18.5380001068115,23200,18.3023548126221
2024-01-03,18.5,18.7479991912842,18.5,18.7479991912842,4300,18.5096855163574
2024-01-04,18.5020008087158,18.5699996948242,18.4500007629395,18.4570007324219,6200,18.2223854064941
2024-01-05,18.4099998474121,18.4099998474121,18.3700008392334,18.378999710083,2900,18.1453762054443
2024-01-08,18.0499992370605,18.1700000762939,18.0499992370605,18.1700000762939,10500,17.9390335083008
2024-01-09,17.8299999237061,17.9150009155273,17.8299999237061,17.9039993286133,5700,17.6764125823975
2024-01-10,17.9300003051758,17.9899997711182,17.9300003051758,17.943000793457,2500,17.7149181365967
2024-01-11,18.1499996185303,18.1550006866455,18.0410003662109,18.1459999084473,6800,17.9153385162354
2024-01-12,18.2199993133545,18.2199993133545,18.0499992370605,18.0540008544922,12600,17.8245086669922
2024-01-16,17.8400001525879,17.8400001525879,17.5699996948242,17.6399993896484,13000,17.4157695770264
2024-01-17,17.0300006866455,17.1550006866455,17.0300006866455,17.1550006866455,11900,16.9369354248047
2024-01-18,17.25,17.3500003814697,17.2250003814697,17.2730007171631,51900,17.0534362792969
2024-01-19,17.25,17.4200000762939,17.1100006103516,17.4020004272461,22400,17.1807956695557
2024-01-22,16.8299999237061,16.9799995422363,16.8299999237061,16.9629993438721,22800,16.7473754882812
2024-01-23,17.4400005340576,17.6000003814697,17.4400005340576,17.5799999237061,13100,17.3565330505371
2024-01-24,18.1700000762939,18.1700000762939,18.0200004577637,18.0480003356934,13000,17.8185844421387
2024-01-25,18.1800003051758,18.1800003051758,18.0090007781982,18.1100006103516,20300,17.8797950744629
2024-01-26,18.0100002288818,18.0100002288818,17.9300003051758,17.951000213623,2700,17.7228164672852
2024-01-29,17.7399997711182,17.7399997711182,17.4950008392334,17.5499992370605,15500,17.3269138336182
2024-01-30,17.2800006866455,17.2800006866455,17.1299991607666,17.2299995422363,11000,17.0109806060791
2024-01-31,17.1499996185303,17.2399997711182,17.0900001525879,17.0900001525879,10200,16.8727607727051
2024-02-01,17.2299995422363,17.2900009155273,17.1399993896484,17.1840000152588,6700,16.9655666351318
2024-02-02,16.8500003814697,16.8999996185303,16.7700004577637,16.8449993133545,22700,16.6308746337891
2024-02-05,16.9599990844727,17.1490001678467,16.9599990844727,17.1219997406006,7200,16.904354095459
2024-02-06,17.7600002288818,17.9850006103516,17.7549991607666,17.9850006103516,3900,17.7563858032227
2024-02-07,17.8250007629395,17.8250007629395,17.7399997711182,17.7779998779297,1500,17.5520153045654
2024-02-08,17.5400009155273,17.6000003814697,17.4500007629395,17.4500007629395,8900,17.2281856536865
2024-02-09,17.3400001525879,17.5970001220703,17.3400001525879,17.5970001220703,9200,17.3733158111572
2024-02-12,17.9790000915527,17.9790000915527,17.8449993133545,17.8640003204346,4300,17.6369228363037
2024-02-13,17.6499996185303,17.6499996185303,17.5100002288818,17.5230007171631,11000,17.3002586364746
2024-02-14,17.6700000762939,17.7900009155273,17.6299991607666,17.7749996185303,11500,17.5490531921387
2024-02-15,17.9599990844727,17.9699993133545,17.7800006866455,17.8400001525879,26600,17.6132278442383
2024-02-16,18.25,18.2800006866455,18.2150001525879,18.2150001525879,1200,17.9834613800049
2024-02-20,18.2000007629395,18.2000007629395,17.9699993133545,18,2200,17.7711944580078
2024-02-21,18.4650001525879,18.4650001525879,18.42799949646,18.42799949646,900,18.1937522888184
2024-02-22,18.6149997711182,18.6900005340576,18.5699996948242,18.6620006561279,1000,18.4247798919678
2024-02-23,18.6900005340576,18.7800006866455,18.6800003051758,18.742000579834,900,18.5037631988525
2024-02-26,18.6100006103516,18.6200008392334,18.6040000915527,18.6040000915527,2400,18.3675155639648
2024-02-27,18.7700004577637,18.7700004577637,18.7409992218018,18.7409992218018,400,18.5027732849121
2024-02-28,18.1800003051758,18.1900005340576,18.1399993896484,18.1550006866455,1500,17.9242248535156
2024-02-29,18.2999992370605,18.3099994659424,18.2560005187988,18.2569999694824,2600,18.0249271392822
2024-03-01,18.6200008392334,18.6399993896484,18.5669994354248,18.6200008392334,6500,18.3833141326904
2024-03-04,18.5,18.5,18.2399997711182,18.2889995574951,5300,18.0565204620361
2024-03-05,18.0200004577637,18.0400009155273,18.0130004882812,18.0240001678467,1700,17.7948894500732
2024-03-06,18.4449996948242,18.4699993133545,18.375,18.3929996490479,1900,18.1591968536377
2024-03-07,18.0900001525879,18.1439990997314,18.0499992370605,18.1439990997314,3300,17.9133625030518
2024-03-08,18.1609992980957,18.2299995422363,18.1609992980957,18.1889991760254,1200,17.9577903747559
2024-03-11,18.7199993133545,18.7490005493164,18.6940002441406,18.6940002441406,700,18.456371307373
2024-03-12,19.1590003967285,19.2299995422363,19.1590003967285,19.2070007324219,5300,18.9628524780273
2024-03-13,19.3500003814697,19.3500003814697,19.2399997711182,19.2399997711182,4200,18.9954319000244
2024-03-14,18.8689994812012,18.9200000762939,18.8689994812012,18.9200000762939,400,18.6794986724854
2024-03-15,18.9080009460449,18.9099998474121,18.8500003814697,18.8500003814697,1400,18.6103897094727
2024-03-18,18.9610004425049,19.0799999237061,18.9220008850098,19.0049991607666,28400,18.7634181976318
2024-03-19,18.8470001220703,18.9150009155273,18.8400001525879,18.9020004272461,2500,18.6617279052734
2024-03-20,18.9799995422363,19.0949993133545,18.9799995422363,19.0809993743896,6200,18.838451385498
2024-03-21,18.9699993133545,18.9899997711182,18.9260005950928,18.9500007629395,1600,18.7091178894043
2024-03-22,18.5300006866455,18.6599998474121,18.5300006866455,18.6159992218018,1300,18.3793621063232
2024-03-25,18.5799999237061,18.6049995422363,18.5799999237061,18.6049995422363,2200,18.3685035705566
2024-03-26,18.6860008239746,18.6900005340576,18.6700000762939,18.6900005340576,5300,18.4524230957031
2024-03-27,18.5599994659424,18.628999710083,18.5599994659424,18.628999710083,1000,18.3921985626221
2024-03-28,18.8250007629395,18.8299999237061,18.7900009155273,18.7900009155273,1900,18.5511531829834
2024-04-01,19.1499996185303,19.1499996185303,19.1000003814697,19.1060009002686,7600,18.8631362915039
2024-04-02,19.2600002288818,19.2600002288818,19.1459999084473,19.1569995880127,900,18.9134864807129
2024-04-03,19.0400009155273,19.0799999237061,19.0400009155273,19.0599994659424,3700,18.8177185058594
2024-04-04,19.1350002288818,19.1499996185303,18.9820003509521,18.9820003509521,18500,18.7407112121582
2024-04-05,18.8400001525879,18.9029998779297,18.8209991455078,18.9029998779297,800,18.6627159118652
2024-04-08,18.9799995422363,18.9799995422363,18.8700008392334,18.9060001373291,2100,18.665678024292
2024-04-09,18.9899997711182,19.0389995574951,18.9899997711182,19.0389995574951,4400,18.7969856262207
2024-04-10,18.8400001525879,18.9020004272461,18.8400001525879,18.9020004272461,800,18.6617279052734
2024-04-11,18.9400005340576,19.0100002288818,18.9300003051758,19.0100002288818,4200,18.7683544158936
2024-04-12,18.4349994659424,18.4349994659424,18.3600006103516,18.3600006103516,400,18.1266174316406
2024-04-15,18.6599998474121,18.6599998474121,18.4300003051758,18.4750003814697,20400,18.2401561737061
2024-04-16,18.2999992370605,18.3400001525879,18.2299995422363,18.2870006561279,21900,18.0545463562012
2024-04-17,18.3600006103516,18.3700008392334,18.3099994659424,18.3250007629395,5400,18.0920639038086
2024-04-18,18.5599994659424,18.5599994659424,18.4799995422363,18.4829998016357,12500,18.2480545043945
2024-04-19,18.3199996948242,18.3689994812012,18.3199996948242,18.3689994812012,3600,18.1355018615723
2024-04-22,18.6399993896484,18.8199996948242,18.6399993896484,18.8139991760254,7200,18.5748462677002
2024-04-23,18.9850006103516,19.0900001525879,18.9850006103516,19.0900001525879,7600,18.8473377227783
2024-04-24,19.3199996948242,19.3470001220703,19.2749996185303,19.3470001220703,8200,19.1010723114014
2024-04-25,19.2800006866455,19.443000793457,19.2800006866455,19.443000793457,5200,19.1958522796631
2024-04-26,19.9099998474121,19.9549999237061,19.8700008392334,19.9549999237061,11400,19.701343536377
2024-04-29,20.2000007629395,20.2000007629395,20.1550006866455,20.2000007629395,1400,19.943229675293
2024-04-30,19.8199996948242,19.8199996948242,19.7800006866455,19.7800006866455,7300,19.5285682678223
2024-05-01,19.7800006866455,19.9500007629395,19.7800006866455,19.863000869751,1500,19.6105136871338
2024-05-02,20.4799995422363,21.0499992370605,20.4799995422363,20.9589996337891,5700,20.6925792694092
2024-05-03,21.0550003051758,21.0849990844727,21.0550003051758,21.0849990844727,500,20.8169784545898
2024-05-06,21.0400009155273,21.0790004730225,21.0249996185303,21.0249996185303,3200,20.7577419281006
2024-05-07,20.8099994659424,20.8449993133545,20.8099994659424,20.8299999237061,1800,20.5652198791504
2024-05-08,20.4200000762939,20.5499992370605,20.4200000762939,20.5240001678467,2000,20.2631092071533
2024-05-09,20.8099994659424,20.9599990844727,20.8099994659424,20.9309997558594,7700,20.6649360656738
2024-05-10,21.1499996185303,21.2399997711182,21.0499992370605,21.1009998321533,1400,20.8327751159668
2024-05-13,21.2000007629395,21.548999786377,21.2000007629395,21.4570007324219,10000,21.1842498779297
2024-05-14,21.2800006866455,21.3349990844727,21.2800006866455,21.3110008239746,59700,21.0401077270508
2024-05-15,21.375,21.4829998016357,21.375,21.4829998016357,400,21.2099189758301
2024-05-16,21.9899997711182,22.0450000762939,21.9650001525879,22.0270004272461,6800,21.7470054626465
2024-05-17,22.2399997711182,22.4200000762939,22.2399997711182,22.3700008392334,8500,22.0856456756592
2024-05-20,22.0900001525879,22.1599998474121,22.0200004577637,22.0419998168945,5900,21.7618141174316
2024-05-21,21.7250003814697,21.7250003814697,21.7250003814697,21.7250003814697,200,21.4488430023193
2024-05-22,21.6849994659424,21.7000007629395,21.5349998474121,21.5349998474121,3200,21.2612590789795
2024-05-23,21.3600006103516,21.3600006103516,21.0799999237061,21.0879993438721,3400,20.8199405670166
2024-05-24,20.8999996185303,21,20.8899993896484,20.9650001525879,4500,20.6985034942627
2024-05-28,20.9699993133545,20.9799995422363,20.9519996643066,20.9519996643066,700,20.6856689453125
2024-05-29,20.6299991607666,20.7000007629395,20.6299991607666,20.6900005340576,6700,20.4270000457764
2024-05-30,20.6800003051758,20.6900005340576,20.6690006256104,20.6690006256104,700,20.4062671661377
2024-05-31,20.2800006866455,20.3439998626709,20.2399997711182,20.3439998626709,3200,20.0853977203369
2024-06-03,20.386999130249,20.386999130249,20.386999130249,20.386999130249,200,20.1278495788574
2024-06-04,20.5699996948242,20.6299991607666,20.5699996948242,20.6189994812012,600,20.3569011688232
2024-06-05,20.5520000457764,20.6119995117188,20.5400009155273,20.6119995117188,8800,20.3499908447266
2024-06-06,20.5820007324219,20.5830001831055,20.5820007324219,20.5830001831055,200,20.3213596343994
2024-06-07,20.1000003814697,20.1189994812012,20.1000003814697,20.1189994812012,200,19.8632583618164
2024-06-10,20.1000003814697,20.2700004577637,20.1000003814697,20.2549991607666,3500,19.9975280761719
2024-06-11,20.0599994659424,20.0900001525879,20.0599994659424,20.0739994049072,2200,19.8188285827637
2024-06-12,20.1450004577637,20.1450004577637,20.0599994659424,20.0599994659424,5800,19.8050079345703
2024-06-13,20.0400009155273,20.0410003662109,20.0400009155273,20.0410003662109,300,19.7862491607666
2024-06-14,19.9899997711182,19.9899997711182,19.8899993896484,19.9300003051758,18400,19.6766605377197
2024-06-17,20.1299991607666,20.1299991607666,20.1299991607666,20.1299991607666,100,19.874116897583
2024-06-18,20.1100006103516,20.1149997711182,20.1000003814697,20.1149997711182,500,19.8593082427979
2024-06-20,20,20.0370006561279,19.9200000762939,20.0270004272461,3700,19.7724285125732
2024-06-21,19.8400001525879,19.8400001525879,19.8400001525879,19.8400001525879,100,19.5878047943115
2024-06-24,19.8999996185303,19.8999996185303,19.8939990997314,19.8939990997314,600,19.6411170959473
2024-06-25,19.6840000152588,19.6840000152588,19.6840000152588,19.6840000152588,100,19.4337882995605
2024-06-26,19.6900005340576,19.6900005340576,19.6499996185303,19.6800003051758,5500,19.429838180542
2024-06-27,19.3899993896484,19.4249992370605,19.2900009155273,19.2900009155273,1100,19.0447959899902
2024-06-28,19.2600002288818,19.2600002288818,19.2099990844727,19.2169990539551,700,18.9727230072021
2024-07-01,19.3099994659424,19.3099994659424,19.2649993896484,19.2649993896484,700,19.020112991333
2024-07-02,19.3600006103516,19.3600006103516,19.1800003051758,19.3600006103516,31500,19.1139068603516
2024-07-03,19.6700000762939,19.7299995422363,19.6700000762939,19.7099990844727,1100,19.4594554901123
2024-07-05,19.3799991607666,19.3850002288818,19.2849998474121,19.3850002288818,1700,19.1385879516602
2024-07-08,19.1299991607666,19.1700000762939,19.1200008392334,19.1700000762939,800,18.9263210296631
2024-07-09,19.1900005340576,19.3920001983643,19.1900005340576,19.3920001983643,1500,19.1455001831055
2024-07-10,19.3299999237061,19.3400001525879,19.3099994659424,19.3400001525879,1500,19.0941600799561
2024-07-11,19.7749996185303,19.8199996948242,19.7199993133545,19.7269992828369,1300,19.4762401580811
2024-07-12,20.1399993896484,20.1399993896484,19.9699993133545,19.9699993133545,500,19.7161521911621
2024-07-15,19.6399993896484,19.6399993896484,19.4890003204346,19.4890003204346,10500,19.2412662506104
2024-07-16,19.4500007629395,19.4599990844727,19.3500003814697,19.4400005340576,41900,19.1928901672363
2024-07-17,19.4300003051758,19.5699996948242,19.3229999542236,19.3229999542236,5900,19.0773754119873
2024-07-18,19.3700008392334,19.3700008392334,19.2129993438721,19.2129993438721,300,18.9687747955322
2024-07-19,19.1700000762939,19.1800003051758,19.1490001678467,19.1490001678467,300,18.9055881500244
2024-07-22,19.3400001525879,19.3999996185303,19.3349990844727,19.3570003509521,12300,19.1109447479248
2024-07-23,18.9680004119873,18.9750003814697,18.9680004119873,18.9750003814697,300,18.7338008880615
2024-07-24,18.80299949646,18.8700008392334,18.6700000762939,18.7140007019043,1600,18.4761180877686
2024-07-25,18.5699996948242,18.5799999237061,18.5130004882812,18.5130004882812,2200,18.2776737213135
2024-07-26,18.6350002288818,18.6450004577637,18.6350002288818,18.6350002288818,1000,18.3981227874756
2024-07-29,18.5900001525879,18.5900001525879,18.5400009155273,18.5610008239746,5300,18.3250637054443
2024-07-30,18.3700008392334,18.3700008392334,18.3299999237061,18.3610000610352,2900,18.1276054382324
2024-07-31,18.9050006866455,18.9050006866455,18.8600006103516,18.8700008392334,4000,18.6301345825195
2024-08-01,18.7299995422363,18.75,18.5550003051758,18.5599994659424,1600,18.3240737915039
2024-08-02,18.3700008392334,18.4130001068115,18.3700008392334,18.4130001068115,2400,18.1789436340332
2024-08-05,18.1100006103516,18.4200000762939,18.1100006103516,18.4139995574951,15700,18.1799297332764
2024-08-06,18.3799991607666,18.4099998474121,18.3509998321533,18.3509998321533,500,18.1177310943604
2024-08-07,18.4099998474121,18.4349994659424,18.3430004119873,18.3519992828369,1100,18.1187191009521
2024-08-08,18.6900005340576,18.8099994659424,18.6900005340576,18.7569999694824,4900,18.5185718536377
2024-08-09,18.6550006866455,18.6849994659424,18.6299991607666,18.67799949646,3700,18.4405746459961
2024-08-12,18.7900009155273,18.8600006103516,18.7800006866455,18.8090000152588,2600,18.5699100494385
2024-08-13,18.9099998474121,18.9449996948242,18.9099998474121,18.9290008544922,1500,18.6883850097656
2024-08-14,18.6000003814697,18.6000003814697,18.5,18.5359992980957,3300,18.3003787994385
2024-08-15,18.7399997711182,18.7900009155273,18.6900005340576,18.7159996032715,38600,18.4780921936035
2024-08-16,18.9699993133545,19.1299991607666,18.9699993133545,19.1299991607666,7200,18.8868293762207
2024-08-19,19.2299995422363,19.25,19.2000007629395,19.2110004425049,8900,18.9668006896973
2024-08-20,18.7919998168945,18.798999786377,18.7919998168945,18.798999786377,200,18.560037612915
2024-08-21,18.8099994659424,18.9360008239746,18.8099994659424,18.9360008239746,2000,18.6952972412109
2024-08-22,18.8899993896484,18.8899993896484,18.7649993896484,18.7649993896484,1200,18.5264682769775
2024-08-23,18.9699993133545,18.9699993133545,18.9500007629395,18.9689998626709,2100,18.727876663208
2024-08-26,18.5599994659424,18.5809993743896,18.5599994659424,18.5809993743896,200,18.3448085784912
2024-08-27,18.6399993896484,18.6399993896484,18.5499992370605,18.5499992370605,12900,18.3142013549805
2024-08-28,18.4300003051758,18.4699993133545,18.3099994659424,18.3390007019043,2900,18.105884552002
2024-08-29,18.5750007629395,18.5799999237061,18.5400009155273,18.5610008239746,10900,18.3250637054443
2024-08-30,18.9099998474121,18.9300003051758,18.8199996948242,18.8649997711182,4100,18.6251983642578
2024-09-03,18.6299991607666,18.6599998474121,18.6000003814697,18.6040000915527,3100,18.3675155639648
2024-09-04,18.5799999237061,18.5799999237061,18.5300006866455,18.5349998474121,500,18.2993927001953
2024-09-05,18.5400009155273,18.5400009155273,18.5209999084473,18.5209999084473,400,18.2855701446533
2024-09-06,18.4300003051758,18.4300003051758,18.2700004577637,18.2800006866455,500,18.0476360321045
2024-09-09,18.1650009155273,18.1700000762939,18.1000003814697,18.1690006256104,10300,17.938045501709
2024-09-10,18.1599998474121,18.1599998474121,18,18.0450000762939,3700,17.8156223297119
2024-09-11,18.1900005340576,18.2649993896484,18.1399993896484,18.257999420166,1200,18.0259132385254
2024-09-12,18.2600002288818,18.2709999084473,18.2399997711182,18.2709999084473,1100,18.0387477874756
2024-09-13,18.2800006866455,18.2800006866455,18.2299995422363,18.2730007171631,2000,18.0407238006592
2024-09-16,18.3199996948242,18.3500003814697,18.3199996948242,18.3500003814697,200,18.1167449951172
2024-09-17,18.5,18.5699996948242,18.4500007629395,18.4650001525879,3900,18.2302837371826
2024-09-18,18.5300006866455,18.5300006866455,18.4300003051758,18.4340000152588,2700,18.1996765136719
2024-09-19,18.9300003051758,19.0900001525879,18.9300003051758,19.0900001525879,11000,18.8473377227783
2024-09-20,18.9899997711182,19.0300006866455,18.9899997711182,19.0240001678467,2800,18.7821769714355
2024-09-23,19.2600002288818,19.3199996948242,19.2600002288818,19.3040008544922,1500,19.0586185455322
2024-09-24,20.6800003051758,21.2800006866455,20.6800003051758,21.2350006103516,128600,20.9650726318359
2024-09-25,20.8099994659424,20.9890003204346,20.7299995422363,20.8150005340576,4300,20.5504112243652
2024-09-26,22.8400001525879,23.0450000762939,22.5650005340576,23.0200004577637,379700,22.7273826599121
2024-09-27,23.5,23.9899997711182,23.5,23.9020004272461,44500,23.5981712341309
2024-09-30,25.1900005340576,25.2800006866455,24.5,24.5699996948242,94400,24.2576789855957
2024-10-01,27.0300006866455,27.5100002288818,24.3139991760254,25.3099994659424,56600,24.9882717132568
2024-10-02,27.5,27.75,27.1599998474121,27.75,44400,27.3972568511963
2024-10-03,26.5799999237061,27.1700000762939,26.5699996948242,26.9769992828369,37300,26.6340827941895
2024-10-04,27.6499996185303,28,27.6499996185303,27.9500007629395,82400,27.5947151184082
2024-10-07,28.8400001525879,29.3799991607666,28.4899997711182,29.3299999237061,67200,28.9571723937988
2024-10-08,25.7800006866455,26.05299949646,25.382999420166,25.7530002593994,249800,25.4256420135498
2024-10-09,24.5599994659424,25.2700004577637,24.5599994659424,24.8999996185303,110500,24.5834846496582
2024-10-10,25.2199993133545,25.3649997711182,25.0200004577637,25.2369995117188,2800,24.9162006378174
2024-10-11,24.6299991607666,25.5100002288818,24.6299991607666,25.2560005187988,105500,24.9349594116211
2024-10-14,24.8899993896484,25.1000003814697,24.7199993133545,24.7609996795654,20700,24.4462509155273
2024-10-15,24.0900001525879,24.0900001525879,23.4389991760254,23.4389991760254,20100,23.141056060791
2024-10-16,23.7999992370605,24.0599994659424,23.7999992370605,23.9200000762939,10800,23.6159420013428
2024-10-17,23.2700004577637,23.2700004577637,23.0100002288818,23.0839996337891,21600,22.7905673980713
2024-10-18,24.2900009155273,24.3999996185303,24.2250003814697,24.2299995422363,18100,23.9220008850098
2024-10-21,24.0799999237061,24.0799999237061,23.8199996948242,23.9200000762939,21000,23.6159420013428
2024-10-22,24.0300006866455,24.4799995422363,24.0300006866455,24.2549991607666,12900,23.9466819763184
2024-10-23,24.3500003814697,24.4200000762939,24.1849994659424,24.1909999847412,14300,23.8834972381592
2024-10-24,23.9699993133545,24.0100002288818,23.8799991607666,23.9479999542236,3100,23.6435852050781
2024-10-25,24.2600002288818,24.2600002288818,24.0729999542236,24.0729999542236,1100,23.766996383667
2024-10-28,24.2600002288818,24.5590000152588,24.2600002288818,24.4780006408691,4200,24.1668491363525
2024-10-29,24.5,24.5,24.2290000915527,24.2290000915527,7300,23.9210147857666
2024-10-30,23.7299995422363,23.9400005340576,23.7299995422363,23.9179992675781,7300,23.6139659881592
2024-10-31,23.7299995422363,23.9200000762939,23.7240009307861,23.8969993591309,7000,23.5932331085205
2024-11-01,24.0900001525879,24.1000003814697,23.9500007629395,23.9500007629395,5800,23.6455612182617
2024-11-04,24.3899993896484,24.3899993896484,24.1849994659424,24.1849994659424,3400,23.8775730133057
2024-11-05,24.8799991607666,24.8999996185303,24.8250007629395,24.8530006408691,3400,24.5370826721191
2024-11-06,23.9500007629395,24.1949996948242,23.75,24.0300006866455,128000,23.7245445251465
2024-11-07,25.2700004577637,25.5960006713867,25.2700004577637,25.4769992828369,1900,25.153148651123
2024-11-08,24.2959995269775,24.367000579834,23.9500007629395,24.0909996032715,8600,23.7847671508789
2024-11-11,24.1399993896484,24.1399993896484,23.9899997711182,24.0540008544922,4500,23.7482395172119
2024-11-12,23.4699993133545,23.4799995422363,23.2600002288818,23.3619995117188,8100,23.065034866333
2024-11-13,23.6200008392334,23.6200008392334,23.3299999237061,23.371000289917,4500,23.0739212036133
2024-11-14,23.1700000762939,23.1800003051758,22.9699993133545,23,5200,22.7076358795166
2024-11-15,22.8199996948242,22.9009990692139,22.8110008239746,22.9009990692139,2700,22.6098937988281
2024-11-18,22.9500007629395,23.1200008392334,22.9400005340576,23.0849990844727,4600,22.7915554046631
2024-11-19,23,23.0100002288818,22.9599990844727,23.0069999694824,2600,22.7145481109619
2024-11-20,23.0499992370605,23.0900001525879,22.9799995422363,23.0230007171631,92200,22.7303447723389
2024-11-21,22.8199996948242,22.8600006103516,22.8099994659424,22.8560009002686,4200,22.5654678344727
2024-11-22,22.2199993133545,22.2199993133545,22.1000003814697,22.1569995880127,18600,21.8753509521484
2024-11-25,22.0300006866455,22.2099990844727,22.0300006866455,22.1200008392334,17400,21.8388233184814
2024-11-26,22.1599998474121,22.1599998474121,22.0200004577637,22.0900001525879,24000,21.8092041015625
2024-11-27,22.6800003051758,22.7730007171631,22.6380004882812,22.6919994354248,17300,22.4035511016846
2024-11-29,22.6749992370605,22.681999206543,22.6679992675781,22.681999206543,2600,22.3936786651611
2024-12-02,22.6499996185303,22.7700004577637,22.5900001525879,22.7439994812012,10300,22.4548892974854
2024-12-03,22.8199996948242,22.8299999237061,22.7549991607666,22.7749996185303,2300,22.4854965209961
2024-12-04,22.7299995422363,22.7299995422363,22.5100002288818,22.576000213623,5600,22.289026260376
2024-12-05,22.7000007629395,22.7099990844727,22.6509990692139,22.6690006256104,5100,22.3808441162109
2024-12-06,23.0009994506836,23.0009994506836,22.8099994659424,22.875,12000,22.5842247009277
2024-12-09,24.3899993896484,24.8600006103516,24.3600006103516,24.5370006561279,11200,24.2250995635986
2024-12-10,23.6000003814697,23.6000003814697,23.4489994049072,23.4549999237061,3100,23.156852722168
2024-12-11,23.2399997711182,23.2900009155273,23.2199993133545,23.2870006561279,2100,22.9909896850586
2024-12-12,23.2000007629395,23.2800006866455,23.2000007629395,23.2520008087158,10400,22.9564342498779
2024-12-13,22.9300003051758,22.9300003051758,22.8299999237061,22.8799991607666,1300,22.5891609191895
2024-12-16,22.5900001525879,22.6200008392334,22.5200004577637,22.5599994659424,4600,22.273229598999
2024-12-17,22.6350002288818,22.8600006103516,22.6350002288818,22.8139991760254,1500,22.5240001678467
2024-12-18,22.4150009155273,22.4500007629395,22.1380004882812,22.1380004882812,4300,22.1380004882812
2024-12-19,22.2800006866455,22.3500003814697,22.2299995422363,22.2299995422363,4500,22.2299995422363
2024-12-20,22.2199993133545,22.4200000762939,22.1900005340576,22.3150005340576,2900,22.3150005340576
2024-12-23,22.2000007629395,22.386999130249,22.2000007629395,22.3400001525879,7100,22.3400001525879
2024-12-24,22.5400009155273,22.5939998626709,22.5400009155273,22.5510005950928,1600,22.5510005950928
2024-12-26,22.6469993591309,22.6469993591309,22.5599994659424,22.5860004425049,1900,22.5860004425049
2024-12-27,22.2600002288818,22.3999996185303,22.2600002288818,22.3600006103516,10700,22.3600006103516
2024-12-30,22.1709995269775,22.2399997711182,22.1499996185303,22.1840000152588,10400,22.1840000152588
2024-12-31,22.0739994049072,22.1299991607666,21.9899997711182,22.0499992370605,3500,22.0499992370605
2025-01-02,21.6299991607666,21.7700004577637,21.6200008392334,21.6200008392334,5400,21.6200008392334
2025-01-03,21.6770000457764,21.75,21.6700000762939,21.7299995422363,2100,21.7299995422363
2025-01-06,21.8619995117188,21.8619995117188,21.4699993133545,21.4769992828369,2800,21.4769992828369
2025-01-07,21.4400005340576,21.4689998626709,21.3470001220703,21.3610000610352,2000,21.3610000610352
2025-01-08,21.2399997711182,21.2670001983643,21.2199993133545,21.2670001983643,3800,21.2670001983643
2025-01-10,20.6889991760254,20.6889991760254,20.6100006103516,20.6100006103516,4300,20.6100006103516
2025-01-13,20.7399997711182,20.746000289917,20.6700000762939,20.746000289917,2400,20.746000289917
2025-01-14,21.3999996185303,21.3999996185303,21.257999420166,21.2980003356934,2200,21.2980003356934
2025-01-15,21.4200000762939,21.4500007629395,21.3999996185303,21.4109992980957,1600,21.4109992980957
2025-01-16,21.3600006103516,21.4029998779297,21.3600006103516,21.4029998779297,1000,21.4029998779297
2025-01-17,21.5970001220703,21.8799991607666,21.5970001220703,21.8729991912842,2600,21.8729991912842
2025-01-21,22.1299991607666,22.1299991607666,21.9699993133545,22.0209999084473,2300,22.0209999084473
2025-01-22,21.8659992218018,21.9020004272461,21.8659992218018,21.9020004272461,4200,21.9020004272461
2025-01-23,21.7600002288818,21.882999420166,21.7099990844727,21.882999420166,12000,21.882999420166
2025-01-24,22.1200008392334,22.367000579834,22.1200008392334,22.367000579834,4000,22.367000579834
2025-01-27,22.4899997711182,22.4899997711182,22.3700008392334,22.443000793457,30300,22.443000793457
2025-01-28,22.4099998474121,22.5200004577637,22.2199993133545,22.5200004577637,106500,22.5200004577637
2025-01-29,22.6299991607666,22.6299991607666,22.5009994506836,22.5009994506836,48400,22.5009994506836
2025-01-30,22.9300003051758,23.1100006103516,22.9300003051758,22.9839992523193,36200,22.9839992523193
2025-01-31,22.7900009155273,22.8299999237061,22.4799995422363,22.576000213623,21000,22.576000213623
2025-02-03,22.1499996185303,22.4549999237061,22.1499996185303,22.3120002746582,5400,22.3120002746582
2025-02-04,22.8299999237061,22.9500007629395,22.8299999237061,22.8729991912842,7600,22.8729991912842
2025-02-05,22.5419998168945,22.5419998168945,22.3899993896484,22.4109992980957,28600,22.4109992980957
2025-02-06,22.6399993896484,22.6499996185303,22.5699996948242,22.6340007781982,14600,22.6340007781982
2025-02-07,23.0599994659424,23.1299991607666,22.8449993133545,22.8610000610352,5500,22.8610000610352
2025-02-10,23.2800006866455,23.3199996948242,23.2000007629395,23.3099994659424,5200,23.3099994659424
2025-02-11,23.1299991607666,23.2900009155273,23.1000003814697,23.2259998321533,12000,23.2259998321533
2025-02-12,23.5300006866455,23.9200000762939,23.5300006866455,23.8090000152588,8200,23.8090000152588
2025-02-13,23.3999996185303,23.7999992370605,23.3799991607666,23.7779998779297,8200,23.7779998779297
2025-02-14,24.4799995422363,24.4799995422363,24.3649997711182,24.3950004577637,45600,24.3950004577637
2025-02-18,24.5499992370605,24.5499992370605,24.2450008392334,24.3540000915527,11800,24.3540000915527
2025-02-19,24.3799991607666,24.3799991607666,24.2080001831055,24.2099990844727,4200,24.2099990844727
2025-02-20,24.75,24.9290008544922,24.4599990844727,24.625,10700,24.625
2025-02-21,25.0400009155273,25.3500003814697,24.9300003051758,25.0459995269775,13700,25.0459995269775
2025-02-24,24.4599990844727,24.4799995422363,24.1800003051758,24.2019996643066,10200,24.2019996643066
2025-02-25,24.2700004577637,24.3059997558594,24.1499996185303,24.2339992523193,2000,24.2339992523193
2025-02-26,24.9699993133545,25.1700000762939,24.8199996948242,24.9020004272461,8200,24.9020004272461
2025-02-27,24.8400001525879,24.9400005340576,24.6700000762939,24.7479991912842,1700,24.7479991912842
2025-02-28,24.0699996948242,24.1900005340576,24.0599994659424,24.17799949646,30800,24.17799949646
2025-03-03,24.2199993133545,24.2999992370605,23.7999992370605,23.8199996948242,34400,23.8199996948242
2025-03-04,23.9409999847412,24.2520008087158,23.8600006103516,24.1599998474121,5500,24.1599998474121
2025-03-05,24.6000003814697,25.2000007629395,24.6000003814697,25.1420001983643,14200,25.1420001983643
2025-03-06,25.5300006866455,25.6499996185303,25.3600006103516,25.3659992218018,10200,25.3659992218018
2025-03-07,25.2999992370605,25.3799991607666,25.2000007629395,25.2399997711182,12200,25.2399997711182
2025-03-10,24.7800006866455,24.7800006866455,24.4500007629395,24.5690002441406,10900,24.5690002441406
2025-03-11,24.9799995422363,25.0900001525879,24.7700004577637,24.9519996643066,8800,24.9519996643066
2025-03-12,24.9069995880127,24.9069995880127,24.7000007629395,24.8500003814697,40900,24.8500003814697
2025-03-13,24.6100006103516,24.9899997711182,24.6100006103516,24.9109992980957,6500,24.9109992980957
2025-03-14,25.7399997711182,25.7999992370605,25.6700000762939,25.7999992370605,10200,25.7999992370605
2025-03-17,25.6499996185303,26.3199996948242,25.6499996185303,26.2689990997314,28700,26.2689990997314
2025-03-18,26.2000007629395,26.2000007629395,25.9500007629395,26.0100002288818,8900,26.0100002288818
2025-03-19,26.1399993896484,26.1399993896484,25.8799991607666,26,37100,26
2025-03-20,25.1299991607666,25.3400001525879,25.1299991607666,25.2399997711182,35400,25.2399997711182
2025-03-21,24.8099994659424,24.8899993896484,24.7299995422363,24.8500003814697,8600,24.8500003814697
2025-03-24,24.9699993133545,24.9699993133545,24.8999996185303,24.9050006866455,6800,24.9050006866455
2025-03-25,24.7900009155273,24.9599990844727,24.6949996948242,24.6949996948242,16000,24.6949996948242
2025-03-26,24.6100006103516,24.6900005340576,24.5300006866455,24.5809993743896,5000,24.5809993743896
2025-03-27,24.9200000762939,25.0400009155273,24.9200000762939,24.9449996948242,14400,24.9449996948242
2025-03-28,24.6000003814697,24.6000003814697,24.4200000762939,24.4780006408691,5100,24.4780006408691
2025-03-31,24.1900005340576,24.382999420166,24.1299991607666,24.3460006713867,3100,24.3460006713867
2025-04-01,24.3700008392334,24.5100002288818,24.3400001525879,24.4190006256104,2000,24.4190006256104
2025-04-02,24.6000003814697,24.6000003814697,24.3349990844727,24.4009990692139,2000,24.4009990692139
2025-04-03,23.9699993133545,24.0900001525879,23.7999992370605,23.9160003662109,382600,23.9160003662109
2025-04-04,22.5,22.8349990844727,21.9400005340576,22.3600006103516,30600,22.3600006103516
2025-04-07,20.5499992370605,21.3799991607666,20.2000007629395,20.5179996490479,17000,20.5179996490479
2025-04-08,21.4699993133545,21.4699993133545,20.0599994659424,20.1040000915527,8500,20.1040000915527
2025-04-09,20.7900009155273,21.5,20.7000007629395,21.3840007781982,15300,21.3840007781982
2025-04-10,21.8600006103516,21.8600006103516,21.2299995422363,21.2719993591309,13200,21.2719993591309
2025-04-11,21.7199993133545,22.0900001525879,21.5599994659424,22.007999420166,10600,22.007999420166
2025-04-14,22.3250007629395,22.5799999237061,22.2950000762939,22.4060001373291,3500,22.4060001373291
2025-04-15,22.25,22.3099994659424,22.1749992370605,22.1749992370605,6800,22.1749992370605
2025-04-16,21.8799991607666,22.0049991607666,21.5499992370605,21.8250007629395,10500,21.8250007629395
2025-04-17,22.0900001525879,22.0900001525879,21.9109992980957,21.9150009155273,16400,21.9150009155273
2025-04-21,21.9500007629395,21.9500007629395,21.7600002288818,21.8640003204346,3400,21.8640003204346
2025-04-22,22.3099994659424,22.4710006713867,22.3099994659424,22.4689998626709,1400,22.4689998626709
2025-04-23,22.7950000762939,23,22.7000007629395,22.7110004425049,16600,22.7110004425049
2025-04-24,22.7399997711182,22.818000793457,22.6900005340576,22.738000869751,54600,22.738000869751
