Index,RDDT.Open,RDDT.High,RDDT.Low,RDDT.Close,RDDT.Volume,RDDT.Adjusted
2024-03-21,47,57.7999992370605,45.0499992370605,50.439998626709,48705500,50.439998626709
2024-03-22,48.8800010681152,51,45.3400001525879,46,15983100,46
2024-03-25,47.0900001525879,61.939998626709,46.0800018310547,59.7999992370605,24398800,59.7999992370605
2024-03-26,67.7099990844727,74.9000015258789,63.2099990844727,65.1100006103516,35331000,65.1100006103516
2024-03-27,63.7599983215332,63.7599983215332,55.6199989318848,57.75,18758300,57.75
2024-03-28,54.5200004577637,55.2999992370605,49.0999984741211,49.3199996948242,12608100,49.3199996948242
2024-04-01,48.9500007629395,49.2799987792969,44.3950004577637,45.9700012207031,12987900,45.9700012207031
2024-04-02,45.0550003051758,51.3499984741211,44,50.4500007629395,9442900,50.4500007629395
2024-04-03,49.7000007629395,51.2400016784668,46.5499992370605,46.9900016784668,4822900,46.9900016784668
2024-04-04,46.7000007629395,48.4300003051758,45.0999984741211,45.7799987792969,4618400,45.7799987792969
2024-04-05,45.6800003051758,48.2900009155273,44.6800003051758,47.560001373291,2930800,47.560001373291
2024-04-08,47.8600006103516,49.1800003051758,45.0400009155273,46.1500015258789,2661500,46.1500015258789
2024-04-09,46.4000015258789,47.4900016784668,44.9000015258789,45,2277300,45
2024-04-10,44,44.5979995727539,41.7200012207031,42.0900001525879,4350100,42.0900001525879
2024-04-11,42.0499992370605,46.3499984741211,42.0099983215332,44.5299987792969,4263000,44.5299987792969
2024-04-12,43.4700012207031,43.8600006103516,42.1599998474121,42.2700004577637,2021300,42.2700004577637
2024-04-15,41.939998626709,42.0999984741211,39.6800003051758,40,3448500,40
2024-04-16,40.5,42.1399993896484,39.3199996948242,41.1399993896484,1699000,41.1399993896484
2024-04-17,40.4000015258789,40.6049995422363,38.7000007629395,39.1699981689453,2153800,39.1699981689453
2024-04-18,38.7999992370605,42.1300010681152,37.3499984741211,41.7200012207031,2284100,41.7200012207031
2024-04-19,40.5699996948242,43.8300018310547,40.1699981689453,40.8800010681152,2540600,40.8800010681152
2024-04-22,40.8800010681152,42.5699996948242,40.5099983215332,42.0400009155273,1486400,42.0400009155273
2024-04-23,42.0699996948242,44.060001373291,41.8219985961914,42.8199996948242,1956500,42.8199996948242
2024-04-24,42.6599998474121,43.9700012207031,42.4500007629395,43.1500015258789,1384000,43.1500015258789
2024-04-25,41.6399993896484,42.6399993896484,40.8499984741211,42.4500007629395,1485800,42.4500007629395
2024-04-26,42.9799995422363,46.1990013122559,42.6500015258789,45.4300003051758,2764200,45.4300003051758
2024-04-29,46.0499992370605,48.8800010681152,45.8499984741211,46.2799987792969,2678300,46.2799987792969
2024-04-30,45.4700012207031,46.7550010681152,44.1500015258789,44.439998626709,1752900,44.439998626709
2024-05-01,44.8699989318848,47.7000007629395,44.5999984741211,45.8800010681152,1598100,45.8800010681152
2024-05-02,46.6100006103516,49.6389999389648,45.7200012207031,47.7000007629395,2365000,47.7000007629395
2024-05-03,48.439998626709,48.7000007629395,46.2400016784668,46.6399993896484,1188300,46.6399993896484
2024-05-06,46.9900016784668,49.8699989318848,46.75,48.2700004577637,2116700,48.2700004577637
2024-05-07,47.7299995422363,50.3300018310547,47.4000015258789,49.4000015258789,6241700,49.4000015258789
2024-05-08,55,55.1599998474121,49.7000007629395,51.4000015258789,13509300,51.4000015258789
2024-05-09,51.2400016784668,51.25,48.25,50.1100006103516,3909100,50.1100006103516
2024-05-10,50.6399993896484,54.75,50.3800010681152,53.5299987792969,4450800,53.5299987792969
2024-05-13,56.4900016784668,61.2099990844727,55.5900001525879,58.189998626709,8179400,58.189998626709
2024-05-14,62.5699996948242,64.5,59.5,62.3400001525879,7674000,62.3400001525879
2024-05-15,60.2299995422363,60.9300003051758,56.25,59.6300010681152,4897600,59.6300010681152
2024-05-16,59.5,60.4599990844727,56.2900009155273,56.3800010681152,3219400,56.3800010681152
2024-05-17,61.2000007629395,66.1500015258789,60.6199989318848,62.0400009155273,15131400,62.0400009155273
2024-05-20,61.9000015258789,62,57.2700004577637,61.2200012207031,5975200,61.2200012207031
2024-05-21,60.7400016784668,62.4599990844727,58.8400001525879,59.310001373291,2694000,59.310001373291
2024-05-22,59,60.4500007629395,55.8600006103516,56.689998626709,3272300,56.689998626709
2024-05-23,56.8800010681152,57.2599983215332,53.1100006103516,54.1599998474121,3289600,54.1599998474121
2024-05-24,53.9599990844727,56,53.2099990844727,54.7200012207031,2019800,54.7200012207031
2024-05-28,55.1199989318848,59.2750015258789,53.8629989624023,58.4900016784668,3536900,58.4900016784668
2024-05-29,57.4500007629395,58.6300010681152,56.8009986877441,57.6399993896484,1320000,57.6399993896484
2024-05-30,57,59.4900016784668,55.7599983215332,56.2999992370605,1857800,56.2999992370605
2024-05-31,56.2099990844727,57.5200004577637,53.4500007629395,54.2400016784668,2036800,54.2400016784668
2024-06-03,57.5499992370605,58.6399993896484,54.8199996948242,55.7999992370605,2573100,55.7999992370605
2024-06-04,55.2000007629395,55.4000015258789,53.9550018310547,54.5,1291000,54.5
2024-06-05,54.7900009155273,60.2400016784668,54.5709991455078,60.0699996948242,3030000,60.0699996948242
2024-06-06,58.9900016784668,63.5699996948242,58.3800010681152,63.4599990844727,3375200,63.4599990844727
2024-06-07,61.6300010681152,63.7999992370605,59.2099990844727,59.7999992370605,3414000,59.7999992370605
2024-06-10,60.0099983215332,61.3800010681152,58.2599983215332,59.6300010681152,1456800,59.6300010681152
2024-06-11,60.1199989318848,62.048999786377,58.4949989318848,61.5499992370605,2024100,61.5499992370605
2024-06-12,62.875,69.5899963378906,61.8499984741211,65.9300003051758,6825700,65.9300003051758
2024-06-13,66.8300018310547,69.0419998168945,63.6399993896484,63.9599990844727,2874500,63.9599990844727
2024-06-14,63.5400009155273,64.9400024414062,60.1100006103516,60.939998626709,2454900,60.939998626709
2024-06-17,61,61.1300010681152,58.0999984741211,60.3499984741211,2097100,60.3499984741211
2024-06-18,61.1100006103516,61.6389999389648,57.5,60.2099990844727,2213100,60.2099990844727
2024-06-20,60,60.0999984741211,55.4700012207031,57.4199981689453,3372100,57.4199981689453
2024-06-21,56.4000015258789,57.6500015258789,54.4500007629395,57.2999992370605,4440000,57.2999992370605
2024-06-24,57.3199996948242,58.8899993896484,55.9500007629395,56.4799995422363,1789200,56.4799995422363
2024-06-25,56.560001373291,61.5699996948242,56.4199981689453,61.3800010681152,2819000,61.3800010681152
2024-06-26,60.5,63.8800010681152,60.3300018310547,63.6100006103516,3828400,63.6100006103516
2024-06-27,62.8339996337891,64.6999969482422,62.0299987792969,63.5800018310547,1704800,63.5800018310547
2024-06-28,64.0699996948242,65.8199996948242,62.6699981689453,63.8899993896484,1921900,63.8899993896484
2024-07-01,64.1999969482422,66.6900024414062,62.2000007629395,66.5899963378906,3609100,66.5899963378906
2024-07-02,65.9899978637695,73.5199966430664,65.6500015258789,73.5100021362305,6089600,73.5100021362305
2024-07-03,71.9300003051758,73.9720001220703,70.1800003051758,73.620002746582,2718100,73.620002746582
2024-07-05,73.7799987792969,76.1999969482422,71.5800018310547,72.9700012207031,2587200,72.9700012207031
2024-07-08,72.7600021362305,74.1159973144531,70.9000015258789,72.8099975585938,2191100,72.8099975585938
2024-07-09,73.4800033569336,76.7399978637695,69.1999969482422,70.5899963378906,2879900,70.5899963378906
2024-07-10,71.2300033569336,72.2799987792969,67.620002746582,69.4000015258789,2156100,69.4000015258789
2024-07-11,70.5,71.890998840332,68.3280029296875,70.2900009155273,2170300,70.2900009155273
2024-07-12,70.75,76.7300033569336,69.4000015258789,73.8499984741211,3512600,73.8499984741211
2024-07-15,74.6900024414062,78.0800018310547,72.5309982299805,72.9800033569336,2782800,72.9800033569336
2024-07-16,70.6699981689453,70.6900024414062,66.7699966430664,70.4400024414062,4589300,70.4400024414062
2024-07-17,68.4800033569336,69.7900009155273,63.7900009155273,65.2099990844727,3319000,65.2099990844727
2024-07-18,66.7399978637695,66.7399978637695,63.9379997253418,65.9199981689453,2064100,65.9199981689453
2024-07-19,65.75,68.2699966430664,64.5,64.6999969482422,1997300,64.6999969482422
2024-07-22,66.9300003051758,70.4599990844727,65.5449981689453,68.129997253418,3644800,68.129997253418
2024-07-23,67.8000030517578,71.4100036621094,67.0100021362305,67.8399963378906,2486500,67.8399963378906
2024-07-24,65.6650009155273,66.3000030517578,62.1809997558594,62.9500007629395,2869100,62.9500007629395
2024-07-25,62.9000015258789,64.3600006103516,59.7299995422363,62.060001373291,2644500,62.060001373291
2024-07-26,62.9000015258789,64.3199996948242,61.2299995422363,62.3600006103516,2044300,62.3600006103516
2024-07-29,62.9700012207031,62.9799995422363,58.7200012207031,59.9799995422363,2202900,59.9799995422363
2024-07-30,60.060001373291,60.5900001525879,57.3600006103516,58.439998626709,2211200,58.439998626709
2024-07-31,59.3800010681152,61.2700004577637,59.310001373291,60.8499984741211,1652100,60.8499984741211
2024-08-01,64.4000015258789,64.6399993896484,59.2000007629395,59.3800010681152,2520400,59.3800010681152
2024-08-02,56.2400016784668,57.810001373291,54.1100006103516,57.5800018310547,3254200,57.5800018310547
2024-08-05,53.25,59.1300010681152,52.7599983215332,56.810001373291,3078900,56.810001373291
2024-08-06,58.0999984741211,58.5,54.3400001525879,54.3600006103516,6498300,54.3600006103516
2024-08-07,54.7999992370605,55.2400016784668,49.1300010681152,50.689998626709,7772200,50.689998626709
2024-08-08,51.9500007629395,57.742000579834,51.7599983215332,54.939998626709,5653300,54.939998626709
2024-08-09,53.9700012207031,54.1100006103516,51.5,52.9099998474121,14509800,52.9099998474121
2024-08-12,52.5,52.9700012207031,50.7999992370605,52.5099983215332,3398000,52.5099983215332
2024-08-13,53.0499992370605,54.689998626709,52.5400009155273,54.5200004577637,3967800,54.5200004577637
2024-08-14,53.7000007629395,55.0299987792969,53.2000007629395,54.9500007629395,3874000,54.9500007629395
2024-08-15,55.25,56.8499984741211,54.1800003051758,55.5499992370605,4841800,55.5499992370605
2024-08-16,54.8699989318848,55.1399993896484,53.9000015258789,54.9199981689453,3005700,54.9199981689453
2024-08-19,54.7900009155273,54.9000015258789,52.4900016784668,54.3600006103516,4487400,54.3600006103516
2024-08-20,53.5,55.060001373291,52.3899993896484,55.0200004577637,4206300,55.0200004577637
2024-08-21,54.8800010681152,57.1100006103516,54.2700004577637,56.8899993896484,4179400,56.8899993896484
2024-08-22,56.5,57.4500007629395,55.2999992370605,56.4300003051758,3939000,56.4300003051758
2024-08-23,56.5099983215332,59.6800003051758,56.1300010681152,59.2099990844727,5286700,59.2099990844727
2024-08-26,59.2900009155273,59.9799995422363,57.5099983215332,58.2599983215332,2555700,58.2599983215332
2024-08-27,57.7200012207031,60.2700004577637,56.5400009155273,59,3716300,59
2024-08-28,57.8800010681152,57.9300003051758,55.0200004577637,56.1399993896484,4033100,56.1399993896484
2024-08-29,57.5849990844727,60.2900009155273,57.0999984741211,58.75,5040100,58.75
2024-08-30,59,60.4099998474121,58.4749984741211,60.0299987792969,4152500,60.0299987792969
2024-09-03,59.2449989318848,60.0750007629395,57.4900016784668,57.5299987792969,3016000,57.5299987792969
2024-09-04,56.7200012207031,58.810001373291,56.060001373291,57,2772100,57
2024-09-05,56.7999992370605,59.564998626709,56.3800010681152,58.7099990844727,2699600,58.7099990844727
2024-09-06,59.2400016784668,60.4099998474121,55.7999992370605,56.8499984741211,3074500,56.8499984741211
2024-09-09,57.1399993896484,58.5,55.2509994506836,57.4599990844727,4540600,57.4599990844727
2024-09-10,57.5200004577637,57.8699989318848,55.4799995422363,56.8699989318848,2615600,56.8699989318848
2024-09-11,56.5,60,55.8400001525879,59.8699989318848,3466500,59.8699989318848
2024-09-12,60,62.6590003967285,59.3800010681152,59.6300010681152,4783600,59.6300010681152
2024-09-13,59.6300010681152,60.25,58.0400009155273,59.0900001525879,3726000,59.0900001525879
2024-09-16,58.5999984741211,60.0999984741211,57.2200012207031,59.1500015258789,2683800,59.1500015258789
2024-09-17,61.3699989318848,61.9799995422363,59.310001373291,61.8899993896484,3824400,61.8899993896484
2024-09-18,61.9199981689453,64.0899963378906,61.5400009155273,63.6599998474121,4688400,63.6599998474121
2024-09-19,64.9899978637695,67.1900024414062,63.9000015258789,64.5599975585938,5105700,64.5599975585938
2024-09-20,64.8199996948242,66.9400024414062,64.1699981689453,66.1699981689453,8518300,66.1699981689453
2024-09-23,66,66.9599990844727,64.7799987792969,65,3645600,65
2024-09-24,65.2799987792969,67.2799987792969,63.5999984741211,66.9599990844727,4444900,66.9599990844727
2024-09-25,66.9599990844727,69.1100006103516,66.3499984741211,67.879997253418,4321100,67.879997253418
2024-09-26,69,69,65.7099990844727,66.5199966430664,4310300,66.5199966430664
2024-09-27,66.5899963378906,68.3499984741211,66.120002746582,67.0800018310547,3922300,67.0800018310547
2024-09-30,66.9400024414062,67.8099975585938,65.3199996948242,65.9199981689453,3558300,65.9199981689453
2024-10-01,65.9300003051758,66.6100006103516,64.5149993896484,65.9700012207031,3150500,65.9700012207031
2024-10-02,65.4899978637695,68.3099975585938,64.9000015258789,67.7799987792969,3992000,67.7799987792969
2024-10-03,68.0599975585938,68.9700012207031,67.3499984741211,67.4700012207031,4120300,67.4700012207031
2024-10-04,69.5199966430664,72.879997253418,68.8000030517578,72.379997253418,7415600,72.379997253418
2024-10-07,72.9899978637695,73.4199981689453,70.129997253418,70.4400024414062,2811200,70.4400024414062
2024-10-08,70.75,72.9800033569336,70.2399978637695,70.7699966430664,2494700,70.7699966430664
2024-10-09,73.6399993896484,75.1999969482422,70.4400024414062,71,5019000,71
2024-10-10,70.6900024414062,71.6600036621094,69.3000030517578,69.9000015258789,3974100,69.9000015258789
2024-10-11,69.9499969482422,73.25,69.7399978637695,73.25,5076300,73.25
2024-10-14,73.75,75.6699981689453,72.8199996948242,74.870002746582,5488800,74.870002746582
2024-10-15,74.8000030517578,76.4800033569336,74.1399993896484,75.1699981689453,5701300,75.1699981689453
2024-10-16,75.1600036621094,77.870002746582,73.5899963378906,77.2600021362305,4455200,77.2600021362305
2024-10-17,76.9800033569336,78.7399978637695,75.9400024414062,76.2900009155273,3074900,76.2900009155273
2024-10-18,76.6100006103516,81.3600006103516,76.4199981689453,80.9000015258789,5428500,80.9000015258789
2024-10-21,80.5550003051758,80.5550003051758,77.9000015258789,78.5500030517578,3750600,78.5500030517578
2024-10-22,77.7699966430664,78.5,76.5400009155273,77.2900009155273,3285000,77.2900009155273
2024-10-23,77.6900024414062,80.129997253418,76.6510009765625,77.6800003051758,4083700,77.6800003051758
2024-10-24,77.8550033569336,78.7149963378906,77.1399993896484,78.5999984741211,2174100,78.5999984741211
2024-10-25,79.0199966430664,81.7200012207031,79.0199966430664,81.3600006103516,3889100,81.3600006103516
2024-10-28,82.2099990844727,82.5299987792969,79.4499969482422,79.6800003051758,6567500,79.6800003051758
2024-10-29,79.7249984741211,82.9749984741211,79.0999984741211,81.7399978637695,12718700,81.7399978637695
2024-10-30,104.900001525879,118.249000549316,104.110000610352,116.050003051758,37764600,116.050003051758
2024-10-31,117.404998779297,123.599998474121,114.800003051758,119.300003051758,17033500,119.300003051758
2024-11-01,114,115.5,110.5,112.980003356934,12024700,112.980003356934
2024-11-04,110.764999389648,112.980003356934,108.684997558594,109.029998779297,7719300,109.029998779297
2024-11-05,110.5,122.680000305176,110.269996643066,122.569999694824,10831200,122.569999694824
2024-11-06,124.150001525879,124.930000305176,117.160003662109,121.080001831055,6506100,121.080001831055
2024-11-07,121.569999694824,133.25,121.569999694824,131.440002441406,7756000,131.440002441406
2024-11-08,130.029998779297,134.800003051758,128.330001831055,134.800003051758,4402000,134.800003051758
2024-11-11,139,139.039993286133,128.300003051758,129.229995727539,5711400,129.229995727539
2024-11-12,126.660003662109,130.470001220703,125.690002441406,127.75,5247900,127.75
2024-11-13,128.800003051758,135.070007324219,128.800003051758,132.059997558594,4567400,132.059997558594
2024-11-14,132.059997558594,133.990005493164,129.720001220703,131.880004882812,2667700,131.880004882812
2024-11-15,128.789993286133,131.690002441406,123.139999389648,124.779998779297,4605100,124.779998779297
2024-11-18,125.559997558594,130.130004882812,124.660003662109,129.419998168945,4314500,129.419998168945
2024-11-19,129.009994506836,138.539993286133,128.720001220703,137.160003662109,6889200,137.160003662109
2024-11-20,137.154998779297,138.389999389648,130.009994506836,136.270004272461,5497900,136.270004272461
2024-11-21,141.270004272461,158.490005493164,139.570007324219,158.020004272461,12275500,158.020004272461
2024-11-22,145.410003662109,149,142.910003662109,146.669998168945,18665500,146.669998168945
2024-11-25,149.5,152.139999389648,139.220001220703,141.899993896484,8403900,141.899993896484
2024-11-26,141.649993896484,144.809997558594,132.475006103516,135.610000610352,7697100,135.610000610352
2024-11-27,137.800003051758,141.190002441406,134.449996948242,140.039993286133,5531000,140.039993286133
2024-11-29,143.429992675781,143.929992675781,140.259994506836,140.690002441406,2105900,140.690002441406
2024-12-02,144,145.580001831055,138.75,141.639999389648,3263200,141.639999389648
2024-12-03,141,151.559997558594,141,149.830001831055,5966700,149.830001831055
2024-12-04,150.839996337891,157.75,150.630004882812,154.229995727539,6568500,154.229995727539
2024-12-05,155.580001831055,156.667007446289,151.25,153.089996337891,4500200,153.089996337891
2024-12-06,152.059997558594,163.720001220703,149.330001831055,162.759994506836,7910700,162.759994506836
2024-12-09,171.5,180.740005493164,157.050003051758,167.169998168945,16640800,167.169998168945
2024-12-10,168.309997558594,176.673004150391,151.759994506836,155.929992675781,10972800,155.929992675781
2024-12-11,164,168.660995483398,161,165.919998168945,5981900,165.919998168945
2024-12-12,164.009994506836,172.5,163.238998413086,163.509994506836,4024700,163.509994506836
2024-12-13,164.350006103516,174,163.509994506836,172.649993896484,4893300,172.649993896484
2024-12-16,169.270004272461,180.360000610352,166.199996948242,178.100006103516,8934900,178.100006103516
2024-12-17,177.149993896484,177.570007324219,167.320007324219,168.789993286133,6894500,168.789993286133
2024-12-18,172.449996948242,174.384994506836,157.75,160.649993896484,7792800,160.649993896484
2024-12-19,163.899993896484,166.600006103516,157.220001220703,163.720001220703,4761600,163.720001220703
2024-12-20,162.990005493164,174.110000610352,158.770004272461,170.710006713867,7705600,170.710006713867
2024-12-23,171.25,173.820007324219,166.373001098633,168.610000610352,3728900,168.610000610352
2024-12-24,169,178.100006103516,168.889999389648,177.410003662109,2098700,177.410003662109
2024-12-26,177.800003051758,182.199996948242,174.770004272461,176.740005493164,2442200,176.740005493164
2024-12-27,175.529998779297,176.529998779297,167.800003051758,173.539993286133,2606100,173.539993286133
2024-12-30,167.375,169.789993286133,162.259994506836,165.529998779297,7541100,165.529998779297
2024-12-31,166,167.677993774414,162.639999389648,163.440002441406,3438500,163.440002441406
2025-01-02,164.429992675781,168.5,156.035995483398,165.910003662109,4076500,165.910003662109
2025-01-03,167.529998779297,181.220001220703,166.964996337891,177.740005493164,9436000,177.740005493164
2025-01-06,182,187.690002441406,174.5,179.490005493164,5416400,179.490005493164
2025-01-07,180.25,183.119995117188,171.108001708984,172.320007324219,4201100,172.320007324219
2025-01-08,167.589996337891,174.339996337891,166,172.009994506836,4202600,172.009994506836
2025-01-10,169,169.699996948242,159.800003051758,167.080001831055,4003800,167.080001831055
2025-01-13,160.440002441406,165.5,156.580001831055,164.649993896484,4368200,164.649993896484
2025-01-14,169.600006103516,172.188995361328,161.059997558594,164.820007324219,4914000,164.820007324219
2025-01-15,170.089996337891,178.830001831055,167.5,170.690002441406,5164800,170.690002441406
2025-01-16,171.759994506836,176.819000244141,169.729995727539,174.869995117188,3341600,174.869995117188
2025-01-17,178.279998779297,179.869995117188,172.149993896484,175.330001831055,3375500,175.330001831055
2025-01-21,177.5,191,175.600006103516,188.320007324219,7475500,188.320007324219
2025-01-22,187.470001220703,188.190002441406,181.520004272461,183.740005493164,4999400,183.740005493164
2025-01-23,182,187.699996948242,178.5,181.990005493164,3568400,181.990005493164
2025-01-24,183.630004882812,190.5,180,182.399993896484,3923200,182.399993896484
2025-01-27,174.220001220703,183.589996337891,170.199996948242,180.830001831055,4068600,180.830001831055
2025-01-28,184,196.830001831055,181.809997558594,194.75,5422800,194.75
2025-01-29,201,205.570007324219,195.671005249023,202,5863400,202
2025-01-30,204.990005493164,208.619995117188,195.690002441406,198.929992675781,4168900,198.929992675781
2025-01-31,201.839996337891,206.600006103516,197.050003051758,199.550003051758,3241400,199.550003051758
2025-02-03,189.119995117188,205.5,188.949996948242,202.309997558594,3611100,202.309997558594
2025-02-04,208.865005493164,218.25,207.143005371094,215.309997558594,5509400,215.309997558594
2025-02-05,213.5,221.179992675781,211,221.160003662109,3563600,221.160003662109
2025-02-06,222.440002441406,222.440002441406,209,216.509994506836,6409300,216.509994506836
2025-02-07,218.589996337891,227.050003051758,218.199996948242,225.229995727539,5448000,225.229995727539
2025-02-10,228.800003051758,230.410003662109,221.5,224.929992675781,4314800,224.929992675781
2025-02-11,222.029998779297,222.479995727539,211.330001831055,213.759994506836,6210500,213.759994506836
2025-02-12,213.600006103516,220.75,211,216.470001220703,11245500,216.470001220703
2025-02-13,203.914993286133,214.300003051758,195.979995727539,204.949996948242,21066700,204.949996948242
2025-02-14,202,203.949996948242,192.570007324219,196.380004882812,8424900,196.380004882812
2025-02-18,193.399993896484,196.757995605469,183.800003051758,187.130004882812,9020200,187.130004882812
2025-02-19,185.5,190.917007446289,183.960006713867,189.660003662109,4444100,189.660003662109
2025-02-20,187.699996948242,187.75,170.600006103516,175.440002441406,10625800,175.440002441406
2025-02-21,175.5,176.505004882812,161.882995605469,166.399993896484,9939000,166.399993896484
2025-02-24,164.770004272461,166.380004882812,154.199996948242,165.570007324219,7908200,165.570007324219
2025-02-25,164,166.990005493164,154.740005493164,159.990005493164,6115800,159.990005493164
2025-02-26,161.960006713867,170.300003051758,161.220001220703,168.100006103516,6341100,168.100006103516
2025-02-27,170.410003662109,172.139999389648,156,159.779998779297,5342600,159.779998779297
2025-02-28,156.899993896484,163.380004882812,155.449996948242,161.779998779297,9356900,161.779998779297
2025-03-03,165.455001831055,174.220001220703,160.399993896484,162.449996948242,7176800,162.449996948242
2025-03-04,157.860000610352,164.649993896484,148.264999389648,159.169998168945,7780700,159.169998168945
2025-03-05,161,169.990005493164,158.317001342773,168.520004272461,4355900,168.520004272461
2025-03-06,160.5,166.110000610352,150.529998779297,150.720001220703,5336000,150.720001220703
2025-03-07,147.020004272461,148.300003051758,131.259994506836,133.979995727539,13834900,133.979995727539
2025-03-10,127.75,127.75,105.51000213623,107.290000915527,20956700,107.290000915527
2025-03-11,111,123.48999786377,110,122.730003356934,14629600,122.730003356934
2025-03-12,134.789993286133,136.470001220703,126.120002746582,130.679992675781,11368700,130.679992675781
2025-03-13,130,131.679992675781,118.569999694824,121.529998779297,7288600,121.529998779297
2025-03-14,126.51000213623,130.830001831055,123.449996948242,128.210006713867,6818900,128.210006713867
2025-03-17,123.620002746582,142,119.919998168945,125.559997558594,19261700,125.559997558594
2025-03-18,120.569999694824,121.940002441406,108.128997802734,110.099998474121,13232200,110.099998474121
2025-03-19,110.099998474121,113.480003356934,105.5,109.910003662109,9529600,109.910003662109
2025-03-20,109.180000305176,112.98999786377,107.040000915527,108.75,7803400,108.75
2025-03-21,107.800003051758,116.290000915527,106,115.699996948242,7987100,115.699996948242
2025-03-24,119.809997558594,126.5,119.76000213623,124.940002441406,9012100,124.940002441406
2025-03-25,124,127.269996643066,120.019996643066,125.430000305176,5815600,125.430000305176
2025-03-26,124.599998474121,125.599998474121,117.169998168945,120.199996948242,4849600,120.199996948242
2025-03-27,117.5,117.5,110.050003051758,110.230003356934,6775400,110.230003356934
2025-03-28,110.25,112.779998779297,103.73999786377,107.709999084473,8001900,107.709999084473
2025-03-31,102.294998168945,106.589996337891,97.6100006103516,104.900001525879,9511600,104.900001525879
2025-04-01,105.794998168945,111.599998474121,104.348999023438,110.050003051758,6568200,110.050003051758
2025-04-02,104.849998474121,113.75,104.849998474121,109.5,10073500,109.5
2025-04-03,99.5,100.5,93.629997253418,96.9000015258789,11840700,96.9000015258789
2025-04-04,92.1800003051758,92.9100036621094,82.8000030517578,86.9100036621094,13290300,86.9100036621094
2025-04-07,81.0100021362305,97,79.75,93,11772300,93
2025-04-08,97.1399993896484,97.9000015258789,86.879997253418,88.8899993896484,9633600,88.8899993896484
2025-04-09,88.7399978637695,113.900001525879,87.1240005493164,110.860000610352,13906500,110.860000610352
2025-04-10,103.980003356934,107.459999084473,98.7699966430664,102.01000213623,7351300,102.01000213623
2025-04-11,101,101.809997558594,96.4300003051758,101.150001525879,4217600,101.150001525879
2025-04-14,105.75,106.5,97.5,98.2600021362305,3943400,98.2600021362305
2025-04-15,98.6600036621094,99.7900009155273,94.5599975585938,96.4599990844727,4061700,96.4599990844727
2025-04-16,93.0699996948242,95.4899978637695,91.6100006103516,95.379997253418,3685300,95.379997253418
2025-04-17,94.5199966430664,96.870002746582,93.0800018310547,96.1600036621094,2858300,96.1600036621094
2025-04-21,94,95.4100036621094,90.7799987792969,94.1500015258789,3090800,94.1500015258789
2025-04-22,96.2399978637695,101.900001525879,95.4000015258789,101.660003662109,5108800,101.660003662109
2025-04-23,109.51000213623,113.550003051758,105.819999694824,107.169998168945,5873700,107.169998168945
2025-04-24,106.900001525879,112.959999084473,106.160003662109,112.25,4141100,112.25
2025-04-25,115.029998779297,120.559997558594,114.255996704102,118.099998474121,8702700,118.099998474121
2025-04-28,118.580001831055,123,116.300003051758,121.209999084473,8891400,121.209999084473
2025-04-29,119.569999694824,123.290000915527,118.199996948242,122.139999389648,3767000,122.139999389648
2025-04-30,113.875,116.940002441406,108.5,116.569999694824,8008400,116.569999694824
2025-05-01,125.63500213623,126.099998474121,117.48999786377,118.790000915527,14328200,118.790000915527
2025-05-02,120.25,125.389999389648,111.620002746582,113.830001831055,29599200,113.830001831055
2025-05-05,113.089996337891,120.870002746582,111.629997253418,116.330001831055,11529500,116.330001831055
2025-05-06,113.650001525879,114.779998779297,108.629997253418,109.98999786377,8954700,109.98999786377
2025-05-07,109.330001831055,111.580001831055,102.800003051758,105.529998779297,9200200,105.529998779297
2025-05-08,108.25,109.660003662109,105.199996948242,107.830001831055,5759000,107.830001831055
2025-05-09,109.849998474121,112.349998474121,105.519996643066,108.459999084473,4836100,108.459999084473
2025-05-12,114.150001525879,114.535003662109,109.601997375488,111.209999084473,7070500,111.209999084473
2025-05-13,113.040000915527,116.400001525879,111.5,112.839996337891,6684800,112.839996337891
2025-05-14,114.724998474121,130.110000610352,113.800003051758,125.319999694824,20753500,125.319999694824
2025-05-15,122.080001831055,122.080001831055,112.849998474121,113.589996337891,13711000,113.589996337891
2025-05-16,117.5,117.589996337891,110.819999694824,113.230003356934,8627000,113.230003356934
2025-05-19,104.889999389648,110.089996337891,104.800003051758,107.98999786377,10494200,107.98999786377
2025-05-20,107.349998474121,107.98999786377,104.470001220703,105.639999389648,7178300,105.639999389648
2025-05-21,103.089996337891,103.5,94.8899993896484,95.8499984741211,17448200,95.8499984741211
2025-05-22,97.2900009155273,100.448997497559,95.6969985961914,98.3199996948242,8522900,98.3199996948242
2025-05-23,95.8300018310547,102.264999389648,95.2300033569336,100.76000213623,6753500,100.76000213623
2025-05-27,103,104.911003112793,99.1399993896484,104.620002746582,6944400,104.620002746582
2025-05-28,104.940002441406,106.707000732422,103.089996337891,105.430000305176,5399900,105.430000305176
2025-05-29,108.190002441406,113.800003051758,107.59400177002,109.029998779297,10689400,109.029998779297
2025-05-30,107.309997558594,112.620002746582,106.339996337891,112.349998474121,7555500,112.349998474121
2025-06-02,109.160003662109,113.660003662109,109.160003662109,112.110000610352,4539400,112.110000610352
2025-06-03,112.459999084473,115.387001037598,109.919998168945,110.860000610352,5462500,110.860000610352
2025-06-04,110.870002746582,119.690002441406,110.870002746582,118.209999084473,8683400,118.209999084473
2025-06-05,118.76000213623,119.230003356934,111.849998474121,112.23999786377,6172500,112.23999786377
2025-06-06,113.629997253418,121.290000915527,112.769996643066,121.290000915527,6773400,121.290000915527
2025-06-09,119.650001525879,121.980003356934,116.379997253418,117.529998779297,5636100,117.529998779297
2025-06-10,116.199996948242,119.150001525879,115.26000213623,117.089996337891,5631200,117.089996337891
2025-06-11,117.400001525879,120.622001647949,114.449996948242,115.029998779297,5988200,115.029998779297
2025-06-12,113.019996643066,118.120002746582,110.849998474121,116.199996948242,4824400,116.199996948242
2025-06-13,112.300003051758,120.300003051758,112.300003051758,118.180000305176,6509200,118.180000305176
2025-06-16,121.425003051758,126.589996337891,121.425003051758,126.199996948242,8405100,126.199996948242
2025-06-17,133.649993896484,146.164001464844,132.410003662109,133.839996337891,23521800,133.839996337891
2025-06-18,132.320007324219,143.889999389648,132.25,141.160003662109,12180700,141.160003662109
2025-06-20,141.509994506836,147.998992919922,138.098007202148,139.149993896484,8787300,139.149993896484
2025-06-23,135.770004272461,141.669998168945,133.279998779297,134.139999389648,7057600,134.139999389648
2025-06-24,136.350006103516,143.770004272461,136.029998779297,140.789993286133,6547800,140.789993286133
2025-06-25,150.910003662109,153.940002441406,141.440002441406,141.679992675781,9090200,141.679992675781
2025-06-26,145.100006103516,147,140.75,143.949996948242,6587100,143.949996948242
2025-06-27,143.509994506836,145.5,139.259994506836,143.009994506836,17684800,143.009994506836
2025-06-30,148.080001831055,155,146.779998779297,150.570007324219,9904700,150.570007324219
2025-07-01,151.820007324219,156.369995117188,146.550003051758,152.229995727539,8713500,152.229995727539
2025-07-02,152,164.550003051758,151.800003051758,159.339996337891,11005400,159.339996337891
2025-07-03,159,160.990005493164,155.399993896484,157.029998779297,4041200,157.029998779297
2025-07-07,154.949996948242,155.389999389648,149.559997558594,153.369995117188,6308100,153.369995117188
2025-07-08,155.199996948242,155.850006103516,145.199996948242,145.960006713867,7055500,145.960006713867
2025-07-09,147.309997558594,147.949996948242,141.300003051758,145.649993896484,4609600,145.649993896484
2025-07-10,148.729995727539,148.800003051758,141.279998779297,143,3933500,143
2025-07-11,141.639999389648,147.399993896484,141.300003051758,145.589996337891,3686200,145.589996337891
2025-07-14,146,150.389999389648,145.300003051758,146.380004882812,4438700,146.380004882812
2025-07-15,147.289993286133,148.050003051758,142.899993896484,144.800003051758,4426500,144.800003051758
2025-07-16,144.949996948242,146.190002441406,138.300003051758,144.309997558594,5849800,144.309997558594
2025-07-17,144.300003051758,147.050003051758,140.889999389648,142.520004272461,4454700,142.520004272461
2025-07-18,142.509994506836,149.089996337891,138.110000610352,148.240005493164,6405900,148.240005493164
2025-07-21,145.020004272461,149.72900390625,144.410003662109,146.289993286133,5134900,146.289993286133
2025-07-22,145.399993896484,147.800003051758,138.600006103516,145.800003051758,5183100,145.800003051758
2025-07-23,147.970001220703,152.25,144.320007324219,146.100006103516,5664400,146.100006103516
2025-07-24,147.850006103516,150.75,142.899993896484,148.130004882812,5460500,148.130004882812
2025-07-25,149.940002441406,152.779998779297,147.899993896484,149.660003662109,4505600,149.660003662109
2025-07-28,150.839996337891,153.199996948242,147.550003051758,151.600006103516,4008700,151.600006103516
2025-07-29,151.550003051758,152,141.600006103516,144.850006103516,6464100,144.850006103516
2025-07-30,145.720001220703,150.380004882812,144.085006713867,149.330001831055,5280700,149.330001831055
2025-07-31,160.880004882812,162.880004882812,154.830001831055,160.589996337891,19988900,160.589996337891
2025-08-01,182,196.679992675781,177.770004272461,188.639999389648,27258300,188.639999389648
2025-08-04,191.699996948242,203.729995727539,188.979995727539,201.759994506836,15113300,201.759994506836
2025-08-05,198.669998168945,208.679992675781,197.509994506836,199.089996337891,10585100,199.089996337891
2025-08-06,199.009994506836,212.979995727539,198.75,212.809997558594,8279400,212.809997558594
2025-08-07,215.744995117188,217.300003051758,205.720001220703,211.820007324219,6074500,211.820007324219
2025-08-08,211.850006103516,219,208.850006103516,215.440002441406,4727000,215.440002441406
2025-08-11,215.229995727539,225.350006103516,211.800003051758,220.75,5563400,220.75
2025-08-12,221.175003051758,229.447006225586,220.690002441406,224.020004272461,4742400,224.020004272461
2025-08-13,225.919998168945,237.352996826172,224.300003051758,234.770004272461,7467000,234.770004272461
2025-08-14,229.955001831055,244.850006103516,229.955001831055,243.470001220703,7579700,243.470001220703
2025-08-15,242.574996948242,248.014999389648,235.789993286133,246.5,6434000,246.5
2025-08-18,245.630004882812,253.139999389648,237.539993286133,241.759994506836,6933800,241.759994506836
2025-08-19,238.220001220703,238.839996337891,225.5,228.179992675781,8655700,228.179992675781
2025-08-20,221.5,225.031997680664,205.373992919922,218.369995117188,13073400,218.369995117188
2025-08-21,217.440002441406,221.729995727539,215.100006103516,218.649993896484,4002400,218.649993896484
2025-08-22,215,230.25,214.100006103516,217.309997558594,7640600,217.309997558594
2025-08-25,214.270004272461,222.470001220703,212.570007324219,219.729995727539,4580600,219.729995727539
2025-08-26,218.839996337891,220.5,214.990005493164,219.429992675781,5316200,219.429992675781
2025-08-27,220.970001220703,226.669006347656,208.240005493164,211.100006103516,4906100,211.100006103516
2025-08-28,212.800003051758,227,212.399993896484,225.539993286133,5147000,225.539993286133
2025-08-29,225.539993286133,227.899993896484,219.619995117188,225.080001831055,3922300,225.080001831055
2025-09-02,219.979995727539,223.440002441406,213.149993896484,220.059997558594,4640000,220.059997558594
2025-09-03,226.279998779297,239.369995117188,218.699996948242,223.139999389648,8426800,223.139999389648
2025-09-04,225,234.380004882812,223.5,232.110000610352,4270000,232.110000610352
2025-09-05,234,241.179992675781,230.240005493164,240,5567600,240
2025-09-08,245.089996337891,246.990005493164,229.860000610352,229.979995727539,5949200,229.979995727539
2025-09-09,235.350006103516,240.300003051758,232.050003051758,240.199996948242,3655900,240.199996948242
2025-09-10,245.139999389648,261.127014160156,244.845001220703,259.029998779297,7445800,259.029998779297
2025-09-11,260.570007324219,266.640014648438,257.450012207031,260.540008544922,3726900,260.540008544922
2025-09-12,262.220001220703,266.149993896484,251.190002441406,254.289993286133,3683700,254.289993286133
2025-09-15,256.660003662109,265.540008544922,255.419998168945,263.640014648438,4584300,263.640014648438
2025-09-16,265.075012207031,268.149993896484,260.5,266.660003662109,3671300,266.660003662109
2025-09-17,263.100006103516,270.359985351562,249.220001220703,266.470001220703,10028700,266.470001220703
2025-09-18,271.989990234375,282.950012207031,269.920013427734,270.709991455078,6843900,270.709991455078
2025-09-19,270.5,271.989990234375,251.5,264.480010986328,11586100,264.480010986328
2025-09-22,257.450012207031,262.989990234375,253.339996337891,257.559997558594,5281200,257.559997558594
2025-09-23,255.574996948242,255.779998779297,235.850006103516,237.449996948242,8042200,237.449996948242
2025-09-24,241.509994506836,244,234.889999389648,235.690002441406,4821600,235.690002441406
2025-09-25,228.149993896484,236.520004272461,223.5,232.75,4646100,232.75
2025-09-26,234.080001831055,240.610000610352,231.238006591797,240.110000610352,3280300,240.110000610352
2025-09-29,244.804000854492,246.429992675781,239.300003051758,241.979995727539,3784600,241.979995727539
2025-09-30,240.335006713867,240.990005493164,225.089996337891,229.990005493164,4885400,229.990005493164
2025-10-01,213,218.319000244141,202.259994506836,202.600006103516,15774000,202.600006103516
2025-10-02,206.850006103516,209,198.800003051758,200.919998168945,7759200,200.919998168945
2025-10-03,212.020004272461,213.380004882812,205.410003662109,207.199996948242,8463200,207.199996948242
2025-10-06,207.300003051758,211.149993896484,198.869995117188,203.630004882812,4985100,203.630004882812
2025-10-07,206.240005493164,209.735992431641,202.50700378418,205.919998168945,3706700,205.919998168945
2025-10-08,206.225006103516,206.225006103516,195.009994506836,202.289993286133,6644100,202.289993286133
2025-10-09,203.25,212.339996337891,199.380004882812,211.699996948242,5196400,211.699996948242
2025-10-10,214.399993896484,214.399993896484,198,198.550003051758,5569000,198.550003051758
2025-10-13,201.889999389648,204.708999633789,197.850006103516,203.679992675781,2942300,203.679992675781
2025-10-14,199.925003051758,205.520004272461,194.770004272461,196.350006103516,3826500,196.350006103516
2025-10-15,201.360000610352,203.863998413086,196.800003051758,200.759994506836,2697400,200.759994506836
2025-10-16,202.539993286133,203.880004882812,196,198.970001220703,3036100,198.970001220703
2025-10-17,195.160003662109,200.600006103516,189.020004272461,194.949996948242,4531500,194.949996948242
2025-10-20,201,211.110000610352,200.649993896484,202.479995727539,6315000,202.479995727539
2025-10-21,207.520004272461,208,203.009994506836,205.710006713867,4186000,205.710006713867
2025-10-22,204.029998779297,205,191.279998779297,197.050003051758,5863500,197.050003051758
2025-10-23,201,205.320007324219,200.369995117188,200.820007324219,2798200,200.820007324219
2025-10-24,206.020004272461,215.940002441406,205.121002197266,214.199996948242,6280400,214.199996948242
2025-10-27,219.699996948242,224.75,216.542007446289,219.240005493164,4888200,219.240005493164
2025-10-28,222.220001220703,222.220001220703,212.75,212.970001220703,4565000,212.970001220703
2025-10-29,211.270004272461,214.130004882812,204.75,210.770004272461,4374600,210.770004272461
2025-10-30,209.410003662109,209.470001220703,193.809997558594,194.419998168945,12953300,194.419998168945
2025-10-31,219.199996948242,230.970001220703,208.410003662109,208.949996948242,17708300,208.949996948242
2025-11-03,211.059997558594,214.25,199.113006591797,204.979995727539,8198700,204.979995727539
2025-11-04,199.190002441406,199.690002441406,187.399993896484,187.770004272461,8202400,187.770004272461
2025-11-05,187.779998779297,199.300003051758,186.360000610352,196.270004272461,5074600,196.270004272461
2025-11-06,195.985000610352,196.701995849609,182.740005493164,183.639999389648,4918900,183.639999389648
2025-11-07,178,195.160003662109,173.559997558594,194.580001831055,6446700,194.580001831055
2025-11-10,200.029998779297,208.279998779297,198.339996337891,204.190002441406,4657100,204.190002441406
2025-11-11,201.940002441406,211.080001831055,201.339996337891,208.210006713867,3861800,208.210006713867
2025-11-12,208.850006103516,213,200.080001831055,202.820007324219,3168000,202.820007324219
2025-11-13,201.774993896484,201.960006713867,185.440002441406,189.419998168945,5213300,189.419998168945
2025-11-14,186.404998779297,198.589996337891,183.800003051758,193.309997558594,4284900,193.309997558594
2025-11-17,191.339996337891,194.339996337891,185.25,187.550003051758,2598400,187.550003051758
2025-11-18,184.179992675781,189.5,180.889999389648,185.690002441406,3722300,185.690002441406
2025-11-19,185.690002441406,192.449996948242,185.210006713867,187.779998779297,2728500,187.779998779297
2025-11-20,192.955001831055,195.479995727539,178.244995117188,181.880004882812,5161300,181.880004882812
2025-11-21,185.039993286133,190.149993896484,180.009994506836,183.479995727539,4009200,183.479995727539
2025-11-24,186.600006103516,195.690002441406,184.779998779297,195,5268000,195
2025-11-25,198,219.800003051758,196.570007324219,218.479995727539,7751500,218.479995727539
2025-11-26,216,220.764007568359,207.289993286133,207.559997558594,4680900,207.559997558594
2025-11-28,209.149993896484,218,207.339996337891,216.470001220703,2388700,216.470001220703
2025-12-01,211.720001220703,226.25,211.5,223.399993896484,4819800,223.399993896484
2025-12-02,224.690002441406,231.509994506836,221.720001220703,222.759994506836,3445300,222.759994506836
2025-12-03,222.660003662109,225.820007324219,220,220.839996337891,2706100,220.839996337891
2025-12-04,222.190002441406,225.869995117188,215,222.75,3493500,222.75
2025-12-05,225.149993896484,237.589996337891,224.175003051758,234.110000610352,6141300,234.110000610352
2025-12-08,230,238.199996948242,225.259994506836,236.949996948242,3685800,236.949996948242
2025-12-09,230.850006103516,237.5,229.550003051758,236.110000610352,2791600,236.110000610352
2025-12-10,235.300003051758,240.179992675781,231.470001220703,238.110000610352,3816600,238.110000610352
2025-12-11,235.539993286133,238,227.296997070312,233.539993286133,4386000,233.539993286133
2025-12-12,233.059997558594,237.399993896484,222.850006103516,224.779998779297,4932200,224.779998779297
2025-12-15,222.044998168945,225.770004272461,213.350006103516,218.5,5415800,218.5
2025-12-16,215.264007568359,224.630004882812,215.264007568359,224,4332200,224
2025-12-17,226.830001831055,235.419998168945,226.830001831055,227.339996337891,5721800,227.339996337891
2025-12-18,232.820007324219,246.149993896484,229.453994750977,231.339996337891,6060400,231.339996337891
2025-12-19,235.850006103516,239.440002441406,230.990005493164,233.190002441406,5942900,233.190002441406
2025-12-22,235.949996948242,240.490005493164,230.300003051758,233.149993896484,4042000,233.149993896484
2025-12-23,231.529998779297,237.5,225.449996948242,225.820007324219,3487700,225.820007324219
2025-12-24,225.770004272461,228.399993896484,222.785003662109,225.850006103516,982600,225.850006103516
2025-12-26,225.789993286133,226.220001220703,220.259994506836,225.770004272461,1904000,225.770004272461
2025-12-29,225.149993896484,236,223.910003662109,234.649993896484,3901200,234.649993896484
2025-12-30,235.919998168945,236.929992675781,229.080001831055,233.360000610352,2489800,233.360000610352
2025-12-31,232.240005493164,233.712997436523,227.5,229.869995117188,2149100,229.869995117188
2026-01-02,232.179992675781,242.869995117188,228.149993896484,241.889999389648,3547100,241.889999389648
2026-01-05,248.839996337891,250,241,244.050003051758,3365200,244.050003051758
2026-01-06,248.210006713867,254.779998779297,242.151992797852,253.809997558594,4159900,253.809997558594
2026-01-07,252,260.5,251.050003051758,255.5,3002300,255.5
2026-01-08,255.339996337891,259.549987792969,248.100006103516,253.949996948242,3015200,253.949996948242
2026-01-09,257.670013427734,263.5,235.009994506836,244.559997558594,5542500,244.559997558594
2026-01-12,244.720001220703,251.869995117188,240.610000610352,244.020004272461,2595300,244.020004272461
2026-01-13,246.220001220703,263.334991455078,246.100006103516,258.929992675781,4516300,258.929992675781
2026-01-14,258.799987792969,258.799987792969,246.850006103516,252.380004882812,4829900,252.380004882812
2026-01-15,250.089996337891,251,225.25,228.75,10876300,228.75
2026-01-16,228.5,236.498992919922,222.850006103516,231.009994506836,5450400,231.009994506836
2026-01-20,220.125,228.979995727539,217.339996337891,225.360000610352,3748000,225.360000610352
2026-01-21,224.485000610352,224.925003051758,208.5,210.130004882812,5204300,210.130004882812
2026-01-22,214,216,209.779998779297,214.539993286133,2708200,214.539993286133
2026-01-23,212.600006103516,220.820007324219,209,218.880004882812,2612800,218.880004882812
2026-01-26,216.639999389648,222.649993896484,212.628997802734,213.630004882812,2621500,213.630004882812
2026-01-27,203.139999389648,204.559997558594,193.110000610352,196.300003051758,7123100,196.300003051758
2026-01-28,195,199.050003051758,189.526000976562,193.139999389648,4372400,193.139999389648
2026-01-29,200,201.121002197266,188.649993896484,190.050003051758,3936200,190.050003051758
2026-01-30,188.240005493164,190.470993041992,180,180.270004272461,4248200,180.270004272461
2026-02-02,180,184.350006103516,176.139999389648,177.149993896484,5887600,177.149993896484
2026-02-03,178.399993896484,179.009994506836,161.710006713867,165.410003662109,6876700,165.410003662109
2026-02-04,162.509994506836,163.264999389648,146.350006103516,152.690002441406,9451400,152.690002441406
2026-02-05,151.005004882812,155.339996337891,148.5,151.050003051758,11083900,151.050003051758
2026-02-06,161.529998779297,164.399993896484,137.020004272461,139.830001831055,22081600,139.830001831055
2026-02-09,139.389999389648,145.938003540039,136.610000610352,141.740005493164,8487300,141.740005493164
2026-02-10,145.059997558594,152.440002441406,143.509994506836,149.979995727539,9003200,149.979995727539
2026-02-11,148.860000610352,152.440002441406,137.25,139.289993286133,8409700,139.289993286133
2026-02-12,138.449996948242,138.449996948242,127.705001831055,131.070007324219,8703500,131.070007324219
2026-02-13,141.850006103516,141.850006103516,135.369995117188,139.649993896484,7462400,139.649993896484
2026-02-17,138.199996948242,143.919998168945,135.850006103516,139.229995727539,5470600,139.229995727539
2026-02-18,140.899993896484,148.179992675781,139.259994506836,147.460006713867,5965900,147.460006713867
2026-02-19,146.080001831055,147.395004272461,141.800003051758,146.130004882812,4097100,146.130004882812
2026-02-20,144.399993896484,151.25,143.393997192383,150.169998168945,7636900,150.169998168945
2026-02-23,148.419998168945,150.940002441406,140.339996337891,142.460006713867,4529900,142.460006713867
2026-02-24,142.929992675781,147.5,141.089996337891,142.080001831055,4012700,142.080001831055
2026-02-25,143.395004272461,150.509994506836,141.050003051758,149.669998168945,4499400,149.669998168945
2026-02-26,148.380004882812,156.389999389648,146.479995727539,151.25,4908800,151.25
2026-02-27,149.509994506836,150.449996948242,143.050003051758,145.809997558594,4747700,145.809997558594
2026-03-02,142.25,147.5,141.533996582031,147.110000610352,3473100,147.110000610352
2026-03-03,141.880004882812,146.509994506836,137.5,145.690002441406,4480500,145.690002441406
2026-03-04,146.589996337891,149.850006103516,144.350006103516,147.289993286133,5053300,147.289993286133
2026-03-05,146.970001220703,153.779998779297,142.300003051758,144.339996337891,6249900,144.339996337891
2026-03-06,142,142.330001831055,137.899993896484,139.389999389648,5084000,139.389999389648
2026-03-09,136.75,139.389999389648,132.410003662109,138.860000610352,7991100,138.860000610352
2026-03-10,141.875,142.460006713867,133.800003051758,134.130004882812,6156800,134.130004882812
2026-03-11,135.050003051758,137.970001220703,133.279998779297,137.119995117188,5087300,137.119995117188
2026-03-12,135.589996337891,139.792999267578,131.5,132.25,3330300,132.25
2026-03-13,133.669998168945,136.979995727539,131.309997558594,132.360000610352,3049100,132.360000610352
2026-03-16,133.970001220703,140.080001831055,133.179992675781,140,4488700,140
2026-03-17,140.020004272461,147.449996948242,140,144.330001831055,6424800,144.330001831055
2026-03-18,144.009994506836,146.75,142.039993286133,142.789993286133,4155900,142.789993286133
2026-03-19,138.75,142.270004272461,135.330001831055,138.119995117188,4878300,138.119995117188
2026-03-20,139,143.850006103516,135.679992675781,139.850006103516,6532900,139.850006103516
2026-03-23,140,144.190002441406,138.699996948242,140.960006713867,3514700,140.960006713867
2026-03-24,139.699996948242,141.240005493164,134.585006713867,136.119995117188,3471900,136.119995117188
2026-03-25,139,143.220001220703,138.429992675781,139.630004882812,3192800,139.630004882812
2026-03-26,135.490005493164,137.520004272461,124,127.26000213623,8196900,127.26000213623
2026-03-27,125.040000915527,125.51000213623,120.5,121.839996337891,5776500,121.839996337891
2026-03-30,122.5,126.379997253418,119.269996643066,124.129997253418,4487500,124.129997253418
2026-03-31,126.059997558594,135.899993896484,125.120002746582,134.649993896484,5443800,134.649993896484
2026-04-01,136.375,139.339996337891,133.25,136.179992675781,3932000,136.179992675781
2026-04-02,129.669998168945,137.119995117188,128.630004882812,136,3077700,136
2026-04-06,138.460006713867,140.554992675781,136.223007202148,138.339996337891,3208700,138.339996337891
2026-04-07,137.5,141.270004272461,136.350006103516,141.139999389648,2340500,141.139999389648
2026-04-08,151.589996337891,154.770004272461,143.860000610352,145,3995800,145
2026-04-09,144.539993286133,145.169998168945,135,138.380004882812,5076500,138.380004882812
2026-04-10,141.050003051758,142.300003051758,135.990005493164,139.729995727539,3259500,139.729995727539
2026-04-13,138.970001220703,149.449996948242,138.809997558594,149.350006103516,3638900,149.350006103516
2026-04-14,152.610000610352,156.5,151.779998779297,154.539993286133,4424100,154.539993286133
