Index,SOXQ.Open,SOXQ.High,SOXQ.Low,SOXQ.Close,SOXQ.Volume,SOXQ.Adjusted
2021-06-11,25.2000007629395,25.2740001678467,25.1720008850098,25.2740001678467,8500,24.3004779815674
2021-06-14,25.6399993896484,25.6399993896484,25.2199993133545,25.6299991607666,36200,24.6427631378174
2021-06-15,25.6399993896484,25.7399997711182,25.3700008392334,25.4400005340576,31800,24.4600830078125
2021-06-16,25.5599994659424,25.5599994659424,25.0499992370605,25.2399997711182,34900,24.2677803039551
2021-06-17,25.2399997711182,25.6399993896484,25.1499996185303,25.4799995422363,70800,24.4985427856445
2021-06-18,25.2900009155273,25.2900009155273,24.75,24.8500003814697,83700,23.8928070068359
2021-06-21,24.9300003051758,25.0400009155273,24.7000007629395,25.0300006866455,67100,24.0658740997314
2021-06-22,25.1499996185303,25.1800003051758,24.8899993896484,25.1000003814697,39500,24.1331787109375
2021-06-23,25.1499996185303,25.3400001525879,25.1499996185303,25.1900005340576,38400,24.2197093963623
2021-06-24,25.4799995422363,25.7000007629395,25.4799995422363,25.6700000762939,63100,24.6812210083008
2021-06-25,25.7600002288818,25.7900009155273,25.5300006866455,25.5319995880127,65800,24.5485401153564
2021-06-28,25.7900009155273,26.2700004577637,25.7600002288818,26.2199993133545,80400,25.210033416748
2021-06-29,26.2299995422363,26.4099998474121,26.0699996948242,26.3700008392334,49500,25.3542556762695
2021-06-30,26.4300003051758,26.4300003051758,26.2299995422363,26.4200000762939,43000,25.4023303985596
2021-07-01,26.4099998474121,26.4099998474121,25.9500007629395,26,64000,24.9985084533691
2021-07-02,26.2600002288818,26.2600002288818,25.9500007629395,26.1299991607666,37100,25.1235027313232
2021-07-06,26.2999992370605,26.3299999237061,25.7900009155273,26.1100006103516,51100,25.1042747497559
2021-07-07,26.2099990844727,26.2099990844727,25.6299991607666,25.7399997711182,52700,24.7485237121582
2021-07-08,25.2999992370605,25.5300006866455,25.0900001525879,25.3999996185303,53400,24.4216194152832
2021-07-09,25.7600002288818,25.8799991607666,25.3299999237061,25.8400001525879,28600,24.8446731567383
2021-07-12,26,26.1399993896484,25.8799991607666,26.1200008392334,38900,25.1138858795166
2021-07-13,26.1200008392334,26.1599998474121,25.9500007629395,25.9799995422363,42700,24.9792804718018
2021-07-14,26.2800006866455,26.4599990844727,25.8799991607666,25.8799991607666,54200,24.8831310272217
2021-07-15,25.9099998474121,25.9099998474121,25.2199993133545,25.4099998474121,70200,24.4312343597412
2021-07-16,25.4500007629395,25.5900001525879,24.7999992370605,24.8400001525879,50100,23.8831901550293
2021-07-19,24.5,25.0699996948242,24.3799991607666,25.0699996948242,138400,24.1043338775635
2021-07-20,24.9899997711182,25.2999992370605,24.6900005340576,25.1499996185303,61100,24.1812496185303
2021-07-21,25.2399997711182,25.9300003051758,24.7000007629395,24.7000007629395,175900,23.7485828399658
2021-07-22,25.7199993133545,25.8500003814697,25.4500007629395,25.4500007629395,75300,24.4696922302246
2021-07-23,25.8700008392334,25.8700008392334,25.6000003814697,25.8680000305176,104500,24.8715953826904
2021-07-26,25.7800006866455,25.8999996185303,25.7000007629395,25.8239994049072,39800,24.829288482666
2021-07-27,25.7099990844727,25.7099990844727,24.8600006103516,25.3999996185303,258100,24.4216194152832
2021-07-28,25.3999996185303,25.8799991607666,25.3999996185303,25.7900009155273,32500,24.7966003417969
2021-07-29,25.8799991607666,26.3400001525879,25.8799991607666,26.2700004577637,60300,25.2581081390381
2021-07-30,26.1200008392334,26.5,26.1200008392334,26.4500007629395,26300,25.4311752319336
2021-08-02,26.6499996185303,26.9699993133545,26.6200008392334,26.6299991607666,49100,25.6042423248291
2021-08-03,26.7399997711182,26.7849998474121,26.3999996185303,26.7700004577637,40400,25.7388534545898
2021-08-04,26.9799995422363,27.2189998626709,26.8899993896484,27.0900001525879,26600,26.0465259552002
2021-08-05,27.25,27.25,26.9099998474121,27.0599994659424,39000,26.0176792144775
2021-08-06,26.9400005340576,27.0499992370605,26.8700008392334,26.9599990844727,121400,25.9215278625488
2021-08-09,26.9500007629395,26.9899997711182,26.7399997711182,26.8600006103516,35900,25.8253860473633
2021-08-10,26.8799991607666,26.8799991607666,26.3600006103516,26.5400009155273,21300,25.5177097320557
2021-08-11,26.6900005340576,26.6900005340576,26.1380004882812,26.4300003051758,39800,25.4119434356689
2021-08-12,26.5200004577637,26.5200004577637,25.9599990844727,26.1700000762939,36400,25.1619625091553
2021-08-13,26.1800003051758,26.3400001525879,26.1399993896484,26.3099994659424,23500,25.2965660095215
2021-08-16,26.2199993133545,26.2999992370605,26.0400009155273,26.2199993133545,20600,25.210033416748
2021-08-17,26.0799999237061,26.0799999237061,25.5,25.7399997711182,33900,24.7485237121582
2021-08-18,25.7000007629395,25.7900009155273,25.3299999237061,25.3600006103516,27000,24.3831615447998
2021-08-19,25.25,25.6100006103516,25.0499992370605,25.5799999237061,47300,24.5946884155273
2021-08-20,25.6499996185303,25.7000007629395,25.3999996185303,25.6700000762939,17400,24.6812210083008
2021-08-23,26,26.4099998474121,26,26.3700008392334,35700,25.3542556762695
2021-08-24,26.5100002288818,26.5599994659424,26.3850002288818,26.4400005340576,30600,25.4215641021729
2021-08-25,26.5900001525879,26.7290000915527,26.5900001525879,26.6200008392334,18000,25.5946292877197
2021-08-26,27.0300006866455,27.0900001525879,26.4899997711182,26.6399993896484,15700,25.6138572692871
2021-08-27,26.7900009155273,27.17799949646,26.7099990844727,27.1200008392334,18900,26.0753650665283
2021-08-30,27.3199996948242,27.4500007629395,27.136999130249,27.2199993133545,33700,26.1715145111084
2021-08-31,27.3899993896484,27.3899993896484,26.7749996185303,27.0100002288818,18100,25.9696006774902
2021-09-01,27.2199993133545,27.2199993133545,26.8680000305176,26.8700008392334,19600,25.8349990844727
2021-09-02,27,27.0200004577637,26.8600006103516,26.9500007629395,15400,25.9119148254395
2021-09-03,27,27.1889991760254,27,27.1200008392334,51100,26.0753650665283
2021-09-07,27.2600002288818,27.2600002288818,26.8920001983643,27.0300006866455,28500,25.9888362884521
2021-09-08,26.8400001525879,26.8500003814697,26.5,26.7000007629395,18000,25.6715450286865
2021-09-09,26.6499996185303,26.9349994659424,26.6499996185303,26.8099994659424,10300,25.777307510376
2021-09-10,27.2520008087158,27.3700008392334,26.9699993133545,26.9699993133545,14200,25.9311466217041
2021-09-13,27.2099990844727,27.2999992370605,26.8999996185303,27.2600002288818,24300,26.2099761962891
2021-09-14,27.3700008392334,27.4699993133545,27.1700000762939,27.2600002288818,19800,26.2099761962891
2021-09-15,27.3299999237061,27.4099998474121,27.0300006866455,27.4099998474121,24100,26.3541984558105
2021-09-16,27.1499996185303,27.5200004577637,27.1100006103516,27.4599990844727,9100,26.4022693634033
2021-09-17,27.4899997711182,27.4899997711182,26.9300003051758,27.0599994659424,15900,26.0176792144775
2021-09-20,26.4899997711182,26.4899997711182,25.9200000762939,26.2900009155273,40700,25.3513526916504
2021-09-21,26.4699993133545,26.5200004577637,26.1299991607666,26.3999996185303,15300,25.457426071167
2021-09-22,26.6399993896484,26.9099998474121,26.5289993286133,26.8799991607666,22000,25.9202861785889
2021-09-23,27,27.3400001525879,26.9599990844727,27.2800006866455,28700,26.3060054779053
2021-09-24,27.0699996948242,27.2800006866455,27.0499992370605,27.2199993133545,23900,26.2481460571289
2021-09-27,27.0300006866455,27.2399997711182,26.8600006103516,27.1399993896484,18000,26.1710033416748
2021-09-28,26.7199993133545,26.7700004577637,26.1499996185303,26.1700000762939,77100,25.2356357574463
2021-09-29,26.25,26.25,25.7000007629395,25.7700004577637,21300,24.8499183654785
2021-09-30,25.9200000762939,26.0400009155273,25.7099990844727,25.7099990844727,17700,24.7920608520508
2021-10-01,25.8400001525879,25.8400001525879,25.3299999237061,25.7399997711182,24700,24.8209915161133
2021-10-04,25.6900005340576,25.6900005340576,25.0200004577637,25.2199993133545,36500,24.3195552825928
2021-10-05,25.4099998474121,25.6200008392334,25.2800006866455,25.4699993133545,24200,24.5606269836426
2021-10-06,25.2000007629395,25.5599994659424,25.0900001525879,25.5300006866455,26400,24.6184844970703
2021-10-07,25.9300003051758,26.1609992980957,25.8099994659424,25.8400001525879,11100,24.9174156188965
2021-10-08,25.8899993896484,25.8899993896484,25.5799999237061,25.6100006103516,13100,24.695629119873
2021-10-11,25.5599994659424,25.8199996948242,25.4099998474121,25.4200000762939,23800,24.5124111175537
2021-10-12,25.5,25.5,24.9799995422363,25.0400009155273,19900,24.1459808349609
2021-10-13,25.3099994659424,25.3099994659424,25.1100006103516,25.1599998474121,25300,24.261697769165
2021-10-14,25.6900005340576,25.9699993133545,25.5799999237061,25.9699993133545,16900,25.0427780151367
2021-10-15,26.2000007629395,26.2000007629395,26.0300006866455,26.1599998474121,32900,25.2259941101074
2021-10-18,26,26.3500003814697,25.9500007629395,26.3500003814697,28500,25.4092121124268
2021-10-19,26.5200004577637,26.6700000762939,26.3500003814697,26.6499996185303,16400,25.6984977722168
2021-10-20,26.5900001525879,26.6809997558594,26.5400009155273,26.6499996185303,30800,25.6984977722168
2021-10-21,26.5400009155273,26.9300003051758,26.5100002288818,26.9300003051758,26800,25.9685020446777
2021-10-22,26.8500003814697,27,26.6000003814697,26.6000003814697,19000,25.6502857208252
2021-10-25,26.5799999237061,26.8899993896484,26.5799999237061,26.7800006866455,16600,25.8238563537598
2021-10-26,27.1499996185303,27.1499996185303,26.7700004577637,26.8999996185303,28400,25.9395713806152
2021-10-27,26.6200008392334,26.7999992370605,26.5,26.5300006866455,18700,25.58278465271
2021-10-28,26.7900009155273,27.1200008392334,26.7900009155273,27.0900001525879,23200,26.1227874755859
2021-10-29,26.9500007629395,27.2299995422363,26.9500007629395,27.2199993133545,16100,26.2481460571289
2021-11-01,27.2600002288818,27.6399993896484,27.2600002288818,27.6399993896484,29100,26.6531524658203
2021-11-02,27.7099990844727,28.0100002288818,27.7099990844727,27.9799995422363,23300,26.9810085296631
2021-11-03,28.1000003814697,28.3500003814697,27.9200000762939,28.3500003814697,44900,27.3377990722656
2021-11-04,28.7399997711182,29.3700008392334,28.5790004730225,29.3199996948242,46900,28.2731704711914
2021-11-05,29.6000003814697,29.886999130249,29.5,29.6700000762939,43300,28.6106739044189
2021-11-08,29.8899993896484,30.1650009155273,29.75,30.0400009155273,54200,28.9674644470215
2021-11-09,30.3999996185303,30.3999996185303,29.7299995422363,30.0300006866455,71500,28.9578189849854
2021-11-10,29.6399993896484,29.8500003814697,29.0699996948242,29.2199993133545,39600,28.1767349243164
2021-11-11,29.5799999237061,29.7490005493164,29.4500007629395,29.6900005340576,23900,28.6299629211426
2021-11-12,29.7299995422363,30.0599994659424,29.6800003051758,29.9799995422363,18800,28.9096050262451
2021-11-15,30.2099990844727,30.2099990844727,29.7999992370605,29.9300003051758,30400,28.8613910675049
2021-11-16,29.9799995422363,30.5200004577637,29.8500003814697,30.4899997711182,25100,29.4013977050781
2021-11-17,30.5,30.5,30.1389999389648,30.2700004577637,32200,29.1892509460449
2021-11-18,30.8799991607666,30.9300003051758,30.5499992370605,30.8099994659424,41600,29.7099666595459
2021-11-19,30.8099994659424,31.0799999237061,30.6800003051758,30.9099998474121,36000,29.8064022064209
2021-11-22,31.1499996185303,31.4500007629395,30.3700008392334,30.3999996185303,91000,29.3146095275879
2021-11-23,30.3899993896484,30.5690002441406,29.8229999542236,30.2999992370605,45600,29.2181816101074
2021-11-24,30,30.5799999237061,29.7900009155273,30.5799999237061,39600,29.4881801605225
2021-11-26,30.1000003814697,30.2700004577637,29.5300006866455,29.7700004577637,31600,28.7071018218994
2021-11-29,30.2099990844727,31.0300006866455,30.0799999237061,31.0300006866455,70700,29.9221134185791
2021-11-30,30.7999992370605,30.9899997711182,30.0890007019043,30.25,39900,29.1699619293213
2021-12-01,30.8099994659424,31.2299995422363,30.1000003814697,30.1200008392334,51700,29.0446090698242
2021-12-02,29.8700008392334,30.2700004577637,29.6119995117188,30.0900001525879,45900,29.0156803131104
2021-12-03,30.6299991607666,30.8600006103516,29.7199993133545,30.1000003814697,64100,29.025318145752
2021-12-06,30.0499992370605,30.1800003051758,29.2099990844727,30.1800003051758,55600,29.1024627685547
2021-12-07,30.6900005340576,31.5900001525879,30.6900005340576,31.5699996948242,37300,30.442834854126
2021-12-08,31.4599990844727,31.4599990844727,31.0400009155273,31.3700008392334,39500,30.2499771118164
2021-12-09,31.2099990844727,31.3500003814697,30.6700000762939,30.6800003051758,28100,29.5846138000488
2021-12-10,31.3700008392334,31.3700008392334,30.6399993896484,30.9699993133545,22900,29.8642616271973
2021-12-13,31.2000007629395,31.2000007629395,30.1599998474121,30.1599998474121,45900,29.0831775665283
2021-12-14,29.8299999237061,30.1599998474121,29.6000003814697,30.1599998474121,36600,29.0831775665283
2021-12-15,30.0799999237061,31.1200008392334,29.7000007629395,31.1200008392334,33800,30.008903503418
2021-12-16,31.3600006103516,31.3600006103516,29.6299991607666,29.7999992370605,40700,28.7360305786133
2021-12-17,29.5900001525879,30.0189990997314,29.4599990844727,29.9699993133545,28200,28.8999614715576
2021-12-20,29.4799995422363,29.5100002288818,29.0300006866455,29.3299999237061,32500,28.4231700897217
2021-12-21,30.1499996185303,30.3799991607666,29.6040000915527,30.3299999237061,33800,29.3922557830811
2021-12-22,30.3099994659424,30.6000003814697,30.0599994659424,30.6000003814697,37600,29.6539077758789
2021-12-23,30.8099994659424,31.0799999237061,30.7999992370605,30.9099998474121,36400,29.9543228149414
2021-12-27,31.1200008392334,31.7889995574951,31.1200008392334,31.7600002288818,53800,30.7780418395996
2021-12-28,31.9799995422363,31.9799995422363,31.2740001678467,31.4899997711182,29600,30.5163917541504
2021-12-29,31.5599994659424,31.6499996185303,31.3199996948242,31.5100002288818,20300,30.5357704162598
2021-12-30,31.5799999237061,31.5799999237061,31.0799999237061,31.1399993896484,32500,30.1772060394287
2021-12-31,31.25,31.3700008392334,31.1000003814697,31.2999992370605,20100,30.3322639465332
2022-01-03,31.3500003814697,31.7299995422363,31.2099990844727,31.7299995422363,60200,30.748966217041
2022-01-04,32.0099983215332,32.0099983215332,30.8299999237061,31.5499992370605,110600,30.574535369873
2022-01-05,31.6299991607666,31.6299991607666,30.5,30.5,51200,29.5569953918457
2022-01-06,30.5900001525879,30.9099998474121,30.25,30.9099998474121,71700,29.9543228149414
2022-01-07,30.8799991607666,30.9300003051758,29.798999786377,30.0200004577637,48100,29.0918407440186
2022-01-10,29.5200004577637,29.9599990844727,28.9799995422363,29.9200000762939,58600,28.9949283599854
2022-01-11,29.9300003051758,30.5300006866455,29.6499996185303,30.5300006866455,185400,29.5860710144043
2022-01-12,30.9699993133545,30.9799995422363,30.4150009155273,30.7900009155273,35700,29.8380355834961
2022-01-13,31.1700000762939,31.3799991607666,29.9300003051758,30.0699996948242,59500,29.1402931213379
2022-01-14,29.8500003814697,30.7399997711182,29.75,30.7299995422363,23600,29.7798862457275
2022-01-18,30.3799991607666,30.3799991607666,29.3199996948242,29.3999996185303,43800,28.4910087585449
2022-01-19,29.5400009155273,29.6100006103516,28.3999996185303,28.4599990844727,104700,27.5800704956055
2022-01-20,28.7999992370605,28.8099994659424,27.5,27.5,43700,26.649751663208
2022-01-21,27.2900009155273,28.0599994659424,27,27,66100,26.1652088165283
2022-01-24,26.75,27.3700008392334,25.6889991760254,27.3600006103516,121000,26.5140819549561
2022-01-25,26.7900009155273,27,26.25,26.4400005340576,56900,25.6225261688232
2022-01-26,27.2600002288818,27.8689994812012,26.4400005340576,26.7700004577637,72500,25.9423236846924
2022-01-27,27,27,25.4699993133545,25.5,63200,24.7115879058838
2022-01-28,25.5799999237061,25.9699993133545,24.7999992370605,25.9699993133545,58800,25.1670589447021
2022-01-31,26.1599998474121,27.3999996185303,26,27.3799991607666,49900,26.5334625244141
2022-02-01,27.6700000762939,27.6700000762939,26.9500007629395,27.5900001525879,36100,26.7369709014893
2022-02-02,28.2099990844727,28.3500003814697,27.7350006103516,28.2800006866455,49700,27.4056377410889
2022-02-03,27.75,27.9669990539551,27,27.0900001525879,40400,26.2524280548096
2022-02-04,26.9400005340576,27.3449993133545,26.6000003814697,27.2199993133545,21400,26.3784103393555
2022-02-07,27.2900009155273,27.5300006866455,27.1299991607666,27.2399997711182,25500,26.3977928161621
2022-02-08,27.3400001525879,27.8999996185303,27.0699996948242,27.8700008392334,22800,27.0083160400391
2022-02-09,28.25,28.7999992370605,27.8999996185303,28.7999992370605,35300,27.9095573425293
2022-02-10,28.0100002288818,28.8899993896484,27.7299995422363,27.8299999237061,42600,26.9695510864258
2022-02-11,27.9599990844727,28.1499996185303,26.3400001525879,26.4699993133545,76000,25.6515960693359
2022-02-14,26.6700000762939,27,26.1800003051758,26.5799999237061,111700,25.7581977844238
2022-02-15,27.1499996185303,28.0200004577637,27.0300006866455,27.9699993133545,46800,27.1052207946777
2022-02-16,27.9099998474121,28.0599994659424,27.4400005340576,28.0499992370605,33300,27.182746887207
2022-02-17,27.8299999237061,27.8299999237061,26.9500007629395,27.0100002288818,57200,26.1749000549316
2022-02-18,27,27.0209999084473,26.2700004577637,26.7099990844727,33000,25.8841781616211
2022-02-22,26.3099994659424,27.1200008392334,26.0659999847412,26.4699993133545,36100,25.6515960693359
2022-02-23,26.8299999237061,26.9200000762939,25.7900009155273,25.8600006103516,42900,25.0604572296143
2022-02-24,25,26.8999996185303,24.9099998474121,26.8999996185303,68000,26.068302154541
2022-02-25,26.9899997711182,27.1700000762939,26.4290008544922,27.1700000762939,39200,26.3299560546875
2022-02-28,26.8899993896484,27.2000007629395,26.5440006256104,26.9799995422363,22500,26.1458301544189
2022-03-01,26.9349994659424,26.9540004730225,25.8649997711182,26.1000003814697,32000,25.2930374145508
2022-03-02,26.3500003814697,27.0699996948242,26.3419990539551,26.9899997711182,33600,26.1555213928223
2022-03-03,27.0599994659424,27.0599994659424,26.2660007476807,26.2700004577637,26200,25.4577827453613
2022-03-04,26.1599998474121,26.1599998474121,25.4500007629395,25.7600002288818,50700,24.9635524749756
2022-03-07,25.6900005340576,25.8719997406006,24.5799999237061,24.5799999237061,65700,23.820032119751
2022-03-08,24.6900005340576,25.7299995422363,24.2019996643066,24.9200000762939,38000,24.1495132446289
2022-03-09,25.8799991607666,26.0499992370605,25.3840007781982,25.8299999237061,32500,25.0313873291016
2022-03-10,25.4599990844727,25.4599990844727,24.8780002593994,25.3299999237061,24500,24.5468444824219
2022-03-11,25.7399997711182,25.7399997711182,24.7999992370605,24.7999992370605,27300,24.0332298278809
2022-03-14,24.8099994659424,24.8190002441406,23.8999996185303,24,49300,23.2579650878906
2022-03-15,24.2800006866455,25.0699996948242,24.1599998474121,25.0699996948242,29400,24.2948818206787
2022-03-16,25.6900005340576,26.3500003814697,25.2919998168945,26.3500003814697,49400,25.5353107452393
2022-03-17,26.0300006866455,26.5499992370605,25.9799995422363,26.5499992370605,30900,25.7291278839111
2022-03-18,26.4500007629395,27.1399993896484,26.2399997711182,27.0900001525879,38700,26.2524280548096
2022-03-21,27.1299991607666,27.1499996185303,26.5,26.7999992370605,38300,26.0338592529297
2022-03-22,27,27.4300003051758,26.9820003509521,27.1000003814697,26200,26.3252830505371
2022-03-23,27.0200004577637,27.2099990844727,26.4500007629395,26.4699993133545,40000,25.7132892608643
2022-03-24,26.6900005340576,27.8899993896484,26.6100006103516,27.8899993896484,30700,27.0927028656006
2022-03-25,27.8899993896484,27.8899993896484,27.2859992980957,27.7800006866455,54500,26.9858493804932
2022-03-28,27.6299991607666,27.9599990844727,27.1599998474121,27.9599990844727,25800,27.1606979370117
2022-03-29,28.4599990844727,28.5799999237061,27.9850006103516,28.4200000762939,38100,27.6075477600098
2022-03-30,28.4400005340576,28.4400005340576,27.5,27.5699996948242,35000,26.7818450927734
2022-03-31,27.6700000762939,27.6700000762939,26.9699993133545,27.0400009155273,26500,26.2670001983643
2022-04-01,27.2299995422363,27.2299995422363,26.1000003814697,26.5499992370605,41800,25.7910099029541
2022-04-04,26.6800003051758,26.9799995422363,26.5499992370605,26.9799995422363,27800,26.2087154388428
2022-04-05,26.9799995422363,26.9799995422363,25.7000007629395,25.7900009155273,61200,25.0527362823486
2022-04-06,25.3299999237061,25.5400009155273,24.9069995880127,25.2399997711182,69800,24.5184574127197
2022-04-07,25.0699996948242,25.3999996185303,24.6900005340576,25.2099990844727,57200,24.489315032959
2022-04-08,24.9899997711182,24.9899997711182,24.5499992370605,24.6000003814697,33000,23.8967514038086
2022-04-11,24.3299999237061,24.3400001525879,24.0300006866455,24.0300006866455,92700,23.3430500030518
2022-04-12,24.6100006103516,24.6889991760254,23.9050006866455,24.0400009155273,51300,23.35276222229
2022-04-13,24.2000007629395,24.6679992675781,24.0699996948242,24.5799999237061,25600,23.8773231506348
2022-04-14,24.8199996948242,24.8199996948242,23.8290004730225,23.8400001525879,40200,23.1584796905518
2022-04-18,23.9300003051758,24.4300003051758,23.7910003662109,24.25,28100,23.5567531585693
2022-04-19,24.2000007629395,24.8500003814697,24.2000007629395,24.8500003814697,44500,24.1396045684814
2022-04-20,25.1100006103516,25.3999996185303,24.6800003051758,24.6900005340576,23100,23.9841823577881
2022-04-21,24.9599990844727,25.2329998016357,23.9740009307861,24.1000003814697,23700,23.4110450744629
2022-04-22,24.0900001525879,24.1299991607666,23.5100002288818,23.5100002288818,34700,22.8379154205322
2022-04-25,23.3099994659424,23.9500007629395,23.3099994659424,23.9200000762939,34800,23.2361927032471
2022-04-26,23.6800003051758,23.6800003051758,22.8999996185303,22.9500007629395,46600,22.2939205169678
2022-04-27,22.7399997711182,23.2029991149902,22.6200008392334,22.8199996948242,22900,22.1676368713379
2022-04-28,23.3400001525879,24.2900009155273,22.9599990844727,24.0900001525879,30600,23.4013328552246
2022-04-29,23.8299999237061,24.0900001525879,22.9699993133545,23,25400,22.342493057251
2022-05-02,23.0499992370605,23.8099994659424,22.8899993896484,23.8099994659424,22700,23.1293354034424
2022-05-03,23.8299999237061,24.1490001678467,23.5599994659424,24,36000,23.3139057159424
2022-05-04,24.2199993133545,24.9200000762939,23.4400005340576,24.9200000762939,32600,24.2075996398926
2022-05-05,24.5,24.5,23.4099998474121,23.6800003051758,17500,23.0030498504639
2022-05-06,23.3299999237061,24.0100002288818,23.1100006103516,23.4699993133545,30800,22.7990570068359
2022-05-09,23.0499992370605,23.2299995422363,22.25,22.3299999237061,59200,21.6916427612305
2022-05-10,22.9300003051758,23.2089996337891,22.4300003051758,22.8899993896484,105300,22.2356395721436
2022-05-11,22.6900005340576,23.1100006103516,22.1200008392334,22.1900005340576,41600,21.5556488037109
2022-05-12,21.8899993896484,22.4300003051758,21.7169990539551,22.3099994659424,56300,21.6722183227539
2022-05-13,22.7000007629395,23.5249996185303,22.6599998474121,23.4400005340576,76000,22.7699146270752
2022-05-16,23.2299995422363,23.3700008392334,22.9669990539551,23.0400009155273,30600,22.38134765625
2022-05-17,23.6700000762939,24.1900005340576,23.5639991760254,24.1900005340576,43500,23.4984722137451
2022-05-18,23.8299999237061,23.9899997711182,22.8500003814697,22.9500007629395,30100,22.2939205169678
2022-05-19,22.7099990844727,23.3299999237061,22.6200008392334,22.7900009155273,37900,22.1384983062744
2022-05-20,23.2399997711182,23.2399997711182,21.7560005187988,22.75,57400,22.0996437072754
2022-05-23,22.6089992523193,22.8700008392334,22.4400005340576,22.8199996948242,43300,22.1676368713379
2022-05-24,22.2999992370605,22.3889999389648,22.1049995422363,22.2600002288818,18200,21.6236476898193
2022-05-25,22.1900005340576,22.8400001525879,22.1900005340576,22.6900005340576,18700,22.0413551330566
2022-05-26,22.5799999237061,23.6900005340576,22.5799999237061,23.6299991607666,17900,22.9544792175293
2022-05-27,24,24.5900001525879,24,24.5799999237061,24700,23.8773231506348
2022-05-31,24.5799999237061,24.6189994812012,24.1000003814697,24.3899993896484,25800,23.692756652832
2022-06-01,24.6000003814697,24.6000003814697,23.7399997711182,24.0699996948242,31900,23.3819065093994
2022-06-02,24.0699996948242,24.8899993896484,24.0699996948242,24.8700008392334,38200,24.1590309143066
2022-06-03,24.4300003051758,24.4300003051758,24.1100006103516,24.1800003051758,12700,23.4887619018555
2022-06-06,24.6599998474121,24.6599998474121,24.0599994659424,24.1100006103516,31300,23.4207572937012
2022-06-07,23.9300003051758,24.4039993286133,23.7000007629395,24.3600006103516,34500,23.6636161804199
2022-06-08,24.2800006866455,24.3190002441406,23.6900005340576,23.8400001525879,26800,23.1584796905518
2022-06-09,23.6499996185303,23.9500007629395,23.1499996185303,23.1499996185303,21900,22.4882030487061
2022-06-10,22.8299999237061,22.9759998321533,22.3199996948242,22.3299999237061,49100,21.6916427612305
2022-06-13,21.4899997711182,21.7299995422363,21.0300006866455,21.0599994659424,148300,20.4579486846924
2022-06-14,21.25,21.3600006103516,20.9799995422363,21.2000007629395,52600,20.5939502716064
2022-06-15,21.5300006866455,21.7800006866455,21.1399993896484,21.6200008392334,22900,21.0019435882568
2022-06-16,20.9799995422363,20.9799995422363,20.0200004577637,20.2900009155273,34300,19.7099647521973
2022-06-17,20.2999992370605,20.488000869751,19.9500007629395,20.3199996948242,42900,19.7391090393066
2022-06-21,20.7399997711182,21.1079998016357,20.7399997711182,20.8700008392334,36900,20.3434638977051
2022-06-22,20.5900001525879,20.8799991607666,20.5100002288818,20.5900001525879,40400,20.0705280303955
2022-06-23,20.5,20.6299991607666,20.1800003051758,20.4599990844727,18400,19.9438076019287
2022-06-24,20.8500003814697,21.3799991607666,20.8500003814697,21.3500003814697,30300,20.8113536834717
2022-06-27,21.6299991607666,21.6299991607666,21.2600002288818,21.3199996948242,38200,20.782112121582
2022-06-28,21.6000003814697,21.7000007629395,20.75,20.75,32400,20.2264919281006
2022-06-29,20.5599994659424,20.5599994659424,20.1100006103516,20.3199996948242,30100,19.8073425292969
2022-06-30,20.0599994659424,20.3799991607666,19.7980003356934,20.1499996185303,52800,19.6416320800781
2022-07-01,19.8299999237061,19.8700008392334,19.1399993896484,19.3299999237061,40800,18.8423194885254
2022-07-05,18.9200000762939,19.5300006866455,18.7900009155273,19.5300006866455,53000,19.0372695922852
2022-07-06,19.6499996185303,19.8500003814697,19.3299999237061,19.6499996185303,80600,19.1542453765869
2022-07-07,20.1399993896484,20.5849990844727,20.1399993896484,20.5200004577637,42100,20.0022964477539
2022-07-08,20.2999992370605,20.7000007629395,20.1900005340576,20.6299991607666,28600,20.1095199584961
2022-07-11,20.4200000762939,20.4200000762939,20,20.1200008392334,31600,19.6123886108398
2022-07-12,20.3199996948242,20.4300003051758,20.0289993286133,20.1599998474121,20400,19.6513786315918
2022-07-13,19.7000007629395,20.3999996185303,19.6700000762939,20.3099994659424,29000,19.7975921630859
2022-07-14,20.2800006866455,20.7150001525879,19.9300003051758,20.6499996185303,34000,20.1290149688721
2022-07-15,20.8500003814697,21.1800003051758,20.7199993133545,21.1700000762939,35700,20.6358966827393
2022-07-18,21.5699996948242,21.6620006561279,21.0100002288818,21.0799999237061,40300,20.5481662750244
2022-07-19,21.5100002288818,22.1200008392334,21.4899997711182,22.0300006866455,47900,21.4741992950439
2022-07-20,22.0599994659424,22.673999786377,21.8799991607666,22.6000003814697,36300,22.0298175811768
2022-07-21,22.7999992370605,22.9799995422363,22.3999996185303,22.9799995422363,41900,22.4002304077148
2022-07-22,22.8999996185303,22.8999996185303,22.2000007629395,22.3899993896484,42700,21.8251152038574
2022-07-25,22.2999992370605,22.2999992370605,21.9599990844727,22.2099990844727,43700,21.649658203125
2022-07-26,22.1399993896484,22.1800003051758,21.8099994659424,21.8999996185303,37400,21.3474769592285
2022-07-27,22.3099994659424,23.0499992370605,22.2299995422363,22.8700008392334,91000,22.293004989624
2022-07-28,22.9799995422363,23.2290000915527,22.4549999237061,23.1399993896484,61300,22.5561943054199
2022-07-29,22.8999996185303,23.4200000762939,22.7630004882812,23.3299999237061,51900,22.7414035797119
2022-08-01,23.25,23.6490001678467,23.0699996948242,23.4699993133545,61300,22.8778705596924
2022-08-02,23.3500003814697,23.7800006866455,23.1509990692139,23.4500007629395,61100,22.8583736419678
2022-08-03,23.4699993133545,24.0949993133545,23.4200000762939,24,72300,23.3944969177246
2022-08-04,24.0699996948242,24.3099994659424,23.9370002746582,24.2600002288818,58100,23.6479358673096
2022-08-05,23.8899993896484,24.2490005493164,23.7749996185303,24.0699996948242,35700,23.4627323150635
2022-08-08,23.7600002288818,23.9599990844727,23.3500003814697,23.6399993896484,81100,23.0435791015625
2022-08-09,23.1599998474121,23.1599998474121,22.3589992523193,22.5599994659424,72700,21.9908256530762
2022-08-10,23.1299991607666,23.5599994659424,22.8999996185303,23.5599994659424,63700,22.9655952453613
2022-08-11,23.7600002288818,24.0690002441406,23.4500007629395,23.4899997711182,37200,22.8973655700684
2022-08-12,23.7000007629395,24.2089996337891,23.7000007629395,24.1900005340576,28500,23.5797023773193
2022-08-15,24.1200008392334,24.2940006256104,23.9099998474121,24.2600002288818,41300,23.6479358673096
2022-08-16,24.1800003051758,24.2299995422363,23.8299999237061,23.9799995422363,73000,23.375
2022-08-17,23.6900005340576,23.6900005340576,23.0900001525879,23.3799991607666,66200,22.7901420593262
2022-08-18,23.4599990844727,24.1000003814697,23.3899993896484,23.8999996185303,26700,23.2970180511475
2022-08-19,23.7099990844727,23.7099990844727,23.2099990844727,23.2900009155273,16000,22.7024116516113
2022-08-22,22.8500003814697,22.8899993896484,22.3799991607666,22.3899993896484,65200,21.8251152038574
2022-08-23,22.3799991607666,22.8290004730225,22.3799991607666,22.6000003814697,20800,22.0298175811768
2022-08-24,22.3999996185303,22.6450004577637,22.3700008392334,22.5799999237061,18200,22.0103225708008
2022-08-25,22.6700000762939,23.4099998474121,22.6700000762939,23.3899993896484,31500,22.7998886108398
2022-08-26,23.3999996185303,23.3999996185303,22.0799999237061,22.0799999237061,60100,21.5229377746582
2022-08-29,21.8700008392334,21.9990005493164,21.6100006103516,21.6200008392334,52400,21.0745429992676
2022-08-30,21.8700008392334,21.8700008392334,21.1299991607666,21.3400001525879,26300,20.801607131958
2022-08-31,21.3010005950928,21.4109992980957,20.9799995422363,21.0799999237061,29500,20.5481662750244
2022-09-01,20.6399993896484,20.7199993133545,20.1100006103516,20.7199993133545,95600,20.1972503662109
2022-09-02,21.0400009155273,21.1389999389648,20.4309997558594,20.5300006866455,38100,20.0120429992676
2022-09-06,20.5100002288818,20.5599994659424,20.1259994506836,20.3099994659424,41600,19.7975921630859
2022-09-07,20.3099994659424,20.7399997711182,20.2999992370605,20.5699996948242,14300,20.0510330200195
2022-09-08,20.3999996185303,20.9799995422363,20.3099994659424,20.9300003051758,42200,20.4019508361816
2022-09-09,21.2600002288818,21.5200004577637,21.2600002288818,21.4799995422363,40500,20.9380702972412
2022-09-12,21.5400009155273,21.628999710083,21.3299999237061,21.5599994659424,86400,21.0160579681396
2022-09-13,20.7399997711182,20.9099998474121,20.1690006256104,20.1900005340576,101200,19.6806201934814
2022-09-14,20.4200000762939,20.5599994659424,20.1599998474121,20.4400005340576,43200,19.9243125915527
2022-09-15,20.3700008392334,20.5,19.9899997711182,20.0900001525879,46300,19.5831451416016
2022-09-16,19.8799991607666,20.2700004577637,19.8099994659424,20.2700004577637,108400,19.758602142334
2022-09-19,19.9799995422363,20.3250007629395,19.9799995422363,20.2900009155273,45700,19.8456535339355
2022-09-20,20.0900001525879,20.1550006866455,19.8600006103516,19.9899997711182,62200,19.5522212982178
2022-09-21,20.0200004577637,20.3899993896484,19.8099994659424,19.8099994659424,16600,19.3761615753174
2022-09-22,19.7600002288818,19.7600002288818,19.1700000762939,19.2700004577637,79800,18.847993850708
2022-09-23,19,19.0480003356934,18.6599998474121,18.9300003051758,43000,18.515438079834
2022-09-26,18.9699993133545,19.1509990692139,18.6800003051758,18.6800003051758,45300,18.2709121704102
2022-09-27,18.9400005340576,19.1200008392334,18.6110000610352,18.8999996185303,83200,18.4860954284668
2022-09-28,18.7600002288818,19.1700000762939,18.7399997711182,19.1000003814697,26900,18.681713104248
2022-09-29,18.8199996948242,18.8199996948242,18.2099990844727,18.4699993133545,67700,18.0655078887939
2022-09-30,18.2600002288818,18.7199993133545,18.1599998474121,18.1900005340576,65900,17.7916412353516
2022-10-03,18.4200000762939,18.9899997711182,18.3199996948242,18.8500003814697,22500,18.4371871948242
2022-10-04,19.3999996185303,19.7000007629395,19.3950004577637,19.6700000762939,41900,19.2392311096191
2022-10-05,19.3700008392334,20,19.1509990692139,19.8799991607666,67300,19.4446315765381
2022-10-06,19.8500003814697,20.0100002288818,19.7299995422363,19.7299995422363,50800,19.2979164123535
2022-10-07,19.1900005340576,19.2199993133545,18.4599990844727,18.5799999237061,57600,18.1730995178223
2022-10-10,18.5499992370605,18.5499992370605,17.6909999847412,17.9200000762939,130600,17.5275554656982
2022-10-11,17.6399993896484,17.7040004730225,17.2450008392334,17.4300003051758,112600,17.0482845306396
2022-10-12,17.5,17.5,17.25,17.2999992370605,472500,16.9211330413818
2022-10-13,16.6800003051758,18.1049995422363,16.4500007629395,17.8299999237061,59700,17.4395275115967
2022-10-14,18.0400009155273,18.0400009155273,16.9899997711182,16.9899997711182,178500,16.617919921875
2022-10-17,17.4799995422363,17.6200008392334,17.2700004577637,17.3899993896484,94600,17.0091609954834
2022-10-18,17.9400005340576,18.0599994659424,17.1800003051758,17.5,82000,17.1167545318604
2022-10-19,17.4799995422363,17.75,17.3600006103516,17.6100006103516,128600,17.22434425354
2022-10-20,17.6900005340576,18.25,17.6580009460449,17.7099990844727,29800,17.3221530914307
2022-10-21,17.6700000762939,18.4200000762939,17.6700000762939,18.4099998474121,34300,18.0068225860596
2022-10-24,18.4599990844727,18.5690002441406,18.1299991607666,18.4899997711182,63300,18.0850715637207
2022-10-25,18.5400009155273,19.0240001678467,18.5400009155273,18.8999996185303,26900,18.4860954284668
2022-10-26,18.6200008392334,19.1110000610352,18.4650001525879,18.7299995422363,136700,18.3198184967041
2022-10-27,18.8600006103516,19.0799999237061,18.4099998474121,18.4300003051758,76500,18.026388168335
2022-10-28,18.6100006103516,19.1800003051758,18.5650005340576,19.1399993896484,55300,18.7208366394043
2022-10-31,19.0699996948242,19.0699996948242,18.6940002441406,18.7900009155273,44700,18.3785037994385
2022-11-01,19.1700000762939,19.1940002441406,18.8500003814697,18.9400005340576,239100,18.5252151489258
2022-11-02,19.1000003814697,19.2900009155273,18.3339996337891,18.3700008392334,60900,17.9676990509033
2022-11-03,18.0300006866455,18.2999992370605,17.8689994812012,18.1000003814697,40300,17.70361328125
2022-11-04,18.8099994659424,18.9200000762939,18.4500007629395,18.9200000762939,148800,18.5056552886963
2022-11-07,19.0799999237061,19.3689994812012,18.8500003814697,19.2800006866455,57500,18.8577709197998
2022-11-08,19.7700004577637,19.9400005340576,19.3360004425049,19.6900005340576,142800,19.2587928771973
2022-11-09,19.4500007629395,19.4699993133545,19.0900001525879,19.0900001525879,29000,18.671932220459
2022-11-10,20.2299995422363,21.0499992370605,20.0400009155273,21.0200004577637,50600,20.559663772583
2022-11-11,21.1200008392334,21.7999992370605,20.9599990844727,21.6700000762939,71700,21.1954307556152
2022-11-14,21.6599998474121,21.882999420166,21.4850006103516,21.5200004577637,37300,21.0487174987793
2022-11-15,22.3899993896484,22.4169998168945,21.9799995422363,22.1700000762939,158200,21.6844825744629
2022-11-16,21.6399993896484,21.6399993896484,21.1319999694824,21.1900005340576,46200,20.7259426116943
2022-11-17,20.7999992370605,21.4500007629395,20.7000007629395,21.4500007629395,236600,20.9802474975586
2022-11-18,21.7700004577637,21.7700004577637,21.2399997711182,21.4899997711182,67100,21.0193729400635
2022-11-21,21.2900009155273,21.2900009155273,21.0499992370605,21.1200008392334,125500,20.6574764251709
2022-11-22,21.2900009155273,21.7399997711182,21.1200008392334,21.7399997711182,27200,21.2638969421387
2022-11-23,21.7999992370605,22.17799949646,21.75,21.9899997711182,81700,21.5084247589111
2022-11-25,21.8899993896484,21.9200000762939,21.7099990844727,21.7099990844727,20400,21.2345504760742
2022-11-28,21.4500007629395,21.5200004577637,21,21.1499996185303,31800,20.6868171691895
2022-11-29,21.2099990844727,21.2099990844727,20.9500007629395,21.0300006866455,21200,20.5694446563721
2022-11-30,21.1450004577637,22.3199996948242,20.9200000762939,22.3199996948242,46900,21.8311958312988
2022-12-01,22.4300003051758,22.4300003051758,21.8560009002686,22.1000003814697,48100,21.6160125732422
2022-12-02,21.5599994659424,21.8899993896484,21.4899997711182,21.8299999237061,27800,21.3519248962402
2022-12-05,21.7700004577637,21.8600006103516,21.4699993133545,21.5799999237061,28500,21.1074028015137
2022-12-06,21.4899997711182,21.5100002288818,20.9099998474121,21.0599994659424,25000,20.598783493042
2022-12-07,20.9500007629395,21.1200008392334,20.9060001373291,21.0599994659424,32700,20.598783493042
2022-12-08,21.1499996185303,21.6840000152588,21.0200004577637,21.6200008392334,390200,21.1465263366699
2022-12-09,21.5,21.8299999237061,21.4400005340576,21.4400005340576,36400,20.9704666137695
2022-12-12,21.3700008392334,21.8799991607666,21.3700008392334,21.8799991607666,34300,21.4008293151855
2022-12-13,22.9799995422363,22.9899997711182,22.0599994659424,22.2199993133545,38500,21.7333869934082
2022-12-14,22.25,22.4699993133545,21.7900009155273,21.9400005340576,53300,21.4595184326172
2022-12-15,21.5200004577637,21.5310001373291,20.9799995422363,21.0200004577637,185400,20.559663772583
2022-12-16,20.8500003814697,21.0400009155273,20.6100006103516,20.8199996948242,26500,20.3640441894531
2022-12-19,20.8299999237061,20.8299999237061,20.2940006256104,20.4899997711182,44100,20.1059761047363
2022-12-20,20.1700000762939,20.5200004577637,20.1700000762939,20.3600006103516,71600,19.9784088134766
2022-12-21,20.5300006866455,20.8700008392334,20.5300006866455,20.8299999237061,18700,20.439603805542
2022-12-22,20.4099998474121,20.4099998474121,19.5419998168945,19.9699993133545,237800,19.5957202911377
2022-12-23,19.8099994659424,19.9799995422363,19.6259994506836,19.9799995422363,75000,19.6055335998535
2022-12-27,19.8099994659424,19.8099994659424,19.5699996948242,19.6200008392334,83800,19.2522811889648
2022-12-28,19.4799995422363,19.6800003051758,19.2900009155273,19.3400001525879,65400,18.9775295257568
2022-12-29,19.5799999237061,20.0030002593994,19.5599994659424,19.9599990844727,70600,19.5859069824219
2022-12-30,19.6100006103516,19.9249992370605,19.5,19.9099998474121,45000,19.5368461608887
2023-01-03,20.25,20.25,19.6079998016357,19.7099990844727,123200,19.3405933380127
2023-01-04,20.0300006866455,20.2999992370605,19.882999420166,20.2000007629395,156500,19.8214092254639
2023-01-05,20.0300006866455,20.1100006103516,19.8500003814697,19.8500003814697,18200,19.477970123291
2023-01-06,20.2099990844727,20.8540000915527,19.8999996185303,20.7800006866455,106400,20.3905391693115
2023-01-09,21.1599998474121,21.6200008392334,21,21.1200008392334,66600,20.7241649627686
2023-01-10,21.1299991607666,21.4500007629395,21.0009994506836,21.4500007629395,41000,21.047981262207
2023-01-11,21.5,21.7000007629395,21.2999992370605,21.7000007629395,81700,21.2932987213135
2023-01-12,21.8500003814697,22.076000213623,21.4500007629395,21.9899997711182,35200,21.5778636932373
2023-01-13,21.6399993896484,22.0499992370605,21.6399993896484,22.0200004577637,23700,21.6073017120361
2023-01-17,22.0200004577637,22.2719993591309,21.8899993896484,22.1299991607666,100300,21.7152366638184
2023-01-18,22.3600006103516,22.4599990844727,21.9400005340576,21.9400005340576,36300,21.5288009643555
2023-01-19,21.7299995422363,21.7299995422363,21.2900009155273,21.3600006103516,42900,20.9596672058105
2023-01-20,21.5900001525879,22,21.3999996185303,21.9699993133545,24600,21.558235168457
2023-01-23,22.2600002288818,23.1790008544922,22.1900005340576,23.0799999237061,101900,22.6474342346191
2023-01-24,22.9200000762939,23.0499992370605,22.8199996948242,22.9099998474121,96900,22.480619430542
2023-01-25,22.5699996948242,22.9899997711182,22.4300003051758,22.9899997711182,40900,22.5591201782227
2023-01-26,23.2999992370605,23.3600006103516,22.8600006103516,23.3299999237061,102500,22.8927478790283
2023-01-27,22.9099998474121,23.3600006103516,22.9099998474121,23.1599998474121,46500,22.7259330749512
2023-01-30,22.8199996948242,22.9810009002686,22.5599994659424,22.5599994659424,74700,22.1371803283691
2023-01-31,22.5599994659424,23.0400009155273,22.5300006866455,23.0400009155273,39900,22.6081829071045
2023-02-01,23.1000003814697,24.4099998474121,23.1000003814697,24.2299995422363,67500,23.7758827209473
2023-02-02,24.4699993133545,24.9500007629395,24.3449993133545,24.7800006866455,65900,24.3155708312988
2023-02-03,24.2099990844727,24.7700004577637,24.2059993743896,24.2399997711182,26800,23.7856903076172
2023-02-06,23.8999996185303,24.1730003356934,23.8500003814697,23.8999996185303,46800,23.4520645141602
2023-02-07,23.9200000762939,24.6800003051758,23.8999996185303,24.5900001525879,36400,24.1291313171387
2023-02-08,24.5100002288818,24.6499996185303,24.0799999237061,24.1200008392334,30100,23.6679439544678
2023-02-09,24.5599994659424,24.7469997406006,24,24.1299991607666,36400,23.6777534484863
2023-02-10,23.9200000762939,23.9200000762939,23.4899997711182,23.75,24700,23.3048782348633
2023-02-13,23.8999996185303,24.1590003967285,23.75,24.0799999237061,94900,23.6286926269531
2023-02-14,24,24.6499996185303,23.7900009155273,24.5799999237061,50100,24.1193199157715
2023-02-15,24.3299999237061,24.7099990844727,24.1399993896484,24.7099990844727,37800,24.2468814849854
2023-02-16,24.2800006866455,24.4899997711182,24.0900001525879,24.1000003814697,42900,23.6483192443848
2023-02-17,23.8999996185303,24.0100002288818,23.5,23.7099990844727,39300,23.265625
2023-02-21,23.3600006103516,23.5550003051758,22.8999996185303,22.9300003051758,56700,22.500244140625
2023-02-22,23,23.1100006103516,22.6599998474121,22.7900009155273,47300,22.3628711700439
2023-02-23,23.6000003814697,23.6700000762939,23.1119995117188,23.5699996948242,41800,23.128246307373
2023-02-24,23.2199993133545,23.2199993133545,22.9750003814697,23.1299991607666,29400,22.6964950561523
2023-02-27,23.4500007629395,23.5799999237061,23.2299995422363,23.2299995422363,36500,22.7946243286133
2023-02-28,23.2700004577637,23.6000003814697,23.2600002288818,23.3400001525879,13800,22.9025611877441
2023-03-01,23.3799991607666,23.6089992523193,23.2700004577637,23.2900009155273,22400,22.8534965515137
2023-03-02,23.0200004577637,23.6100006103516,22.8010005950928,23.5599994659424,39100,23.1184349060059
2023-03-03,23.5599994659424,23.9099998474121,23.3700008392334,23.8899993896484,76600,23.442253112793
2023-03-06,24,24.2299995422363,23.5900001525879,23.6000003814697,56800,23.1576862335205
2023-03-07,23.6200008392334,23.6900005340576,23.2600002288818,23.3500003814697,195600,22.91237449646
2023-03-08,23.4099998474121,24.0200004577637,23.4099998474121,24.0200004577637,364300,23.5698127746582
2023-03-09,24.0100002288818,24.3369998931885,23.4899997711182,23.5,44900,23.0595626831055
2023-03-10,23.6299991607666,23.6299991607666,22.9500007629395,23.0400009155273,97700,22.6081829071045
2023-03-13,22.8600006103516,23.3099994659424,22.6060009002686,23.0599994659424,83900,22.6278095245361
2023-03-14,23.5,23.8600006103516,23.3889999389648,23.7199993133545,83900,23.2754364013672
2023-03-15,23.2999992370605,23.5400009155273,23.0400009155273,23.4799995422363,50000,23.0399360656738
2023-03-16,23.4799995422363,24.4850006103516,23.3899993896484,24.4799995422363,106100,24.0211944580078
2023-03-17,24.5300006866455,24.6399993896484,24.1700000762939,24.2999992370605,55800,23.8445701599121
2023-03-20,24.3199996948242,24.5400009155273,24.1100006103516,24.5300006866455,27000,24.1467723846436
2023-03-21,24.7000007629395,24.8500003814697,24.25,24.5499992370605,26400,24.1664562225342
2023-03-22,24.556999206543,25.2000007629395,24.3099994659424,24.3099994659424,50900,23.9302082061768
2023-03-23,24.7399997711182,25.2999992370605,24.5699996948242,24.9899997711182,87300,24.5995845794678
2023-03-24,24.7199993133545,24.7900009155273,24.3400001525879,24.6000003814697,54300,24.2156791687012
2023-03-27,24.6299991607666,24.7199993133545,24.2299995422363,24.2999992370605,264700,23.9203643798828
2023-03-28,24.1800003051758,24.1800003051758,23.7819995880127,24.0499992370605,45400,23.6742687225342
2023-03-29,24.4500007629395,24.9939994812012,24.4500007629395,24.8299999237061,46100,24.4420833587646
2023-03-30,25.1200008392334,25.3999996185303,25.0799999237061,25.2700004577637,37000,24.8752117156982
2023-03-31,25.1399993896484,25.4500007629395,25.0939998626709,25.4500007629395,35100,25.052396774292
2023-04-03,25.2900009155273,25.3500003814697,24.8999996185303,25.2000007629395,363500,24.806303024292
2023-04-04,25.3400001525879,25.3400001525879,24.6100006103516,24.7399997711182,59500,24.3534889221191
2023-04-05,24.5,24.5,24.0699996948242,24.3299999237061,129200,23.9498958587646
2023-04-06,24.1499996185303,24.3600006103516,23.8999996185303,24.1900005340576,127200,23.8120822906494
2023-04-10,23.9899997711182,24.6200008392334,23.9899997711182,24.6200008392334,151700,24.2353687286377
2023-04-11,24.7199993133545,24.7199993133545,24.4500007629395,24.5,229500,24.1172428131104
2023-04-12,24.7900009155273,24.7900009155273,24.0300006866455,24.0599994659424,167400,23.6841163635254
2023-04-13,24.1200008392334,24.3150005340576,23.8899993896484,24.1900005340576,54600,23.8120822906494
2023-04-14,24.2099990844727,24.443000793457,23.8899993896484,24.1800003051758,42600,23.8022403717041
2023-04-17,23.9300003051758,24.1499996185303,23.8299999237061,24.1499996185303,131700,23.7727108001709
2023-04-18,24.4099998474121,24.4899997711182,24.0599994659424,24.2399997711182,131000,23.8612995147705
2023-04-19,23.9599990844727,24.0240001678467,23.8400001525879,23.9899997711182,67600,23.6152057647705
2023-04-20,23.7800006866455,24.3299999237061,23.7800006866455,23.9599990844727,77000,23.5856761932373
2023-04-21,23.9400005340576,23.9400005340576,23.6000003814697,23.7700004577637,66400,23.3986434936523
2023-04-24,23.7600002288818,23.867000579834,23.5499992370605,23.6900005340576,98800,23.3198947906494
2023-04-25,23.5699996948242,23.5699996948242,22.8700008392334,22.8700008392334,111900,22.5127067565918
2023-04-26,23.1000003814697,23.2229995727539,22.9200000762939,22.9899997711182,30000,22.6308288574219
2023-04-27,23,23.1700000762939,22.6100006103516,23.1700000762939,39800,22.8080177307129
2023-04-28,23.2399997711182,23.5699996948242,23.2199993133545,23.5599994659424,32800,23.1919231414795
2023-05-01,23.75,23.8299999237061,23.6100006103516,23.7800006866455,30100,23.4084911346436
2023-05-02,23.7199993133545,23.8649997711182,23.3899993896484,23.5900001525879,29600,23.2214584350586
2023-05-03,23.5,23.6539993286133,23.2600002288818,23.2600002288818,43100,22.8966121673584
2023-05-04,23.0699996948242,23.3299999237061,22.9449996948242,23.1299991607666,48100,22.7686424255371
2023-05-05,23.2399997711182,23.7700004577637,23.1200008392334,23.7099990844727,24200,23.3395805358887
2023-05-08,23.6100006103516,23.8299999237061,23.4899997711182,23.7900009155273,79100,23.4183330535889
2023-05-09,23.4799995422363,23.4799995422363,23.3400001525879,23.3700008392334,387800,23.0048923492432
2023-05-10,23.6000003814697,23.746000289917,23.4099998474121,23.6200008392334,37200,23.2509880065918
2023-05-11,23.7000007629395,23.7000007629395,23.2399997711182,23.4799995422363,22100,23.1131744384766
2023-05-12,23.6000003814697,23.6299991607666,23.2159996032715,23.4400005340576,12600,23.0737991333008
2023-05-15,23.5400009155273,24.0699996948242,23.4400005340576,24.0699996948242,31000,23.6939601898193
2023-05-16,24.2099990844727,24.2840003967285,24,24,21600,23.6250514984131
2023-05-17,24.1900005340576,24.7000007629395,24.1100006103516,24.6299991607666,51800,24.2452068328857
2023-05-18,24.7700004577637,25.4409999847412,24.7700004577637,25.3999996185303,56700,25.0031776428223
2023-05-19,25.3999996185303,25.3999996185303,25.1019992828369,25.2199993133545,35900,24.8259906768799
2023-05-22,25.0100002288818,25.3899993896484,25.0020008087158,25.3099994659424,29100,24.9145793914795
2023-05-23,25.2299995422363,25.3400001525879,25,25.0599994659424,514700,24.6684913635254
2023-05-24,24.5900001525879,24.7299995422363,24.3600006103516,24.6000003814697,57100,24.2156791687012
2023-05-25,25.8500003814697,26.3610000610352,25.5310001373291,26.25,67100,25.8398990631104
2023-05-26,26.5900001525879,28.0860004425049,26.5900001525879,27.9599990844727,160800,27.5231838226318
2023-05-30,28.6299991607666,28.7089996337891,27.8950004577637,28,207900,27.5625591278076
2023-05-31,27.4400005340576,27.7999992370605,27.2199993133545,27.2199993133545,66500,26.7947463989258
2023-06-01,27.4300003051758,27.875,27.1499996185303,27.7000007629395,60700,27.2672462463379
2023-06-02,27.9599990844727,27.9599990844727,27.4799995422363,27.6399993896484,61800,27.2081832885742
2023-06-05,27.5100002288818,27.5100002288818,27.0799999237061,27.2000007629395,73900,26.7750568389893
2023-06-06,27.0799999237061,27.6299991607666,26.9599990844727,27.5200004577637,139400,27.0900592803955
2023-06-07,27.7199993133545,28.0410003662109,27.3799991607666,27.3999996185303,50200,26.9719314575195
2023-06-08,27.4200000762939,27.7399997711182,27.3500003814697,27.7000007629395,91900,27.2672462463379
2023-06-09,28.0400009155273,28.2220001220703,27.7099990844727,27.8400001525879,66100,27.4050579071045
2023-06-12,28.2000007629395,28.7469997406006,28.1399993896484,28.7399997711182,99300,28.2909965515137
2023-06-13,29.2299995422363,29.2600002288818,28.7870006561279,29.0799999237061,171600,28.6256866455078
2023-06-14,29.0300006866455,29.5200004577637,28.9099998474121,29.5100002288818,169700,29.0489692687988
2023-06-15,29.2299995422363,29.4599990844727,29.0699996948242,29.2199993133545,99400,28.7634983062744
2023-06-16,29.6100006103516,29.6100006103516,28.9899997711182,29.0100002288818,61900,28.5567798614502
2023-06-20,28.8899993896484,29.0480003356934,28.4400005340576,28.7199993133545,778700,28.339693069458
2023-06-21,28.6000003814697,28.6200008392334,27.9300003051758,27.9300003051758,104600,27.5601558685303
2023-06-22,27.6800003051758,28.1599998474121,27.6800003051758,28.1200008392334,42800,27.7476387023926
2023-06-23,27.7299995422363,27.7339992523193,27.5109996795654,27.6399993896484,43000,27.2739944458008
2023-06-26,27.8099994659424,28.1940002441406,27.6599998474121,27.6599998474121,40600,27.2937297821045
2023-06-27,27.8400001525879,28.7000007629395,27.7000007629395,28.6499996185303,24100,28.2706203460693
2023-06-28,28.1900005340576,28.6499996185303,28.1700000762939,28.4500007629395,83000,28.0732688903809
2023-06-29,28.5599994659424,28.5599994659424,28.2700004577637,28.4699993133545,37900,28.0930042266846
2023-06-30,28.7299995422363,29.0200004577637,28.6800003051758,28.9300003051758,39300,28.5469131469727
2023-07-03,29.1200008392334,29.2070007324219,28.8400001525879,29.1599998474121,40300,28.7738666534424
2023-07-05,29.0499992370605,29.0499992370605,28.5400009155273,28.5599994659424,37800,28.181812286377
2023-07-06,28.0900001525879,28.1800003051758,27.8040008544922,28.1800003051758,42900,27.8068447113037
2023-07-07,28.25,28.6000003814697,28.0599994659424,28.1800003051758,41600,27.8068447113037
2023-07-10,28.3099994659424,28.7900009155273,28.2600002288818,28.7700004577637,31500,28.3890323638916
2023-07-11,28.9400005340576,28.9400005340576,28.3799991607666,28.7700004577637,36400,28.3890323638916
2023-07-12,29.2000007629395,29.3299999237061,29.0100002288818,29.3099994659424,45600,28.9218807220459
2023-07-13,29.6200008392334,29.9500007629395,29.5030002593994,29.8799991607666,123100,29.4843311309814
2023-07-14,29.8799991607666,30.1100006103516,29.3999996185303,29.5499992370605,44300,29.1587028503418
2023-07-17,29.6100006103516,30.3299999237061,29.4500007629395,30.1900005340576,74300,29.790225982666
2023-07-18,30.1200008392334,30.3500003814697,29.8579998016357,30.2199993133545,72600,29.8198299407959
2023-07-19,30.3500003814697,30.3500003814697,29.8700008392334,29.9599990844727,77900,29.5632724761963
2023-07-20,29.4799995422363,29.4799995422363,28.7450008392334,28.8099994659424,102000,28.4285011291504
2023-07-21,29.2199993133545,29.3560009002686,28.9559993743896,29.1299991607666,59100,28.7442626953125
2023-07-24,29.2000007629395,29.2900009155273,28.9799995422363,29.0499992370605,40400,28.6653213500977
2023-07-25,29.2700004577637,29.7290000915527,29.2700004577637,29.5799999237061,57100,29.188304901123
2023-07-26,29.2600002288818,29.3500003814697,28.8290004730225,29.1100006103516,68700,28.7245292663574
2023-07-27,29.8799991607666,30.2600002288818,29.5,29.6399993896484,58000,29.2475090026855
2023-07-28,30.3099994659424,30.4020004272461,29.9489994049072,30.3600006103516,109100,29.9579772949219
2023-07-31,30.5,30.5270004272461,30.2999992370605,30.4400005340576,63000,30.0369186401367
2023-08-01,30.2600002288818,30.4699993133545,30.0699996948242,30.3999996185303,60400,29.9974498748779
2023-08-02,30.0400009155273,30.0400009155273,29.1000003814697,29.2199993133545,88000,28.8330707550049
2023-08-03,28.8899993896484,29.3530006408691,28.8199996948242,29.2199993133545,66900,28.8330707550049
2023-08-04,29.1499996185303,29.5389995574951,28.9099998474121,29.1700000762939,104300,28.7837371826172
2023-08-07,29.3199996948242,29.4699993133545,29.1840000152588,29.4699993133545,39200,29.079761505127
2023-08-08,29.0799999237061,29.0799999237061,28.6310005187988,29,45800,28.6159896850586
2023-08-09,29.0200004577637,29.0300006866455,28.4300003051758,28.4699993133545,57900,28.0930042266846
2023-08-10,28.7800006866455,28.9699993133545,28.1700000762939,28.3199996948242,65700,27.9449901580811
2023-08-11,28.0400009155273,28.0400009155273,27.6200008392334,27.6700000762939,34800,27.3035984039307
2023-08-14,27.4899997711182,28.5100002288818,27.4599990844727,28.5100002288818,44600,28.132474899292
2023-08-15,28.4599990844727,28.4599990844727,28,28,28000,27.6292285919189
2023-08-16,27.8700008392334,27.9050006866455,27.4300003051758,27.4400005340576,66700,27.0766468048096
2023-08-17,27.6200008392334,27.6200008392334,27.1100006103516,27.1700000762939,43700,26.8102169036865
2023-08-18,26.9099998474121,27.3799991607666,26.8099994659424,27.25,46400,26.8891582489014
2023-08-21,27.4599990844727,28.0849990844727,27.4449996948242,28.0400009155273,38900,27.6686973571777
2023-08-22,28.4400005340576,28.451000213623,27.7369995117188,27.7800006866455,92000,27.4121437072754
2023-08-23,27.7099990844727,28.4790000915527,27.7000007629395,28.4200000762939,45700,28.0436668395996
2023-08-24,28.9500007629395,28.9500007629395,27.4300003051758,27.4400005340576,106000,27.0766468048096
2023-08-25,27.4599990844727,27.6900005340576,27.0249996185303,27.5200004577637,31400,27.1555862426758
2023-08-28,27.8400001525879,27.8999996185303,27.6200008392334,27.8700008392334,41200,27.5009498596191
2023-08-29,27.8099994659424,28.6800003051758,27.8099994659424,28.6200008392334,32600,28.2410202026367
2023-08-30,28.5799999237061,28.8400001525879,28.2900009155273,28.7600002288818,56500,28.3791656494141
2023-08-31,28.6900005340576,29.0799999237061,28.6900005340576,28.9099998474121,52700,28.5271778106689
2023-09-01,29.1900005340576,29.1919994354248,28.8500003814697,29.0699996948242,20800,28.68505859375
2023-09-05,28.8999996185303,29.257999420166,28.8400001525879,28.9899997711182,86800,28.6061210632324
2023-09-06,29.0200004577637,29.1399993896484,28.5699996948242,28.8400001525879,62600,28.4581069946289
2023-09-07,28.25,28.3199996948242,27.9099998474121,28.2600002288818,49700,27.8857841491699
2023-09-08,28.2900009155273,28.3999996185303,28.0349998474121,28.1399993896484,20300,27.7673721313477
2023-09-11,28.5200004577637,28.5200004577637,27.7970008850098,28.1599998474121,105600,27.7871112823486
2023-09-12,28.0300006866455,28.2600002288818,27.9500007629395,27.9500007629395,31200,27.5798873901367
2023-09-13,27.9799995422363,28.3299999237061,27.9799995422363,28.0699996948242,55400,27.698299407959
2023-09-14,28.3999996185303,28.3999996185303,28.0300006866455,28.25,47500,27.8759174346924
2023-09-15,28.1000003814697,28.1000003814697,27.3080005645752,27.4300003051758,36100,27.0667762756348
2023-09-18,27.2299995422363,27.5879993438721,27.1599998474121,27.4699993133545,32500,27.1696395874023
2023-09-19,27.4300003051758,27.4300003051758,27.0900001525879,27.2099990844727,27700,26.9124794006348
2023-09-20,27.3799991607666,27.4190006256104,26.7700004577637,26.7700004577637,45700,26.4772930145264
2023-09-21,26.4699993133545,26.6310005187988,26.2800006866455,26.2800006866455,60000,25.9926509857178
2023-09-22,26.5900001525879,26.7399997711182,26.4599990844727,26.4899997711182,22400,26.2003536224365
2023-09-25,26.3299999237061,26.7000007629395,26.3299999237061,26.6700000762939,31100,26.3783874511719
2023-09-26,26.4699993133545,26.5499992370605,26.1000003814697,26.2299995422363,77800,25.9431972503662
2023-09-27,26.4400005340576,26.6000003814697,26.1270008087158,26.5,37900,26.2102432250977
2023-09-28,26.4599990844727,27.1900005340576,26.3500003814697,26.9200000762939,26000,26.6256523132324
2023-09-29,27.3700008392334,27.4270000457764,26.9500007629395,27.0499992370605,25700,26.7542304992676
2023-10-02,27.1100006103516,27.326000213623,26.8990001678467,27.1800003051758,20300,26.8828086853027
2023-10-03,26.951000213623,27.2800006866455,26.4540004730225,26.5699996948242,32500,26.2794799804688
2023-10-04,26.7299995422363,27,26.5599994659424,26.9200000762939,35400,26.6256523132324
2023-10-05,26.9799995422363,27.0030002593994,26.6200008392334,26.8400001525879,39500,26.5465259552002
2023-10-06,26.7399997711182,27.5,26.5300006866455,27.3899993896484,153400,27.0905132293701
2023-10-09,27.1599998474121,27.3509998321533,26.8899993896484,27.3199996948242,45400,27.021276473999
2023-10-10,27.4099998474121,27.8920001983643,27.3199996948242,27.6700000762939,37800,27.36745262146
2023-10-11,27.8099994659424,27.8899993896484,27.5200004577637,27.8899993896484,48500,27.5850467681885
2023-10-12,27.9300003051758,28.3199996948242,27.7099990844727,27.9599990844727,58700,27.6542778015137
2023-10-13,27.9599990844727,27.9599990844727,27.1499996185303,27.2199993133545,67300,26.9223728179932
2023-10-16,27.2600002288818,27.6499996185303,27.2600002288818,27.5499992370605,46900,27.2487640380859
2023-10-17,27.0300006866455,27.5499992370605,26.7019996643066,27.3899993896484,51400,27.0905132293701
2023-10-18,27,27.0610008239746,26.7399997711182,26.9099998474121,32500,26.6157608032227
2023-10-19,27.1399993896484,27.1399993896484,26.4500007629395,26.5300006866455,59100,26.2399158477783
2023-10-20,26.6000003814697,26.7099990844727,26.0900001525879,26.1299991607666,58700,25.8442897796631
2023-10-23,26.0100002288818,26.4150009155273,25.7450008392334,25.9899997711182,50600,25.7058200836182
2023-10-24,26.1000003814697,26.3680000305176,26,26.3500003814697,58400,26.0618877410889
2023-10-25,26.0200004577637,26.0200004577637,25.1599998474121,25.2299995422363,83200,24.9541301727295
2023-10-26,25.3600006103516,25.6000003814697,24.9750003814697,25.1100006103516,137000,24.8354415893555
2023-10-27,25.5200004577637,25.6200008392334,25.3099994659424,25.3999996185303,77400,25.1222743988037
2023-10-30,25.3299999237061,25.3299999237061,24.8600006103516,25.0699996948242,148000,24.7958812713623
2023-10-31,25.0699996948242,25.3700008392334,24.8199996948242,25.3600006103516,24000,25.0827121734619
2023-11-01,25.3799991607666,25.9099998474121,25.3500003814697,25.8999996185303,87200,25.6168079376221
2023-11-02,26.4200000762939,26.6900005340576,26.2299995422363,26.5499992370605,68700,26.2596988677979
2023-11-03,26.7199993133545,27.3799991607666,26.7199993133545,27.2299995422363,68500,26.9322605133057
2023-11-06,27.2999992370605,27.3250007629395,26.9209995269775,27.1700000762939,69000,26.872917175293
2023-11-07,27.0900001525879,27.4899997711182,27.0900001525879,27.3400001525879,52200,27.0410594940186
2023-11-08,27.4200000762939,27.507999420166,27.2000007629395,27.3500003814697,57200,27.0509510040283
2023-11-09,27.5200004577637,27.8500003814697,27.1800003051758,27.25,40400,26.9520435333252
2023-11-10,27.5499992370605,28.3799991607666,27.5,28.3199996948242,52600,28.0103435516357
2023-11-13,28.1399993896484,28.1399993896484,27.8490009307861,28.0200004577637,75000,27.713623046875
2023-11-14,28.6100006103516,29.1200008392334,28.6100006103516,29.0699996948242,61200,28.7521438598633
2023-11-15,29.2000007629395,29.4500007629395,29.1000003814697,29.2399997711182,150600,28.9202842712402
2023-11-16,29.1100006103516,29.4099998474121,29.1000003814697,29.3299999237061,67300,29.0093002319336
2023-11-17,29.2800006866455,29.5599994659424,29.2000007629395,29.5200004577637,26100,29.1972236633301
2023-11-20,29.5,30.0739994049072,29.5,29.9799995422363,38500,29.6521949768066
2023-11-21,29.7900009155273,29.7900009155273,29.2849998474121,29.4200000762939,115300,29.098316192627
2023-11-22,29.6800003051758,29.9209995269775,29.4599990844727,29.5,99300,29.1774406433105
2023-11-24,29.5499992370605,29.5499992370605,29.4799995422363,29.5499992370605,21000,29.2268962860107
2023-11-27,29.4699993133545,29.7390003204346,29.3799991607666,29.4699993133545,28800,29.1477699279785
2023-11-28,29.2999992370605,29.4260005950928,29.1000003814697,29.3299999237061,34500,29.0093002319336
2023-11-29,29.7600002288818,30.0300006866455,29.5499992370605,29.6200008392334,66100,29.2961311340332
2023-11-30,29.7700004577637,29.7700004577637,29.1550006866455,29.3899993896484,38100,29.0686473846436
2023-12-01,29.1700000762939,29.5200004577637,29.0100002288818,29.4500007629395,54800,29.1279907226562
2023-12-04,29.2299995422363,29.2299995422363,28.7129993438721,29.1100006103516,49000,28.7917079925537
2023-12-05,28.9200000762939,29,28.7399997711182,28.9899997711182,44100,28.6730213165283
2023-12-06,29.3500003814697,29.3899993896484,28.7299995422363,28.7800006866455,87300,28.4653148651123
2023-12-07,29.1200008392334,29.6299991607666,28.9200000762939,29.5699996948242,95600,29.2466773986816
2023-12-08,29.5400009155273,29.8689994812012,29.5200004577637,29.7399997711182,25800,29.4148178100586
2023-12-11,30.0499992370605,30.8999996185303,30.0499992370605,30.7700004577637,49200,30.433557510376
2023-12-12,30.75,31.0200004577637,30.6100006103516,30.9899997711182,64600,30.6511516571045
2023-12-13,31.0699996948242,31.6000003814697,30.9150009155273,31.4500007629395,106700,31.1061229705811
2023-12-14,31.7900009155273,32.4280014038086,31.75,32.3699989318848,120800,32.016056060791
2023-12-15,32.5499992370605,32.8400001525879,32.4000015258789,32.4300003051758,140900,32.0754051208496
2023-12-18,32.4599990844727,32.4599990844727,32.0099983215332,32.3199996948242,73300,32.0417022705078
2023-12-19,32.2999992370605,32.507999420166,32.2999992370605,32.4799995422363,51500,32.2003211975098
2023-12-20,32.3300018310547,32.4199981689453,31.5499992370605,31.5799999237061,131100,31.308069229126
2023-12-21,32.2999992370605,32.4799995422363,32.0999984741211,32.439998626709,123600,32.1606674194336
2023-12-22,32.6300010681152,32.7000007629395,32.3300018310547,32.5699996948242,90300,32.2895469665527
2023-12-26,32.7000007629395,33.2599983215332,32.7000007629395,33.1500015258789,110900,32.8645515441895
2023-12-27,33.2999992370605,33.3390007019043,33.0200004577637,33.2299995422363,129700,32.9438591003418
2023-12-28,33.3199996948242,33.3489990234375,33.125,33.1800003051758,60400,32.8942909240723
2023-12-29,33.2200012207031,33.2200012207031,32.7299995422363,32.8600006103516,126000,32.5770492553711
2024-01-02,32.4199981689453,32.439998626709,31.4200000762939,31.7199993133545,176100,31.4468650817871
2024-01-03,31.2600002288818,31.2999992370605,30.9300003051758,31.0300006866455,116000,30.7628059387207
2024-01-04,30.6200008392334,31.07200050354,30.5009994506836,30.7999992370605,103300,30.5347843170166
2024-01-05,30.8799991607666,31.2399997711182,30.7900009155273,31,180900,30.7330646514893
2024-01-08,31.2000007629395,32.0530014038086,31.2000007629395,32.0099983215332,201100,31.7343673706055
2024-01-09,31.6900005340576,32.2299995422363,31.6060009002686,31.9599990844727,151600,31.6847972869873
2024-01-10,32.060001373291,32.060001373291,31.5139999389648,31.9200000762939,122300,31.6451454162598
2024-01-11,31.8899993896484,32.2200012207031,31.3999996185303,32.0699996948242,142800,31.793851852417
2024-01-12,32.0400009155273,32.2099990844727,31.7299995422363,31.9200000762939,90500,31.6451454162598
2024-01-16,31.9099998474121,32.5099983215332,31.8199996948242,32.310001373291,124000,32.0317840576172
2024-01-17,32.1599998474121,32.1599998474121,31.5499992370605,32.0099983215332,128500,31.7343673706055
2024-01-18,32.9000015258789,33.1650009155273,32.5999984741211,33.1500015258789,169500,32.8645515441895
2024-01-19,33.5699996948242,34.4949989318848,33.4300003051758,34.4599990844727,220500,34.1632690429688
2024-01-22,34.7900009155273,34.9500007629395,34.25,34.5200004577637,232600,34.2227554321289
2024-01-23,34.5999984741211,34.7999992370605,34.242000579834,34.7999992370605,144700,34.5003395080566
2024-01-24,35.189998626709,35.7700004577637,34.939998626709,35.3199996948242,237200,35.0158653259277
2024-01-25,35.9700012207031,35.9900016784668,35.0900001525879,35.2299995422363,292700,34.926643371582
2024-01-26,34.5699996948242,34.689998626709,34.1100006103516,34.2200012207031,226100,33.9253425598145
2024-01-29,34.3699989318848,34.5900001525879,34.0400009155273,34.5900001525879,187000,34.2921562194824
2024-01-30,34.4599990844727,34.5299987792969,33.8839988708496,34.0499992370605,145800,33.7568016052246
2024-01-31,33.5,34.1459999084473,33.25,33.5900001525879,171700,33.3007621765137
2024-02-01,33.7799987792969,33.7900009155273,33.2900009155273,33.689998626709,197700,33.39990234375
2024-02-02,33.7099990844727,34.2299995422363,33.689998626709,34.1599998474121,119900,33.8658561706543
2024-02-05,34.4300003051758,34.7089996337891,34.060001373291,34.5699996948242,188300,34.2723274230957
2024-02-06,34.7299995422363,34.7299995422363,33.810001373291,34.189998626709,161500,33.8955955505371
2024-02-07,34.4500007629395,34.7599983215332,34.1450004577637,34.7599983215332,105300,34.4606857299805
2024-02-08,34.8499984741211,35.5200004577637,34.8300018310547,35.25,161700,34.9464683532715
2024-02-09,35.5,36.0299987792969,35.2999992370605,36,110400,35.6900100708008
2024-02-12,36.0800018310547,36.5900001525879,35.8199996948242,35.9099998474121,177600,35.6007843017578
2024-02-13,34.939998626709,35.5550003051758,34.7400016784668,35.2299995422363,136500,34.926643371582
2024-02-14,35.6699981689453,35.9900016784668,35.5,35.9700012207031,108800,35.660270690918
2024-02-15,36.0800018310547,36.2200012207031,35.7649993896484,35.9500007629395,130800,35.6404418945312
2024-02-16,36.2999992370605,36.4300003051758,35.6450004577637,35.689998626709,247000,35.3826789855957
2024-02-20,35.5499992370605,35.5499992370605,34.5719985961914,35.1399993896484,212300,34.8374099731445
2024-02-21,34.8300018310547,35.0800018310547,34.560001373291,35.0800018310547,250300,34.7779312133789
2024-02-22,36.4500007629395,36.935001373291,36.2799987792969,36.7900009155273,281900,36.4732093811035
2024-02-23,37,37.1100006103516,36.2099990844727,36.3499984741211,228400,36.036994934082
2024-02-26,36.7999992370605,36.9000015258789,36.5200004577637,36.75,225400,36.4335517883301
2024-02-27,37,37,36.6650009155273,36.689998626709,173500,36.3740653991699
2024-02-28,36.3800010681152,36.4700012207031,36.1199989318848,36.3300018310547,182600,36.0171737670898
2024-02-29,36.7999992370605,37.3499984741211,36.6100006103516,37.2799987792969,354400,36.9589920043945
2024-03-01,37.7700004577637,39.0200004577637,37.689998626709,38.8699989318848,491200,38.5353012084961
2024-03-04,39.4099998474121,39.7200012207031,39.060001373291,39.2900009155273,504500,38.9516868591309
2024-03-05,38.9500007629395,39.0200004577637,38.076000213623,38.5,320100,38.1684837341309
2024-03-06,39.2999992370605,39.8300018310547,39.0050010681152,39.4199981689453,417200,39.0805587768555
2024-03-07,39.9900016784668,40.9000015258789,39.9000015258789,40.7099990844727,395300,40.3594551086426
2024-03-08,40.9900016784668,41.1199989318848,39.0999984741211,39.1100006103516,564400,38.7732315063477
2024-03-11,38.6599998474121,38.7799987792969,38.1570014953613,38.5400009155273,348400,38.2081413269043
2024-03-12,39.0900001525879,39.3699989318848,38.375,39.3699989318848,254400,39.0309944152832
2024-03-13,39,39,38.1609992980957,38.4000015258789,236700,38.0693473815918
2024-03-14,38.3800010681152,38.4539985656738,37.3899993896484,37.7700004577637,796800,37.444766998291
2024-03-15,37.4199981689453,37.8709983825684,37.2000007629395,37.5200004577637,150700,37.1969223022461
2024-03-18,38.1199989318848,38.2599983215332,37.4000015258789,37.4500007629395,417200,37.195930480957
2024-03-19,36.9300003051758,37.2700004577637,36.367000579834,37.0999984741211,244700,36.8483047485352
2024-03-20,37.2700004577637,37.7900009155273,36.8699989318848,37.7200012207031,193100,37.4640998840332
2024-03-21,38.9799995422363,39.2400016784668,38.5,38.5699996948242,266200,38.3083305358887
2024-03-22,38.5099983215332,38.9599990844727,38.3199996948242,38.6100006103516,293400,38.3480606079102
2024-03-25,38.2400016784668,38.8800010681152,38.060001373291,38.5,438500,38.2388076782227
2024-03-26,38.8699989318848,38.9300003051758,38.189998626709,38.189998626709,196700,37.930908203125
2024-03-27,38.6500015258789,38.673999786377,37.9329986572266,38.5699996948242,202200,38.3083305358887
2024-03-28,38.4700012207031,38.7700004577637,38.4700012207031,38.5900001525879,156600,38.328197479248
2024-04-01,38.8800010681152,39.6100006103516,38.7799987792969,39.0499992370605,433200,38.7850723266602
2024-04-02,38.4900016784668,38.5699996948242,38.0699996948242,38.5099983215332,180400,38.2487373352051
2024-04-03,38.1100006103516,38.8889999389648,38.0719985961914,38.6599998474121,276600,38.3977203369141
2024-04-04,39.1599998474121,39.2599983215332,37.4300003051758,37.4799995422363,127600,37.2257308959961
2024-04-05,37.6100006103516,38.1599998474121,37.4749984741211,37.9500007629395,184400,37.6925392150879
2024-04-08,38.25,38.3359985351562,37.8499984741211,38.0299987792969,118900,37.7719955444336
2024-04-09,38.3400001525879,38.5019989013672,37.689998626709,38.3800010681152,98500,38.1196212768555
2024-04-10,37.75,38.2000007629395,37.5099983215332,37.6800003051758,308600,37.424373626709
2024-04-11,38,38.689998626709,37.6870002746582,38.5900001525879,197600,38.328197479248
2024-04-12,38.0900001525879,38.0900001525879,37.2900009155273,37.4199981689453,161200,37.1661338806152
2024-04-15,37.810001373291,38.0099983215332,36.7000007629395,36.8499984741211,250800,36.6000022888184
2024-04-16,36.9500007629395,37.3499984741211,36.7849998474121,37.1800003051758,121100,36.9277610778809
2024-04-17,37.2099990844727,37.2400016784668,35.8800010681152,36,288500,35.7557716369629
2024-04-18,35.7999992370605,35.9850006103516,35.2400016784668,35.3400001525879,300900,35.1002464294434
2024-04-19,35.0499992370605,35.2449989318848,33.7799987792969,33.8899993896484,481800,33.660083770752
2024-04-22,34.2200012207031,34.7400016784668,33.8699989318848,34.5499992370605,179400,34.3156051635742
2024-04-23,34.7799987792969,35.4300003051758,34.6699981689453,35.2900009155273,208400,35.0505867004395
2024-04-24,36.2000007629395,36.3880004882812,35.3600006103516,35.6500015258789,223200,35.4081420898438
2024-04-25,35.4700012207031,36.560001373291,35.3400001525879,36.3600006103516,234800,36.1133270263672
2024-04-26,36.4599990844727,37.439998626709,36.3300018310547,37.2999992370605,134800,37.046947479248
2024-04-29,37.2999992370605,37.5699996948242,36.9300003051758,37.4799995422363,189100,37.2257308959961
2024-04-30,37.3899993896484,37.7999992370605,36.7999992370605,36.7999992370605,151900,36.5503387451172
2024-05-01,36.2000007629395,36.6800003051758,35.2999992370605,35.5299987792969,379300,35.288948059082
2024-05-02,36.0900001525879,36.3899993896484,35.439998626709,36.2799987792969,268300,36.0338668823242
2024-05-03,37.060001373291,37.2999992370605,36.8530006408691,37.1399993896484,106300,36.8880348205566
2024-05-06,37.5,37.9700012207031,37.2999992370605,37.9700012207031,105400,37.71240234375
2024-05-07,38.1199989318848,38.1500015258789,37.6500015258789,37.6500015258789,202100,37.3945732116699
2024-05-08,37.3300018310547,37.7700004577637,37.2599983215332,37.7400016784668,174400,37.4839668273926
2024-05-09,37.6500015258789,37.75,37.3499984741211,37.4900016784668,93500,37.2356605529785
2024-05-10,37.9799995422363,38.2760009765625,37.7299995422363,37.8499984741211,118100,37.5932159423828
2024-05-13,38.0699996948242,38.1699981689453,37.9090003967285,38,116300,37.7421989440918
2024-05-14,37.9900016784668,38.6599998474121,37.9010009765625,38.6199989318848,116600,38.3579940795898
2024-05-15,39,39.7599983215332,38.8400001525879,39.7599983215332,186800,39.4902572631836
2024-05-16,39.7700004577637,40.060001373291,39.5299987792969,39.5299987792969,292500,39.2618217468262
2024-05-17,39.75,39.8190002441406,38.9599990844727,39.2400016784668,216400,38.9737930297852
2024-05-20,39.439998626709,40.3300018310547,39.3800010681152,40.1199989318848,205600,39.8478202819824
2024-05-21,39.6699981689453,40.0400009155273,39.5499992370605,40.0200004577637,154000,39.7484931945801
2024-05-22,40.3899993896484,40.5,40,40.4199981689453,196800,40.1457824707031
2024-05-23,41.4599990844727,41.4599990844727,40.064998626709,40.3800010681152,261600,40.1060562133789
2024-05-24,40.7700004577637,41.2299995422363,40.560001373291,41.1199989318848,369600,40.8410301208496
2024-05-28,41.689998626709,42.0999984741211,41.2799987792969,41.9700012207031,241300,41.6852645874023
2024-05-29,41.2599983215332,41.3699989318848,41.0379981994629,41.1399993896484,381800,40.8608932495117
2024-05-30,41.1699981689453,41.2190017700195,40.560001373291,40.7900009155273,180900,40.5132713317871
2024-05-31,40.9799995422363,41.0260009765625,39.3199996948242,40.2900009155273,228000,40.016658782959
2024-06-03,41.1199989318848,41.1199989318848,39.9599990844727,40.6300010681152,212200,40.3543548583984
2024-06-04,40.6199989318848,40.6199989318848,40,40.3199996948242,140700,40.0464630126953
2024-06-05,41.0800018310547,42.1699981689453,40.9309997558594,42.1699981689453,268300,41.8839073181152
2024-06-06,42.2299995422363,42.2299995422363,41.4749984741211,41.7900009155273,449900,41.5064849853516
2024-06-07,41.7599983215332,41.939998626709,41.4300003051758,41.6800003051758,451100,41.3972320556641
2024-06-10,41.3899993896484,42.3899993896484,41.2999992370605,42.25,326100,41.9633636474609
2024-06-11,42.1599998474121,42.3499984741211,41.689998626709,42.25,233200,41.9633636474609
2024-06-12,43.0800018310547,43.7000007629395,42.9799995422363,43.5200004577637,457100,43.2247505187988
2024-06-13,44.2099990844727,44.3400001525879,43.5699996948242,44.1800003051758,463300,43.8802719116211
2024-06-14,43.7999992370605,44.2400016784668,43.6800003051758,44.1300010681152,396600,43.8306121826172
2024-06-17,44.5299987792969,44.9199981689453,43.9300003051758,44.8300018310547,410400,44.5258674621582
2024-06-18,45,45.6790008544922,44.9799995422363,45.4700012207031,431700,45.1615180969238
2024-06-20,45.7200012207031,45.7200012207031,43.9900016784668,44.2400016784668,431300,43.939868927002
2024-06-21,43.8199996948242,44.2400016784668,43.2000007629395,43.6599998474121,305800,43.3638038635254
2024-06-24,43.2799987792969,43.5,42.2700004577637,42.2799987792969,533800,42.0519142150879
2024-06-25,42.6199989318848,43.0900001525879,42.2099990844727,43.0900001525879,485800,42.8575477600098
2024-06-26,42.9900016784668,43.2999992370605,42.4500007629395,42.9599990844727,435700,42.7282447814941
2024-06-27,42.9099998474121,43.1100006103516,42.4500007629395,42.7099990844727,355300,42.4795951843262
2024-06-28,43.0299987792969,43.9500007629395,42.7849998474121,43.0900001525879,680200,42.8575477600098
2024-07-01,43.1399993896484,43.1699981689453,42.2799987792969,43.1699981689453,228200,42.9371109008789
2024-07-02,42.9000015258789,43.6800003051758,42.875,43.6800003051758,276300,43.4443664550781
2024-07-03,43.7299995422363,44.6800003051758,43.5699996948242,44.5200004577637,243000,44.2798309326172
2024-07-05,44.7999992370605,44.9099998474121,44.2999992370605,44.5,310700,44.2599411010742
2024-07-08,44.9300003051758,45.4550018310547,44.9099998474121,45.4099998474121,282400,45.1650314331055
2024-07-09,45.7099990844727,45.8899993896484,44.9900016784668,45.4199981689453,379400,45.174976348877
2024-07-10,45.8800010681152,46.5699996948242,45.6800003051758,46.5400009155273,360000,46.2889366149902
2024-07-11,46.8199996948242,46.8199996948242,44.7599983215332,44.9099998474121,849400,44.667724609375
2024-07-12,45.1500015258789,46.25,44.9199981689453,45.5200004577637,565400,45.2744331359863
2024-07-15,45.7900009155273,46.0999984741211,45.2309989929199,45.560001373291,639200,45.3142204284668
2024-07-16,45.7400016784668,45.7750015258789,44.9799995422363,45.6500015258789,526200,45.403736114502
2024-07-17,44.4000015258789,44.4599990844727,42.5499992370605,42.5999984741211,687100,42.3701858520508
2024-07-18,43.3499984741211,43.3899993896484,42.0550003051758,42.8199996948242,755400,42.588996887207
2024-07-19,42.7700004577637,42.7700004577637,41.4300003051758,41.5,707100,41.276123046875
2024-07-22,42.3600006103516,43.1599998474121,42.0349998474121,43.1500015258789,452200,42.9172248840332
2024-07-23,42.5800018310547,42.9500007629395,42.4199981689453,42.4700012207031,473400,42.240894317627
2024-07-24,41.8199996948242,41.939998626709,40.1389999389648,40.1699981689453,649400,39.953296661377
2024-07-25,39.9000015258789,40.7000007629395,38.6399993896484,39.4300003051758,503300,39.2172889709473
2024-07-26,40.310001373291,40.5449981689453,39.810001373291,40.1800003051758,670000,39.9632453918457
2024-07-29,40.689998626709,41.1500015258789,39.9599990844727,40.0999984741211,545800,39.883674621582
2024-07-30,40.310001373291,40.3400001525879,38.3810005187988,38.4900016784668,538600,38.2823638916016
2024-07-31,40.3499984741211,41.2700004577637,40.068000793457,41.1800003051758,538200,40.9578475952148
2024-08-01,40.6399993896484,40.9799995422363,37.8120002746582,38.2400016784668,729700,38.0337104797363
2024-08-02,36.5800018310547,37.0200004577637,35.7999992370605,36.2900009155273,1117300,36.0942306518555
2024-08-05,33.7000007629395,36.5050010681152,33.7000007629395,35.5900001525879,819200,35.3980026245117
2024-08-06,36,36.8899993896484,35.3699989318848,35.9900016784668,862800,35.7958488464355
2024-08-07,37.0400009155273,37.3600006103516,34.810001373291,34.8400001525879,873800,34.6520500183105
2024-08-08,35.8699989318848,37.3300018310547,35.2099990844727,37.2900009155273,476100,37.0888328552246
2024-08-09,37.0699996948242,37.4199981689453,36.5750007629395,37.1199989318848,371700,36.919750213623
2024-08-12,37.2400016784668,37.7900009155273,36.9199981689453,37.4099998474121,246500,37.2081871032715
2024-08-13,37.9700012207031,38.9599990844727,37.689998626709,38.9599990844727,401400,38.7498245239258
2024-08-14,39.2999992370605,39.3400001525879,38.25,38.8899993896484,359900,38.6802024841309
2024-08-15,39.689998626709,40.8800010681152,39.5299987792969,40.7900009155273,375900,40.5699501037598
2024-08-16,40.3899993896484,40.8600006103516,40.189998626709,40.7700004577637,386500,40.5500602722168
2024-08-19,40.6699981689453,41.4889984130859,40.1500015258789,41.4300003051758,402300,41.2065010070801
2024-08-20,41.2000007629395,41.5499992370605,40.6220016479492,40.9700012207031,391100,40.7489852905273
2024-08-21,41.1699981689453,41.6549987792969,40.9799995422363,41.4500007629395,281300,41.2263946533203
2024-08-22,41.8400001525879,41.8899993896484,39.9799995422363,40.1399993896484,437600,39.9234619140625
2024-08-23,40.6800003051758,41.4500007629395,40.5499992370605,41.2200012207031,333900,40.9976348876953
2024-08-26,41.0699996948242,41.2000007629395,40.0499992370605,40.1300010681152,569300,39.9135131835938
2024-08-27,39.7900009155273,40.7599983215332,39.5200004577637,40.6500015258789,319200,40.4307098388672
2024-08-28,40.4700012207031,40.6800003051758,39.4599990844727,39.8800010681152,296400,39.6648635864258
2024-08-29,39.939998626709,40.6599998474121,39.4900016784668,39.689998626709,367100,39.475887298584
2024-08-30,40.5699996948242,40.7900009155273,40,40.6599998474121,273200,40.4406547546387
2024-09-03,39.9000015258789,39.9000015258789,37.3390007019043,37.5099983215332,657600,37.3076477050781
2024-09-04,37.0299987792969,38.1599998474121,36.9700012207031,37.5999984741211,724300,37.397159576416
2024-09-05,37.1300010681152,37.9799995422363,37.0099983215332,37.4199981689453,250400,37.218132019043
2024-09-06,37.1300010681152,37.1300010681152,35.5400009155273,35.7000007629395,632500,35.5074119567871
2024-09-09,36.1500015258789,36.5499992370605,35.8300018310547,36.4799995422363,503100,36.283203125
2024-09-10,36.5900001525879,36.9300003051758,35.9599990844727,36.8800010681152,417100,36.6810455322266
2024-09-11,37.2099990844727,38.7599983215332,36.3800010681152,38.689998626709,698400,38.4812812805176
2024-09-12,38.5499992370605,38.9900016784668,38.0400009155273,38.6399993896484,673900,38.4315528869629
2024-09-13,38.8699989318848,39.3499984741211,38.8699989318848,39.2999992370605,327500,39.0879936218262
2024-09-16,38.75,38.939998626709,38.2400016784668,38.7299995422363,430100,38.5210609436035
2024-09-17,39.1599998474121,39.25,38.4300003051758,38.75,285100,38.5409545898438
2024-09-18,38.8499984741211,39.4900016784668,38.2949981689453,38.3300018310547,443500,38.1232261657715
2024-09-19,39.8300018310547,40.5099983215332,39.5,39.9900016784668,546000,39.7742729187012
2024-09-20,39.5800018310547,39.7039985656738,38.8699989318848,39.4799995422363,372600,39.267017364502
2024-09-23,39.5299987792969,39.689998626709,39.25,39.5299987792969,314200,39.3845863342285
2024-09-24,39.939998626709,40.2999992370605,39.4300003051758,40.1399993896484,350200,39.9923439025879
2024-09-25,40,40.7000007629395,40,40.4199981689453,312300,40.271312713623
2024-09-26,42.0800018310547,42.189998626709,40.7999992370605,41.7700004577637,563100,41.6163444519043
2024-09-27,41.9099998474121,41.9099998474121,40.8800010681152,41.0800018310547,386300,40.928882598877
2024-09-30,40.439998626709,40.9599990844727,40.1679992675781,40.7299995422363,373900,40.5801734924316
2024-10-01,40.75,40.8600006103516,39.2599983215332,39.5499992370605,366300,39.4045143127441
2024-10-02,39.5800018310547,40.5699996948242,39.4099998474121,40.1699981689453,235700,40.0222320556641
2024-10-03,39.939998626709,40.8800010681152,39.939998626709,40.4000015258789,273000,40.2513885498047
2024-10-04,41.2700004577637,41.2700004577637,40.4700012207031,40.9900016784668,179900,40.8392181396484
2024-10-07,40.7700004577637,41.2999992370605,40.6500015258789,40.9099998474121,206600,40.7595100402832
2024-10-08,40.9700012207031,41.5999984741211,40.7400016784668,41.4599990844727,490200,41.3074836730957
2024-10-09,41.5,41.9500007629395,41.1599998474121,41.8699989318848,352400,41.7159767150879
2024-10-10,41.4000015258789,41.9099998474121,41.1399993896484,41.6699981689453,303300,41.5167121887207
2024-10-11,41.4500007629395,42.1399993896484,41.4199981689453,42,199900,41.8454971313477
2024-10-14,42.2700004577637,42.8800010681152,42.2700004577637,42.7900009155273,341100,42.6325950622559
2024-10-15,42.6599998474121,42.8549995422363,40.25,40.4900016784668,808200,40.3410530090332
2024-10-16,40.9900016784668,41,40.3600006103516,40.5900001525879,753700,40.4406852722168
2024-10-17,41.75,41.7900009155273,40.9799995422363,40.9799995422363,588100,40.8292541503906
2024-10-18,41.3300018310547,41.3600006103516,40.8899993896484,40.9799995422363,477200,40.8292541503906
2024-10-21,40.9000015258789,41.1300010681152,40.5099983215332,41.0999984741211,318800,40.9488067626953
2024-10-22,40.7700004577637,41.0099983215332,40.5699996948242,40.8499984741211,465800,40.6997261047363
2024-10-23,40.7299995422363,40.8800010681152,39.875,40.3899993896484,645400,40.2414207458496
2024-10-24,40.8400001525879,40.8400001525879,40.2999992370605,40.5999984741211,364000,40.4506492614746
2024-10-25,41.0200004577637,41.6300010681152,41.0200004577637,41.0299987792969,298600,40.8790702819824
2024-10-28,41.060001373291,41.2900009155273,40.8499984741211,41.0099983215332,196400,40.8591423034668
2024-10-29,41.0800018310547,42.189998626709,40.8450012207031,42.0299987792969,540800,41.8753890991211
2024-10-30,40.9500007629395,41.1699981689453,40.5800018310547,40.6199989318848,677900,40.470573425293
2024-10-31,40.1300010681152,40.1300010681152,38.689998626709,39,577400,38.8565368652344
2024-11-01,39.4000015258789,39.810001373291,39.2000007629395,39.3600006103516,398400,39.2152099609375
2024-11-04,39.3199996948242,39.7900009155273,39.1189994812012,39.1500015258789,286200,39.0059852600098
2024-11-05,39.2700004577637,39.8400001525879,39.2700004577637,39.8300018310547,173500,39.6834869384766
2024-11-06,40.6500015258789,41.2099990844727,40.3400001525879,41.0900001525879,416300,40.9388465881348
2024-11-07,41.6100006103516,42.0499992370605,41.5800018310547,42.0400009155273,435900,41.8853530883789
2024-11-08,41.75,42.0099983215332,41.4500007629395,41.6599998474121,394400,41.5067481994629
2024-11-11,41.310001373291,41.314998626709,40.1500015258789,40.560001373291,713000,40.4107971191406
2024-11-12,40.4900016784668,40.5849990844727,39.7299995422363,40.2700004577637,684200,40.1218643188477
2024-11-13,40.0099983215332,40.0699996948242,39.3800010681152,39.4500007629395,534000,39.3048820495605
2024-11-14,39.810001373291,39.9700012207031,39.3300018310547,39.4300003051758,278300,39.2849540710449
2024-11-15,38.7200012207031,38.8709983825684,37.939998626709,38.0499992370605,486500,37.9100303649902
2024-11-18,38.0800018310547,38.564998626709,37.8450012207031,38.4500007629395,329300,38.3085594177246
2024-11-19,38.3899993896484,38.7999992370605,38.2900009155273,38.7799987792969,318500,38.6373443603516
2024-11-20,38.6199989318848,38.6699981689453,37.9199981689453,38.5,304900,38.3583755493164
2024-11-21,38.939998626709,39.2999992370605,38.1800003051758,39.1199989318848,334800,38.9760932922363
2024-11-22,38.9599990844727,39.1790008544922,38.7799987792969,39.0699996948242,329400,38.9262771606445
2024-11-25,39.4900016784668,39.6300010681152,39.060001373291,39.2700004577637,219900,39.125545501709
2024-11-26,39.4799995422363,39.6699981689453,38.5400009155273,38.7700004577637,436900,38.6273803710938
2024-11-27,38.560001373291,38.5999984741211,37.5800018310547,38.2400016784668,418600,38.0993309020996
2024-11-29,38.5,39.2000007629395,38.5,38.7900009155273,182400,38.6473083496094
2024-12-02,39.0099983215332,40.0559997558594,39.0099983215332,39.8400001525879,503300,39.6934471130371
2024-12-03,39.6699981689453,39.8600006103516,39.5,39.6599998474121,272400,39.5141067504883
2024-12-04,40.4599990844727,40.5499992370605,40.0200004577637,40.3300018310547,408200,40.1816444396973
2024-12-05,40.2999992370605,40.3300018310547,39.5379981994629,39.6199989318848,184000,39.474250793457
2024-12-06,39.5999984741211,39.9650001525879,39.560001373291,39.8899993896484,189200,39.7432632446289
2024-12-09,39.5900001525879,40.0900001525879,39.390998840332,39.5400009155273,237300,39.3945503234863
2024-12-10,39.6100006103516,39.6599998474121,38.3450012207031,38.560001373291,316200,38.418155670166
2024-12-11,39.2299995422363,39.8400001525879,38.9300003051758,39.6199989318848,387400,39.474250793457
2024-12-12,39.2999992370605,39.4599990844727,39,39.2599983215332,196000,39.1155776977539
2024-12-13,40.4900016784668,40.8790016174316,40,40.6100006103516,407400,40.4606132507324
2024-12-16,40.7999992370605,41.6300010681152,40.5200004577637,41.4799995422363,612300,41.3274116516113
2024-12-17,41,41.0800018310547,40.5,40.7099990844727,609200,40.560245513916
2024-12-18,41.0499992370605,41.3699989318848,38.9199981689453,39.2200012207031,565600,39.0757293701172
2024-12-19,39.3600006103516,39.4150009155273,38.4900016784668,38.5499992370605,750100,38.4081916809082
2024-12-20,38.3499984741211,39.6800003051758,38.2519989013672,39.1699981689453,261500,39.0259094238281
2024-12-23,39.4099998474121,40.3199996948242,39.4099998474121,40.2700004577637,173700,40.1926651000977
2024-12-24,40.6300010681152,40.75,40.3300018310547,40.75,279900,40.671745300293
2024-12-26,40.4900016784668,40.9700012207031,40.4000015258789,40.7099990844727,216300,40.6318206787109
2024-12-27,40.5499992370605,40.5699996948242,39.8300018310547,40.3300018310547,115100,40.2525520324707
2024-12-30,39.6300010681152,39.9599990844727,39.2900009155273,39.5499992370605,253500,39.474048614502
2024-12-31,39.7299995422363,39.8300018310547,39.0699996948242,39.2200012207031,254900,39.1446838378906
2025-01-02,39.6500015258789,40.0999984741211,39.2099990844727,39.5099983215332,314900,39.4341239929199
2025-01-03,39.8300018310547,40.7200012207031,39.8300018310547,40.6199989318848,242500,40.5419921875
2025-01-06,41.5699996948242,42.3499984741211,41.5699996948242,41.810001373291,324500,41.7297096252441
2025-01-07,42.2700004577637,42.2999992370605,40.8400001525879,41.0499992370605,376300,40.9711685180664
2025-01-08,40.939998626709,41.0180015563965,40.2000007629395,40.6800003051758,335200,40.601879119873
2025-01-10,40.0999984741211,40.1100006103516,39.3870010375977,39.6300010681152,824000,39.5538940429688
2025-01-13,38.8300018310547,39.5699996948242,38.8199996948242,39.4900016784668,507000,39.4141654968262
2025-01-14,39.9599990844727,40.1500015258789,39.2900009155273,39.7400016784668,436100,39.6636848449707
2025-01-15,40.3400001525879,40.7999992370605,40.2700004577637,40.5800018310547,371600,40.5020713806152
2025-01-16,41.2900009155273,41.4099998474121,40.6399993896484,40.6399993896484,259700,40.561954498291
2025-01-17,41.6199989318848,41.8699989318848,41.3499984741211,41.810001373291,233400,41.7297096252441
2025-01-21,42.2000007629395,42.7099990844727,41.7999992370605,42.3499984741211,233100,42.268669128418
2025-01-22,42.9099998474121,43.5,42.7900009155273,43.060001373291,423100,42.9773101806641
2025-01-23,42.3400001525879,42.8699989318848,42.1399993896484,42.8600006103516,402500,42.7776908874512
2025-01-24,42.9000015258789,42.9700012207031,41.8800010681152,42.0400009155273,255600,41.9592666625977
2025-01-27,39.4000015258789,39.5810012817383,37.6699981689453,38.189998626709,906600,38.1166572570801
2025-01-28,38.5499992370605,38.7900009155273,37.6500015258789,38.6199989318848,565200,38.5458335876465
2025-01-29,38.9799995422363,39.0699996948242,38.2999992370605,38.7200012207031,366700,38.6456451416016
2025-01-30,39.4099998474121,39.7900009155273,39.060001373291,39.6199989318848,198000,39.5439109802246
2025-01-31,39.8400001525879,40.6500015258789,39.3650016784668,39.5,245700,39.424144744873
2025-02-03,38.3499984741211,39.2000007629395,38.2000007629395,38.7599983215332,419600,38.6855621337891
2025-02-04,38.75,39.3300018310547,38.6370010375977,39.1800003051758,423900,39.1047592163086
2025-02-05,39.2400016784668,40.1699981689453,38.939998626709,40.0900001525879,417000,40.013011932373
2025-02-06,39.9500007629395,40.2000007629395,39.7000007629395,40.1100006103516,281500,40.0329742431641
2025-02-07,40.2099990844727,40.3800010681152,39.2099990844727,39.4500007629395,514300,39.3742408752441
2025-02-10,39.7900009155273,40.1300010681152,39.7900009155273,40,352500,39.9231834411621
2025-02-11,39.6399993896484,40.2400016784668,39.6399993896484,39.9700012207031,368100,39.8932418823242
2025-02-12,39.4599990844727,40.1100006103516,39.3499984741211,40.0900001525879,373100,40.013011932373
2025-02-13,40.0800018310547,40.625,40.0800018310547,40.6100006103516,754000,40.5320129394531
2025-02-14,40.5499992370605,40.7599983215332,40.4300003051758,40.6500015258789,514400,40.5719375610352
2025-02-18,40.9700012207031,41.4199981689453,40.7099990844727,41.3199996948242,366200,41.240650177002
2025-02-19,41.3300018310547,41.9700012207031,41.1500015258789,41.7999992370605,215000,41.7197265625
2025-02-20,42.0099983215332,42.2599983215332,41.4199981689453,41.810001373291,480500,41.7297096252441
2025-02-21,41.9000015258789,41.9000015258789,40.310001373291,40.4300003051758,580500,40.3523597717285
2025-02-24,40.6500015258789,40.6780014038086,39.4000015258789,39.4099998474121,373300,39.3343162536621
2025-02-25,39.3199996948242,39.4799995422363,38.4199981689453,38.5200004577637,362100,38.4460258483887
2025-02-26,39.0400009155273,39.6399993896484,38.9000015258789,39.3400001525879,499700,39.2644500732422
2025-02-27,39.6699981689453,39.6699981689453,36.9199981689453,36.9199981689453,382900,36.8490982055664
2025-02-28,36.9199981689453,37.7879981994629,36.5099983215332,37.560001373291,575100,37.4878692626953
2025-03-03,38.1199989318848,38.1199989318848,35.7350006103516,36.0699996948242,764200,36.000732421875
2025-03-04,35.9300003051758,37.2599983215332,35.2200012207031,36.2799987792969,1124500,36.2103271484375
2025-03-05,36.6800003051758,37.1599998474121,35.9799995422363,37.0499992370605,693100,36.9788475036621
2025-03-06,35.7700004577637,36.4500007629395,35.2799987792969,35.4000015258789,836900,35.3320198059082
2025-03-07,35.7000007629395,36.5950012207031,35.1800003051758,36.4900016784668,406900,36.4199256896973
2025-03-10,35.5800018310547,35.8600006103516,34.2400016784668,34.7200012207031,1125600,34.6533241271973
2025-03-11,34.8699989318848,35.2400016784668,33.9000015258789,34.4799995422363,876100,34.4137840270996
2025-03-12,35.3699989318848,35.7400016784668,35.0149993896484,35.3300018310547,618000,35.2621536254883
2025-03-13,35.3699989318848,35.8600006103516,34.7999992370605,35.1300010681152,442600,35.0625381469727
2025-03-14,35.75,36.3250007629395,35.75,36.25,289600,36.1803855895996
2025-03-17,36.1300010681152,37.0800018310547,36.1300010681152,36.7700004577637,206800,36.6993865966797
2025-03-18,36.3600006103516,36.5,35.9599990844727,36.2000007629395,347500,36.1304817199707
2025-03-19,36.25,37.0999984741211,35.9300003051758,36.5499992370605,238800,36.479808807373
2025-03-20,36.1199989318848,36.6599998474121,36.1100006103516,36.2999992370605,265200,36.2302894592285
2025-03-21,35.6199989318848,36.060001373291,35.3899993896484,35.9300003051758,294000,35.8610000610352
2025-03-24,36.6599998474121,37.189998626709,36.6500015258789,36.9199981689453,323600,36.9199981689453
2025-03-25,36.9199981689453,36.9300003051758,36.5999984741211,36.7099990844727,390200,36.7099990844727
2025-03-26,36.5,36.5900001525879,35.1800003051758,35.5099983215332,316500,35.5099983215332
2025-03-27,35.0999984741211,35.25,34.5900001525879,34.7799987792969,625900,34.7799987792969
2025-03-28,34.5800018310547,34.7200012207031,33.5499992370605,33.7400016784668,470700,33.7400016784668
2025-03-31,32.9799995422363,33.6699981689453,32.5299987792969,33.6500015258789,542500,33.6500015258789
2025-04-01,33.5099983215332,33.7599983215332,32.9099998474121,33.7299995422363,560800,33.7299995422363
2025-04-02,33.1300010681152,34.439998626709,33.1199989318848,34,379100,34
2025-04-03,32.2000007629395,32.4500007629395,30.6299991607666,30.6499996185303,1136000,30.6499996185303
2025-04-04,29.5200004577637,29.7700004577637,27.7900009155273,28.2999992370605,1340900,28.2999992370605
2025-04-07,27.2399997711182,30.6399993896484,26.7099990844727,29.0799999237061,1483500,29.0799999237061
2025-04-08,30.3799991607666,30.7199993133545,27.4500007629395,28.0699996948242,733200,28.0699996948242
2025-04-09,28.2900009155273,33.5550003051758,28.1800003051758,33.310001373291,1245200,33.310001373291
2025-04-10,31.7299995422363,31.8299999237061,29.5799999237061,30.6700000762939,1016600,30.6700000762939
2025-04-11,30.5300006866455,31.4899997711182,30.0900001525879,31.4099998474121,324200,31.4099998474121
