date,fund,tkr,amt,unitCnt
2021-07-01,SVF,PFSI,3523.37,57
2023-05-24,SVF,fra:HLAG,659.92,3.381169
2015-11-30,,szse:002099,1960,100
2021-12-15,SVF,hkse:02628,28.65,17.326632
2017-07-05,SVF,JPM,2430.98,26
2018-05-29,SVF,JPM,4710,43
2023-05-22,SVF,PFG,457.93,6.64919
2023-05-23,SVF,BCC,114.12,1.51957
2023-06-01,SVF,BCC,99.16,1.37799
2019-07-23,SVF,T,3685.82,114
2020-04-02,SVF,T,863,30
2020-05-13,SVF,T,1347.8,46
2020-08-14,SVF,T,219.16,7.339585
2020-10-13,SVF,T,267.85,9.552425
2020-10-21,SVF,T,2352.66,88.048653
2021-01-11,SVF,T,702.74,24.44313
2017-05-15,SVF,BAC,2011.17,83
2020-03-17,SVF,BAC,3765.35,183
2023-02-15,SVF,MTH,1403.56,24.79132
2023-03-02,SVF,MTH,559.76,10.44328
2023-03-09,SVF,TMHC,1173.76,32.04368
2023-04-10,SVF,TMHC,183.66,5.04838
2023-04-17,SVF,WAL,83.13,2.66784
2023-05-04,SVF,WAL,4324.57,206.91723
2021-09-17,SVF,RIO,170.57,2.532591
2021-10-21,SVF,RIO,215.5,3.282559
2021-11-03,SVF,RIO,1064.95,17.196028
2021-07-01,SVF,INTC,182.84,3.257438
2021-07-26,SVF,INTC,441.77,8.352619
2021-08-27,SVF,INTC,678.94,12.807772
2021-10-25,SVF,INTC,1110.14,22.440671
2022-01-05,SVF,hkse:01186,1843.13,2800.041407
2022-01-05,SVF,hkse:00390,1083.21,2074.37111
2022-01-06,SVF,hkse:00939,2113.98,2948.40081
2022-01-06,SVF,hkse:01288,2387.77,6696.518215
2022-01-06,SVF,hkse:01398,2150.04,3725.087619
2022-01-06,SVF,hkse:03328,2357.03,3796.77111
2022-01-06,SVF,hkse:03988,4041.69,10828.40983
2022-01-07,SVF,hkse:00688,118.7,45.956104
2018-08-08,SVF,BRK/B,4617.7,22
2018-12-20,SVF,BRK/B,3124.6,16
2020-05-06,SVF,BRK/B,1608.26,9
2021-05-17,SVF,BRK/B,35923.44,124.440349
2015-10-13,,shse:513100,881.6,3000
2015-12-21,,shse:513100,1418,4500
2016-01-26,,shse:513100,725.5,2500
2016-02-29,,shse:513100,887,3000
2016-04-01,,shse:513100,926,3000
2016-05-04,,shse:513100,901.4,3000
2016-06-06,,shse:513100,1726.5,5500
2016-07-08,,shse:513100,1727.6,5500
2016-08-09,,shse:513100,1690,5000
2016-09-12,,shse:513100,1685,5000
2019-06-12,,shse:513100,811.4,1500
2019-07-17,,shse:513100,854.6,1500
2019-08-21,,shse:513100,849.5,1500
2019-09-23,,shse:513100,872.3,1500
2019-10-30,,shse:513100,886.4,1500
2019-12-02,,shse:513100,933.2,1500
2020-01-03,,shse:513100,976.4,1500
2020-02-07,,shse:513100,741.4,1000
2020-03-10,,shse:513100,981.5,1500
2020-04-13,,shse:513100,1251.4,2000
2020-05-20,,shse:513100,1125.5,1500
2020-06-22,,shse:513100,1143.2,1500
2020-11-06,,shse:513100,470,500
2020-12-08,,shse:513100,434.8,500
2021-01-12,,shse:513100,437,500
2021-02-18,,shse:513100,457,500
2021-03-24,,shse:513100,439.6,500
2021-04-28,,shse:513100,468.5,500
2022-09-14,,shse:513100,432,500
2022-10-17,,shse:513100,479.6,600
2022-11-18,,shse:513100,517.4,600
2022-12-20,,shse:513100,488.6,600
2023-01-31,,shse:513100,422.5,500
2023-03-10,,shse:513100,600.7,700
2023-04-12,,shse:513100,551,600
2023-05-15,,shse:513100,570.8,600
2023-06-19,,shse:513100,553.5,500
2015-10-22,,mg:inf+,20000,55.0221
2016-01-04,,mg:inf+,0,0.5534
2016-07-01,,mg:inf+,0,0.7313
2017-01-03,,mg:inf+,0,0.6695
2017-07-03,,mg:inf+,0,0.7438
2018-01-02,,mg:inf+,0,0.5617
2018-05-21,,mg:inf+,11649.86,30.1458
2018-07-02,,mg:inf+,0,0.3834
2018-07-02,,mg:inf+,0,0.7413
2018-07-03,,mg:inf+,12672.19,33.2804
2018-08-06,,mg:inf+,11951.96,31.4252
2018-09-13,,mg:inf+,13835.21,36.0385
2018-10-16,,mg:inf+,13158.75,35.0395
2018-11-19,,mg:inf+,12765.53,34.3464
2018-12-21,,mg:inf+,13099,35.8739
2019-01-02,,mg:inf+,0,0.9819
2019-01-02,,mg:inf+,0,3.1513
2019-02-04,,mg:inf+,18265.87,49.2593
2019-07-01,,mg:inf+,0,0.6314
2019-11-04,,mg:inf+,1863.62,4.8794
2020-01-02,,mg:inf+,0,0.7908
2020-03-04,,mg:inf+,2677.19,7.3327
2020-03-16,,mg:inf+,1312.18,4.1532
2020-03-20,,mg:inf+,1329.39,4.494
2020-04-22,,mg:inf+,2123.23,6.3037
2020-07-01,,mg:inf+,0,1.3812
2021-01-04,,mg:inf+,0,1.0783
2022-03-10,,mg:inf+,2680.92,6.5867
2022-04-11,,mg:inf+,2680.92,6.4883
2022-05-13,,mg:inf+,6178.82,15.1019
2022-06-14,,mg:inf+,12432.27,31.0039
2022-07-01,,mg:inf+,0,0.6285
2022-07-01,,mg:inf+,0,0.5712
2022-07-18,,mg:inf+,19526.98,49.0504
2022-08-19,,mg:inf+,19368.4,46.89
2022-09-20,,mg:inf+,28714.24,70.3383
2022-10-24,,mg:inf+,36199.34,90.7524
2022-11-25,,mg:inf+,15344,36.3128
2022-12-28,,mg:inf+,921.92,2.1685
2023-01-03,,mg:inf+,0,0.87
2023-01-03,,mg:inf+,0,7.1776
2023-04-17,,mg:inf+,2785.75,6.423
2023-05-22,,mg:inf+,2984.83,6.9897
2020-02-18,,cs:spGlbPpt,438.19,10.2189
2020-03-13,,cs:spGlbPpt,950.5,26.0151
2020-03-20,,cs:spGlbPpt,1504.85,45.0357
2020-05-18,,cs:spGlbPpt,1604.94,41.5312
2020-06-23,,cs:spGlbPpt,1511.92,38.0467
2020-07-27,,cs:spGlbPpt,1313.3,34.6688
2020-08-31,,cs:spGlbPpt,1467.38,36.1055
2020-10-02,,cs:spGlbPpt,1553.34,39.1782
2020-11-03,,cs:spGlbPpt,1709.25,45.5922
2020-12-07,,cs:spGlbPpt,1621.61,42.6269
2021-01-08,,cs:spGlbPpt,1661.31,45.0248
2021-02-09,,cs:spGlbPpt,1604.76,42.897
2021-08-19,,cs:spGlbPpt,279.85,6.306
2021-09-20,,cs:spGlbPpt,733.97,16.9657
2021-10-22,,cs:spGlbPpt,982.26,22.2407
2021-11-23,,cs:spGlbPpt,1056.57,22.0308
2021-12-28,,cs:spGlbPpt,1038.13,21.4217
2022-02-01,,cs:spGlbPpt,1027.55,22.3762
2022-03-09,,cs:spGlbPpt,1219.16,27.9157
2022-04-11,,cs:spGlbPpt,1159.28,25.8145
2022-05-16,,cs:spGlbPpt,1277.76,29.8126
2022-06-17,,cs:spGlbPpt,1276.03,33.0286
2022-07-19,,cs:spGlbPpt,1345.78,31.6663
2022-08-21,,cs:spGlbPpt,1337.64,30.0824
2022-09-23,,cs:spGlbPpt,1468.53,36.2228
2022-10-25,,cs:spGlbPpt,1509.33,39.0166
2022-11-28,,cs:spGlbPpt,1433.85,35.9642
2022-12-30,,cs:spGlbPpt,1433.78,36.9964
2023-01-31,,cs:spGlbPpt,1470.39,34.3229
2023-03-09,,cs:spGlbPpt,628.15,14.3007
2023-04-24,,cs:spGlbPpt,0,7.7024
2023-06-02,,cs:spGlbPpt,669.71,15.219
2023-06-26,,mg:inf+,2875.84,6.7235
2018-03-28,,coro:opmGrw,416.67,4.480626
2018-04-30,,coro:opmGrw,416.67,4.248579
2018-05-28,,coro:opmGrw,416.67,4.31931
2018-06-28,,coro:opmGrw,416.67,4.001429
2018-07-30,,coro:opmGrw,416.67,4.037786
2018-08-28,,coro:opmGrw,416.67,3.814042
2018-09-28,,coro:opmGrw,416.67,3.899816
2018-10-29,,coro:opmGrw,416.67,4.057457
2018-11-28,,coro:opmGrw,416.67,4.217303
2018-12-28,,coro:opmGrw,416.67,4.265519
2019-01-28,,coro:opmGrw,416.67,4.170821
2019-02-28,,coro:opmGrw,416.63,3.842943
2019-03-05,,coro:opmGrw,0,1.845661
2018-06-18,,coro:opmGrw,1571.04,15.093165
2018-07-23,,coro:opmGrw,1574.5,14.929506
2018-08-29,,coro:opmGrw,1650.45,14.841656
2018-10-01,,coro:opmGrw,0,0.470432
2018-10-02,,coro:opmGrw,1660.29,15.509047
2018-11-06,,coro:opmGrw,1678.38,16.203911
2018-12-11,,coro:opmGrw,1662.05,16.546817
2019-01-15,,coro:opmGrw,3263.26,33.371614
2019-02-26,,coro:opmGrw,3312.44,30.994055
2019-04-01,,coro:opmGrw,0,0.568321
2019-08-06,,coro:opmGrw,3321.58,27.791974
2019-09-10,,coro:opmGrw,3314.79,27.451654
2019-10-01,,coro:opmGrw,0,1.227117
2019-11-05,,coro:opmGrw,3377.12,27.3558
2019-12-13,,coro:opmGrw,3293.87,26.419037
2020-01-15,,coro:opmGrw,3290.82,25.418568
2020-02-18,,coro:opmGrw,3380.15,25.424851
2020-03-24,,coro:opmGrw,4929.45,41.521018
2020-04-29,,coro:opmGrw,5295.85,37.417775
2020-06-02,,coro:opmGrw,4925.52,34.487631
2020-07-07,,coro:opmGrw,4812.41,32.177916
2020-08-12,,coro:opmGrw,4648.73,29.846617
2020-09-15,,coro:opmGrw,4466.28,29.442015
2020-10-20,,coro:opmGrw,4685.65,30.568223
2020-11-24,,coro:opmGrw,4931.82,32.903456
2020-12-29,,coro:opmGrw,4722.84,31.759622
2021-02-02,,coro:opmGrw,4923.41,31.852877
2021-03-09,,coro:opmGrw,4447.54,28.70012
2021-04-13,,coro:opmGrw,4238.03,28.011014
2021-05-18,,coro:opmGrw,4165.45,29.022349
2021-08-23,,coro:opmGrw,634.2,4.270911
2021-10-26,,coro:opmGrw,3300.17,21.682601
2021-11-30,,coro:opmGrw,3620.96,23.244137
2022-01-04,,coro:opmGrw,3539.1,22.560345
2022-02-09,,coro:opmGrw,3443.57,23.539645
2022-04-08,,coro:opmGrw,2680.22,21.496912
2022-05-11,,coro:opmGrw,3912.59,33.818143
2022-06-14,,coro:opmGrw,4810.51,41.876112
2022-07-19,,coro:opmGrw,6127.91,49.712333
2022-08-23,,coro:opmGrw,6113.03,46.931538
2022-09-27,,coro:opmGrw,7926.36,65.548658
2022-11-01,,coro:opmGrw,9116.61,71.987767
2023-05-30,,coro:opmGrw,8859.6,56.527534
2015-12-21,,shse:513500,604.5,1000
2016-02-02,,shse:513500,937,1600
2016-03-08,,shse:513500,965,1600
2016-04-12,,shse:513500,981.8,1600
2016-05-16,,shse:513500,985.8,1600
2016-06-24,,shse:513500,1778.8,2800
2017-05-31,,shse:513500,772,1000
2017-08-30,,shse:513500,752,1000
2018-01-02,,shse:513500,820.5,1000
2019-06-12,,shse:513500,747,800
2019-07-15,,shse:513500,584.6,600
2019-08-16,,shse:513500,757,800
2019-09-23,,shse:513500,797.4,800
2019-10-25,,shse:513500,795.4,800
2019-11-29,,shse:513500,837.4,800
2019-12-31,,shse:513500,851,800
2020-02-03,,shse:513500,827,800
2020-03-06,,shse:513500,818.2,800
2020-04-08,,shse:513500,724.2,800
2020-05-12,,shse:513500,785.4,800
2020-06-15,,shse:513500,805,800
2021-03-10,,shse:513500,479.6,400
2021-04-13,,shse:513500,516.2,400
2021-05-18,,shse:513500,512.4,400
2022-08-02,,shse:513500,398,300
2022-09-05,,shse:513500,389.3,300
2022-10-10,,shse:513500,368,300
2022-11-14,,shse:513500,406.4,300
2022-12-16,,shse:513500,389.6,300
2023-01-18,,shse:513500,384.8,300
2023-02-20,,shse:513500,399.8,300
2023-04-06,,shse:513500,533.8,400
2023-05-09,,shse:513500,542.6,400
2023-06-15,,shse:513500,447.8,300
2022-05-12,,etr:OSN,500,536.207405
2022-06-12,,etr:OSN,1000,1110.804203
2022-07-14,,etr:OSN,1500,1679.161963
2022-09-06,,etr:OSN,377.69,414.3783302
2022-03-08,,etr:CT,500,566.2514156
2022-03-15,,etr:CT,1000,1405.125899
2022-10-02,,etr:CT,1500,2023.156637
2022-10-24,,etr:CT,2000,3345.435776
2022-03-08,,etr:ALTIAI,500,425.137532
2022-04-09,,etr:ALTIAI,500,406.5967215
2022-05-11,,etr:ALTIAI,1000,882.0835845
2022-06-12,,etr:ALTIAI,2000,1815.638866
2022-07-14,,etr:ALTIAI,1500,1432.041292
2022-08-14,,etr:ALTIAI,2000,1665.946876
2022-09-15,,etr:ALTIAI,894.59,803.6062115
2020-08-13,,TQQQ,66.04,2.080328
2020-09-16,,TQQQ,70.57,2.115884
2020-09-24,,TQQQ,140.42,4.977228
2020-11-02,,TQQQ,237.29,7.988216
2021-03-05,,TQQQ,268.13,6.751354
2021-05-18,,TQQQ,272.62,5.724906
2021-09-30,,TQQQ,76.1,1.207362
2021-12-20,,TQQQ,174.04,2.400552
2022-01-21,,TQQQ,174.57,2.88212
2022-02-22,,TQQQ,262.07,5.304588
2022-05-31,,TQQQ,107.27,3.27648
2022-06-14,,TQQQ,331.15,14.347423
2022-07-18,,TQQQ,373.76,13.944135
2022-08-19,,TQQQ,455.2,12.573683
2022-09-20,,TQQQ,542.62,21.944433
2022-09-30,,TQQQ,598.15,29.655135
2022-11-01,,TQQQ,494.3,23.603962
2021-03-03,,ACWI,148.25,1.591348
2021-05-11,,ACWI,151.17,1.540194
2021-06-14,,ACWI,114.2,1.128793
2021-08-16,,ACWI,113.74,1.103843
2021-09-17,,ACWI,114.38,1.107582
2021-10-20,,ACWI,114.59,1.095088
2021-11-22,,ACWI,114.24,1.071167
2021-12-28,,ACWI,114.36,1.075924
2022-02-01,,ACWI,114.52,1.134189
2022-06-14,,ACWI,175.15,2.098482
2022-07-18,,ACWI,233.01,2.765179
2022-08-19,,ACWI,241.8,2.653003
2022-09-20,,ACWI,307.11,3.666749
2022-10-27,,ACWI,354.78,4.314841
2022-11-28,,ACWI,359.62,4.098635
2022-12-30,,ACWI,415.07,4.889671
2023-01-31,,ACWI,414.39,4.587751
2023-03-08,,ACWI,580.56,6.537617
2023-04-10,,ACWI,591.02,6.516207
2023-05-12,,ACWI,589.55,6.408152
2021-06-02,,MCHI,167.97,2.009451
2021-07-06,,MCHI,334.32,4.265918
2021-08-11,,MCHI,501.03,6.842803
2021-09-13,,MCHI,673.76,9.460264
2021-10-20,,MCHI,842.58,11.605785
2021-11-22,,MCHI,1008.01,14.694023
2021-12-27,,MCHI,1176.98,18.765625
2022-01-28,,MCHI,1346.26,22.668126
2021-06-02,,CQQQ,168.01,2.030578
2021-07-06,,CQQQ,334.03,4.238959
2021-08-09,,CQQQ,501.57,7.11245
2021-09-13,,CQQQ,673.76,9.502962
2021-10-21,,CQQQ,842.48,11.722276
2021-11-22,,CQQQ,1008.01,14.64705
2021-12-06,,CQQQ,1175.12,19.210724
2022-01-07,,CQQQ,1345.06,22.809225
2022-02-10,,CQQQ,1516.57,25.53002
2021-04-14,,BAR,60.93,3.532174
2021-06-07,,BAR,124.6,6.638253
2021-06-17,,BAR,247.75,14.044785
2021-07-19,,BAR,171.99,9.570952
2021-09-24,,BAR,333.35,19.279931
2022-03-28,,BAR,339.69,17.703898
2022-04-29,,BAR,266.56,14.173521
2022-06-03,,BAR,299.2,16.184696
2022-07-08,,BAR,348.54,20.198777
2021-03-08,,BAR,52.91,3.166367
2021-03-08,,TIP,54.51,0.436954
2021-04-09,,TIP,62.77,0.501078
2021-06-03,,TIP,128.37,1.009754
2021-07-07,,TIP,52.48,0.409488
2022-03-28,,TIP,116.63,0.932873
2022-04-29,,TIP,162,1.328527
2022-05-10,,TIP,255.8,2.171737
2022-06-16,,TIP,369.71,3.252708
2023-04-13,,STIP,25.71,0.259043
2023-05-15,,STIP,25.66,0.26027
2023-06-16,,STIP,25.68,0.262953
2015-10-29,,mg:SAPTF,10000,3393.97
2016-01-04,,mg:SAPTF,0,34.37
2016-04-01,,mg:SAPTF,0,48.69
2016-07-01,,mg:SAPTF,0,28.7
2016-10-05,,mg:SAPTF,0,61.27
2017-01-03,,mg:SAPTF,0,31.11
2017-04-03,,mg:SAPTF,0,58.88
2017-07-03,,mg:SAPTF,0,36.42
2017-10-02,,mg:SAPTF,0,67.4
2018-01-02,,mg:SAPTF,0,33.64
2018-02-05,,mg:SAPTF,1000,383.14
2018-04-03,,mg:SAPTF,0,91.55
2018-07-02,,mg:SAPTF,0,65.75
2018-08-03,,mg:SAPTF,1896.96,791.05
2018-09-04,,mg:SAPTF,2113.14,862.33
2018-10-01,,mg:SAPTF,0,18.3
2018-10-01,,mg:SAPTF,0,108.85
2018-11-02,,mg:SAPTF,2759.03,1163.26
2018-12-04,,mg:SAPTF,3248.78,1405.97
2019-01-02,,mg:SAPTF,0,29.8
2019-01-02,,mg:SAPTF,0,154.36
2019-01-07,,mg:SAPTF,3993.6,1805.5
2019-02-14,,mg:SAPTF,4020.14,1751.92
2019-04-01,,mg:SAPTF,0,117.66
2019-07-01,,mg:SAPTF,0,330.39
2019-10-01,,mg:SAPTF,0,76.65
2019-12-06,,mg:SAPTF,2531.67,1186.46
2020-01-02,,mg:SAPTF,0,39.47
2020-01-02,,mg:SAPTF,0,431.03
2020-04-01,,mg:SAPTF,0,310.5
2020-07-01,,mg:SAPTF,0,272.53
2020-10-01,,mg:SAPTF,0,45.61
2021-01-04,,mg:SAPTF,0,199.2
2021-04-01,,mg:SAPTF,0,120.54
2021-07-01,,mg:SAPTF,0,254.64
2021-10-01,,mg:SAPTF,0,201.66
2022-01-03,,mg:SAPTF,0,402.53
2022-04-01,,mg:SAPTF,0,60.18
2022-07-01,,mg:SAPTF,0,393.59
2022-10-03,,mg:SAPTF,0,165.41
2023-01-03,,mg:SAPTF,0,360.65
2023-04-03,,mg:SAPTF,0,4.09
2023-07-03,,mg:SAPTF,0,341.61
2023-07-03,,mg:inf+,0,0.7985
2023-07-03,,mg:inf+,0,0.2641
2023-07-18,,VOO,81.56,0.19688
2023-07-18,,STIP,25.65,0.26332
2023-07-19,,UPRO,223.31,4.3976
2023-07-20,,QQQ,342.22,0.89704
2023-07-20,,etr:ALTIAI,1000,738.7707404
2023-07-24,,MCHI,1079.69,23.924
2023-08-02,,cs:spGlbPpt,758.29,17.5238
2023-08-01,,mg:inf+,2557.47,5.9433
2023-08-04,SVF,hkse:01898,64.14,91.893907
2023-08-11,SVF,fra:HLAG,193.64,0.974352
2023-08-21,,VOO,166.32,0.41379
2023-08-28,SVF,AMTD,2949.42,757.6666667
2023-09-04,,cs:spGlbPpt,777.83,17.7734
2023-09-20,,UPRO,262.45,5.68074
2023-09-22,,VOO,346.26,0.86832
2023-10-02,,mg:SAPTF,0,61.13
2023-10-18,SVF,fra:HLAG,263.61,1.550008
2023-10-23,,UPRO,482.91,12.57251
2023-10-23,SVF,AMTD,2841.89,840.6666667
2023-10-24,,QQQ,419.1,1.17593
2023-10-24,,VOO,656.01,1.69463
2023-10-24,SVF,AMTD,3374.25,1243.333333
2023-10-25,SVF,fra:HLAG,184.98,1.140116
2023-10-26,SVF,fra:HLAG,1236.25,8.071203
2023-10-31,SVF,fra:HLAG,1150.86,8.046596
2023-11-06,SVF,fra:HLAG,1599.13,12.23845
2023-11-07,SVF,fra:HLAG,1219.44,10
2023-11-17,SVF,AMTD,9222.38,2841
2023-11-27,,QQQ,433.83,1.11527
2023-12-01,,STIP,20.67,0.21189
2023-12-27,,VOO,541.75,1.24021
2024-01-04,,QQQ,471.83,1.19032
2024-01-02,,mg:SAPTF,0,356.68
2024-01-02,,mg:inf+,0,1.1996
2024-01-02,,mg:inf+,0,0.1432
2024-01-17,,MCHI,1244.65,34.06267
2024-01-30,,VOO,472.24,1.04684
2024-02-02,,STIP,22.56,0.22892
2024-03-05,,XLK,32.13,0.15622
2024-03-05,,etr:AIR,500,479.8188204
2024-03-05,,etr:FH,500,437.9127328
2024-03-05,,etr:BT,500,364.7079419
2024-03-05,,etr:ID,500,401.4516492
2024-03-05,SVF,GGB,164.92,37.91264
2024-03-16,,of:UCGF,519.92,519.92
2024-03-18,of:UCGF,GSL,519.92,26.1004
2024-03-19,,BAR,212.51,9.97231
2024-04-08,,XLK,39.91,0.19333
2024-04-11,,etr:ALTIAI,1000,634.5165096
2024-04-15,SVF,ATLC,200.57,7.333534054
2024-04-15,,IETC,239.17,3.425522772
2024-04-16,SVF,ATLC,173.73,6.638392068
2024-04-18,,TQQQ,465.47,8.6712
2024-04-19,,TECL,145.84,2.21339
2024-04-22,,AIQ,39.62,1.25658
2024-04-25,SVF,GGB,0,7.58253
2024-05-07,,IWY,286.57,1.466956744
2024-05-07,,SOXQ,37.99,1
2024-05-07,,SMH,19.76,0.08886
2024-05-07,,of:TNIF,985.11,985.11
2024-05-08,of:TNIF,AAPL,253.88,1.39234
2024-05-08,of:TNIF,MSFT,243.46,0.59746
2024-05-08,of:TNIF,GOOG,151.1,0.88223
2024-05-08,of:TNIF,TSM,110.41,0.78266
2024-05-08,of:TNIF,AMZN,66.66,0.35476
2024-05-08,of:TNIF,META,64.62,0.13882
2024-05-08,of:TNIF,NVO,55.79,0.43839
2024-05-08,of:TNIF,AVGO,30.65,0.2367
2024-05-08,,etr:FH,500,394.3738587
2024-05-08,,etr:BT,500,360.1982597
2024-05-08,,etr:AIR,1000,947.1167573
2024-05-08,,etr:ID,500,401.6685502
2024-05-10,,XLK,43.01,0.20958
2017-02-28,,USDCNY,9162.119645,1331.27
2017-04-01,,USDCNY,9847.674821,1427.04
2017-05-02,,USDCNY,13125.45716,1899.6
2017-06-02,,USDCNY,14676.15916,2147.32
2017-07-04,,USDCNY,14643.29861,2149.92
2017-08-07,,USDCNY,14176.97643,2104.33
2017-09-08,,USDCNY,26275.99171,4068.19
2017-10-10,,USDCNY,28256.73334,4274.4
2017-11-10,,USDCNY,28438.78003,4274.4
2017-12-11,,USDCNY,28332.98863,4274.4
2018-01-12,,USDCNY,27757.78262,4274.4
2018-02-13,,USDCNY,19587.53565,3091.15
2018-03-16,,USDCNY,27102.5171,4274.4
2018-04-19,,USDCNY,47979.36886,7639.37
2018-05-20,,USDCNY,48813.66446,7639.37
2018-06-23,,USDCNY,36101.95143,5537.95
2020-10-09,,USDCNY,36101.94855,5373.59
2020-11-09,,USDCNY,30506.43126,4628.39
2020-12-11,,USDCNY,30558.15838,4658.9
2021-01-11,,USDCNY,30599.46932,4714.65
2021-02-18,,USDCNY,30143.73739,4663.47
2021-03-21,,USDCNY,33272.54157,5101.57
2021-04-22,,USDCNY,33241.53531,5110.56
2021-05-23,,USDCNY,33243.41925,5156.52
2021-06-24,,USDCNY,35182.43011,5431.96
2021-07-25,,USDCNY,35233.54816,5425.59
2021-08-25,,USDCNY,17932.41406,2763.89
2022-04-22,,USDCNY,17932.40529,2766.24
2022-05-26,,USDCNY,17932.41311,2660.02
2022-09-06,,USDCNY,17932.4054,2573.92
2022-10-09,,USDCNY,17932.41,2515.69
2022-11-10,,USDCNY,17932.41,2486.89
2023-02-14,,USDCNY,17932.41,2624.91
2024-05-24,,jse:STXNDQ,196.19,1
2024-05-24,,jse:SYG500,394.12,4
2024-05-28,of:UCGF,UBS,739.21,23.9304
2024-05-31,,LRNZ,10.17,0.277122796
2024-06-03,,of:TNNIF,667.04,667.04
2024-06-04,of:TNNIF,xpar:MC,352.64,0.438288
2024-06-04,of:TNNIF,JPM,167.01,0.83363
2024-06-04,of:TNNIF,V,37.65,0.13964
2024-06-04,of:TNNIF,BRK/B,26.1,0.06288
2024-06-04,of:TNNIF,MA,16.49,0.0372
2024-06-04,of:TNNIF,XOM,57.96,0.52155
2024-06-05,,STIP,170.51,1.72163
2024-06-06,,mg:inf+,3158.14,7.1737
2024-06-08,,etr:AIR,1500,1379.072566
2024-06-08,,etr:FH,500,388.8535534
2024-06-10,of:TNIF,TSLA,89.19,0.50647
2024-06-10,of:TNIF,NVO,20.61,0.14495
2024-06-10,of:TNIF,GOOGL,66.63,0.38428
2024-06-10,of:TNIF,NVDA,16.98,0.14155
2024-06-11,of:TNIF,AVGO,42.8,0.3014
2024-06-11,of:TNIF,TSM,310.75,1.88231
2024-06-07,,of:SRA,10364.01,10364.01
2024-06-07,of:SRA,sgn:FAEFCA,1036.4,291.76322
2024-06-07,of:SRA,sgn:EABFCA,5700.21,6718.77329
2024-05-24,,mg:SAPTF,0,168.71
2024-05-24,,mg:PFA,21777.45387,14185.71
2024-06-11,of:SRA,jse:SYGJP,814.05,40
2024-06-11,of:SRA,jse:SYG500,1113.66,11
2024-06-11,of:SRA,jse:STXNDQ,1625.91,8
2024-06-24,,IETC,179.25,2.424212446
2024-07-01,,jse:STXNDQ,204.76,1
2024-07-04,,of:TNNIF,1342.1,1354.223962
2024-07-05,of:TNNIF,UNH,28.17,0.05778
2024-07-05,of:TNNIF,XOM,114.98,1.00463
2024-07-05,of:TNNIF,V,74.08,0.27567
2024-07-05,of:TNNIF,BRK/B,59.35,0.14622
2024-07-05,of:TNNIF,xpar:MC,752.73,0.9638
2024-07-05,of:TNNIF,JPM,295.33,1.43923
2024-07-05,of:TNNIF,MA,26.64,0.05961
2024-07-01,,mg:inf+,0,1.268
2024-07-01,,mg:inf+,0,0.146
2024-07-01,,mg:inf+,0,0.172
2024-07-01,,mg:PFA,0,139.76
2024-07-08,,STIP,159.88,1.60942
2024-07-08,,mg:inf+,2793.18,6.321
2024-07-09,,etr:AIR,1500,1292.190152
2024-07-11,,etr:FH,500,356.6955685
2024-07-08,,of:SRA,10919,10409.95744
2024-07-08,of:SRA,sgn:EABFCA,6005.45,6643.93558
2024-07-08,of:SRA,sgn:FAEFCA,1091.9,288.93903
2024-07-10,of:SRA,jse:SYGJP,856.63,42
2024-07-10,of:SRA,jse:STXNDQ,1695.12,8
2024-07-10,of:SRA,jse:SYG500,1125.37,11
2024-07-15,of:TNIF,MSFT,10,0.02208
2024-07-15,of:TNIF,NVO,20.94,0.14707
2024-07-15,of:TNIF,LLY,73.38,0.07722
2024-07-15,of:TNIF,META,13.92,0.02784
2024-07-05,,jse:STXNDQ,218.47,1
2024-07-19,,of:TNIF,1389.37,1253.727797
2024-07-19,,etr:BT,500,319.8407215
2024-07-22,of:TNIF,MSFT,71.22,0.1614
2024-07-22,of:TNIF,AMZN,41.23,0.22519
2024-07-22,,LRNZ,14.41,0.382096152
2024-07-22,of:TNIF,AAPL,66.27,0.29548
2024-07-22,of:TNIF,LLY,91.73,0.10703
2024-07-23,of:TNIF,TSM,634.31,3.75709
2024-07-23,of:TNIF,AVGO,99.44,0.6186
2024-07-23,of:TNIF,META,77.61,0.15742
2024-07-23,of:TNIF,NVO,125.33,0.94113
2024-07-23,of:TNIF,NVDA,25.93,0.21116
2024-07-23,of:TNIF,TSLA,76.99,0.30617
2024-07-23,of:TNIF,GOOGL,90.31,0.49605
2024-07-25,,AIQ,60.23,1.75649
2024-07-26,of:TNIF,GOOGL,50.05,0.3037
2024-07-26,of:TNIF,TSLA,23.27,0.1058
2024-07-26,of:UCGF,GSL,11.73,0.46585
2024-07-29,,IETC,179.57,2.43289689
2024-07-30,,SMH,35.96,0.15042
2024-07-31,,USDCNY,71372.01,9862.47
2024-08-01,,etr:CPT,500,510.4853695
2024-08-02,,TECL,363,5.38917
2024-08-03,,etr:FH,1000,792.4402536
2024-08-03,,of:TNNIF,2029.94,2187.708348
2024-08-01,,jse:SYG500,306.72,3
2024-08-05,,SOXQ,34.95,1
2024-08-05,of:TNNIF,XOM,217.86,1.88527
2024-08-05,of:TNNIF,V,232.64,0.9036
2024-08-05,of:TNNIF,MA,93.69,0.20412
2024-08-05,of:TNNIF,BRK/B,84.81,0.20453
2024-08-06,of:TNNIF,XOM,11.92,0.10451
2024-08-06,of:TNIF,TSLA,12.97,0.06542
2024-08-07,of:TNIF,META,22.5,0.04549
2024-08-07,,LRNZ,29.21,0.854734327
2024-08-07,of:TNIF,MSFT,45.79,0.11435
2024-08-07,of:TNNIF,JPM,2131,10.61414
2024-08-07,of:TNNIF,MA,23.92,0.05325
2024-08-08,,STIP,159.71,1.6011
2024-08-08,,of:SRA,10262.24,10038.60832
2024-08-07,of:SRA,sgn:FAEFCA,1026.22,311.79887
2024-08-07,of:SRA,sgn:EABFCA,5644.23,6111.1195
2024-08-09,of:TNNIF,V,25.9,0.09988
2024-08-08,,mg:inf+,2953.28,6.6128
2024-08-12,of:SRA,jse:SYG500,1191.54,11
2024-08-12,of:SRA,jse:SYGJP,805.8,42
2024-08-12,of:SRA,jse:STXNDQ,1548.17,8
2024-08-12,,jse:STXNDQ,580.57,3
2024-08-18,,of:TNIF,1442.45,1285.031192
2024-08-19,of:TNIF,TSM,559.5,3.20557
2024-08-19,of:TNIF,MSFT,120.12,0.28708
2024-08-19,of:TNIF,TSLA,120.42,0.55722
2024-08-19,of:TNIF,META,97.3,0.18447
2024-08-19,of:TNIF,AVGO,86.14,0.5226
2024-08-19,of:TNIF,LLY,65.48,0.07104
2024-08-19,of:TNIF,AAPL,38.63,0.17143
2024-08-19,of:TNIF,AMZN,45.7,0.25827
2024-08-19,of:TNIF,NVDA,23.37,0.18827
2024-08-19,of:TNIF,NVO,162.67,1.20336
2024-08-20,of:TNIF,NVO,10.31,0.07621
2024-08-21,of:TNIF,TSM,28.52,0.16723
2024-08-21,of:TNIF,GOOGL,114.02,0.68857
2024-08-26,of:UCGF,ESEA,83.09,1.80778
2024-08-26,of:UCGF,GSL,650.03,25.81533
2024-09-04,,USDCNY,70821.98,9932.02
2024-09-06,,of:UCGF,4103.96,3072.838201
2024-09-09,of:UCGF,ESEA,457.74,10.67879
2024-09-09,of:UCGF,GSL,3646.27,158.12099
2024-09-09,of:TNIF,AVGO,101.73,0.74109
2024-09-09,of:TNIF,GOOGL,35.85,0.23825
2024-09-09,of:TNIF,LLY,20.04,0.02224
2024-09-09,,mg:inf+,2606.04,5.712
2024-09-10,of:TNNIF,xpar:MC,23.97,0.035388
2024-09-10,of:TNNIF,MA,21.78,0.04476
2024-09-10,of:TNIF,LLY,10.11,0.01114
2024-09-10,of:TNNIF,XOM,136.91,1.19073
2024-09-10,of:TNIF,NVDA,25.64,0.241
2024-09-10,of:TNIF,META,26.46,0.05243
2024-09-10,of:TNIF,GOOGL,28.54,0.19193
2024-09-09,of:SRA,sgn:FAEFCA,1012.13,310.54
2024-09-09,of:SRA,sgn:EABFCA,5566.74,5805.95
2024-09-12,,STIP,142.66,1.41556
2024-09-11,of:SRA,jse:SYG500,1083.3,11
2024-09-11,of:SRA,jse:SYGJP,795.31,40
2024-09-11,of:SRA,jse:STXNDQ,1540.66,8
2024-09-09,,of:SRA,10121.35,9518.067464
2024-09-24,of:UCGF,lse:HYUD.il,3973.21,60.018277
2024-09-24,,IWY,137.94,0.630327693
2024-09-25,of:UCGF,lse:HYUD.il,509.85,7.701661
2024-09-27,of:TNIF,MSFT,35.39,0.082032691
2024-09-27,of:TNIF,AMZN,16.75,0.087787568
2024-09-27,of:TNIF,AAPL,24.49,0.107586019
2024-09-30,,SMH,23.8,0.09689
2024-09-30,of:TNIF,TSM,50.44,0.288888748
2024-10-02,,jse:SYG500,468.14,4.6903
2024-10-02,of:TNIF,LLY,63.06,0.071538976
2024-10-03,of:TNIF,NVO,69.47,0.600852665
2024-10-03,,of:TNNIF,2688.91,2785.947067
2024-10-03,of:TNNIF,JPM,2038.23,9.932876995
2024-10-03,of:TNNIF,XOM,117.49,0.957977905
2024-10-03,of:TNNIF,V,260.68,0.941613479
2024-10-03,of:TNNIF,BRK/B,118.74,0.262179765
2024-10-03,of:TNNIF,MA,46.27,0.093509891
2024-10-04,of:TNNIF,xpar:MC,120.32,0.16564
2024-10-06,,etr:ID,250,184.8445971
2024-10-06,,of:UCGF,4680.07,3500.647984
2024-10-07,,SOXQ,41.02,1
2024-10-07,of:UCGF,GSL,498.37,19.65163634
2024-10-07,of:UCGF,ESEA,44.59,1
2024-10-07,,XLK,30.94,0.13781
2024-10-08,of:UCGF,lse:HYUD.il,4119.04,63.950309
2024-10-08,,coro:opmGrw,3115.78,18.2666
2024-10-07,,of:SRA,10066.01,9713.433197
2024-10-07,of:SRA,sgn:FAEFCA,1006.6,284.00575
2024-10-07,of:SRA,sgn:EABFCA,5536.31,6028.86712
2024-10-10,,USDCNY,72001.82,10148.91
2024-10-10,,mg:inf+,2830.49,6.1132
2024-10-09,of:SRA,jse:SYG500,1018.74,10
2024-10-09,of:SRA,jse:STXNDQ,1601.41,8
2024-10-09,of:SRA,jse:SYGJP,799.06,40
2024-10-14,,jse:STXNDQ,1435.87,7.145
2024-10-14,,STIP,160.77,1.59099
2024-10-14,of:TNIF,TSLA,127.84,0.588191108
2024-10-14,of:TNIF,MSFT,1092.35,2.606355762
2024-10-24,,AIQ,44.44,1.19817
2024-10-25,of:TNIF,LLY,24.82,0.027829852
2024-10-28,of:TNIF,TSM,1102.58,5.493665922
2024-10-28,of:TNIF,AVGO,51.69,0.298687268
2024-10-28,of:TNIF,GOOGL,24.1,0.145718666
2024-10-29,,IWY,151.71,0.676610887
2024-10-31,SVF,BWLP,14.41,1.127369805
2024-10-31,,SMH,25.85,0.10569
2024-11-03,,of:TNNIF,2501.53,2460.556233
2024-11-04,of:TNNIF,JPM,1275.85,5.724105088
2024-11-04,of:TNNIF,V,527.01,1.811545456
2024-11-04,of:TNNIF,UNH,15.64,0.027631891
2024-11-04,of:TNNIF,BRK/B,109.5,0.242263648
2024-11-05,,SOXQ,48.65,1.24193995
2024-11-05,of:TNNIF,JPM,106.41,0.484233238
2024-11-05,of:TNNIF,XOM,360.51,3.037687448
2024-11-05,of:TNNIF,xpar:MC,77.9,0.116433
2024-11-05,of:TNNIF,V,25.68,0.087999891
2024-11-05,of:TNNIF,UNH,27.16,0.048677193
2024-11-06,,of:UCGF,8717.35,7208.770273
2024-11-06,of:UCGF,lse:HYUD.il,7649.18,135.606028
2024-11-06,of:UCGF,GSL,986.57,40.70003851
2024-11-06,of:UCGF,ESEA,83.36,2
2024-11-07,,of:SRA,9988.82,9425.192744
2024-11-07,of:SRA,sgn:FAEFCA,998.88,270.34087
2024-11-07,of:SRA,sgn:EABFCA,5493.85,5965.74399
2024-11-11,,USDCNY,72786.28,10106.06
2024-11-11,of:TNIF,META,77.33,0.133797589
2024-11-11,of:TNIF,LLY,78.72,0.094609183
2024-11-11,of:TNIF,NVO,68.37,0.63859336
2024-11-11,,coro:opmGrw,3402.01,19.6951
2024-11-11,,mg:inf+,2761.23,5.9441
2024-11-11,of:SRA,jse:SYGJP,790.87,40
2024-11-11,of:SRA,jse:STXNDQ,1503.66,7
2024-11-11,of:SRA,jse:SYG500,1087.41,10
2024-11-14,,STIP,150.47,1.49558
2024-11-16,,etr:CPT,750,774.2447464
2024-11-29,,IWY,143.17,0.624378218
2024-12-03,,etr:FH,750,523.5062961
2024-12-03,,jse:SYG500,478.15,4.2747
2024-12-03,,SMH,23.94,0.09699
2024-12-05,SVF,BWLP,11,0.939987851
2024-12-06,,SOXQ,58.27,1.470317255
2024-12-09,of:TNIF,AVGO,32.73,0.182333404
2024-12-09,of:TNIF,LLY,43.67,0.052833843
2024-12-09,of:TNIF,TSM,27.95,0.137607561
2024-12-09,of:TNIF,MSFT,23.26,0.05272115
2024-12-09,,XLK,28.72,0.11988
2024-12-09,of:TNIF,GOOGL,76.68,0.438616505
2024-12-10,of:TNIF,LLY,15.43,0.019193674
2024-12-07,,of:SRA,9889.55,9074.526878
2024-12-09,of:SRA,sgn:FAEFCA,988.96,246.99177
2024-12-09,of:SRA,sgn:EABFCA,5439.25,5746.09427
2024-12-13,,mg:inf+,2680.54,5.6562
2024-12-11,of:SRA,jse:SYGJP,787.46,39
2024-12-11,of:SRA,jse:STXNDQ,1529.83,7
2024-12-11,of:SRA,jse:SYG500,990.66,9
2024-12-14,SVF,BWLP,26.55,2.435485336
2024-12-13,,coro:opmGrw,2975.3,16.603561
2024-12-16,of:TNIF,NVDA,31.07,0.234364572
2024-12-16,,STIP,148.97,1.4767
2024-12-17,,jse:STXNDQ,862.4,3.7916
2024-12-17,of:TNIF,NVO,76.91,0.7138294
2024-12-17,SVF,BWLP,29.46,2.871583747
2024-12-17,of:TNIF,TSM,140.3,0.701541437
2024-12-17,of:TNIF,META,34.38,0.055154336
2024-12-19,,etr:BT,250,139.0918792
2024-12-19,of:TNIF,TSM,54.04,0.276146955
2024-12-19,of:UCGF,GSL,14090.82,659.6825843
2024-12-19,of:TNIF,META,63.31,0.105960468
2024-12-20,of:TNIF,AMZN,43.08,0.195897251
2024-12-23,SVF,CIVI,64.84,1.512911783
2024-12-30,,IWY,138.48,0.58517852
2024-12-31,of:TNIF,NVO,183.85,2.151539423
2024-12-31,of:TNIF,TSLA,81.56,0.19541184
2025-01-02,,of:TNNIF,1852.12,1730.948268
2025-01-03,,jse:SYG500,486.85,4.3198
2025-01-03,of:TNNIF,MA,31.99,0.06122791
2025-01-03,of:TNNIF,BRK/B,530.21,1.174646361
2025-01-02,,mg:inf+,0,1.243
2025-01-02,,mg:inf+,0,1.0268
2025-01-02,,mg:inf+,0,0.1311
2025-01-02,,mg:PFA,0,373.36
2025-01-06,of:TNNIF,UNH,157.5,0.306856857
2025-01-06,of:TNNIF,JPM,320.01,1.314574709
2025-01-06,of:TNNIF,XOM,748.54,6.93541939
2025-01-06,,of:UCGF,12940.67,11323.26957
2025-01-07,,SMH,23.97,0.09219
2025-01-07,,SOXQ,58.16,1.390109319
2025-01-10,,XLK,28.25,0.12339
2025-01-07,,of:SRA,9843.19,8827.423806
2025-01-07,of:SRA,sgn:FAEFCA,984.32,228.79965
2025-01-07,of:SRA,sgn:EABFCA,5413.75,5728.84047
2025-01-09,of:SRA,jse:SYGJP,773.47,38
2025-01-09,of:SRA,jse:STXNDQ,1367.93,6
2025-01-09,of:SRA,jse:SYG500,1026.29,9
2025-01-13,,mg:inf+,2856.43,6.2486
2025-01-14,,TECL,295.73,3.53243
2025-01-14,,coro:opmGrw,3170.52,17.827875
2025-01-16,,STIP,160.81,1.59108
2025-01-17,,jse:STXNDQ,893.17,3.9424
2025-01-18,,etr:BT,250,136.0346478
2025-01-20,,etr:ID,250,173.335672
2025-01-24,,USDCNY,73205.81,10084.45
2025-01-28,,SMH,47.87,0.2031
2025-01-28,of:TNIF,NVO,730.7,8.52726122
2025-01-28,of:TNIF,LLY,363.11,0.450357437
2025-01-30,,IWY,141.48,0.592430945
2025-02-03,,jse:SYG500,481.68,4.2151
2025-02-06,,of:UCGF,12633.36,11054.88268
2025-02-07,of:TNIF,GOOGL,508.83,2.674384718
2025-02-11,,XLK,27.97,0.11889
2025-02-07,,of:SRA,9772.74,8756.423801
2025-02-07,of:SRA,sgn:FAEFCA,977.27,228.13796
2025-02-07,of:SRA,sgn:EABFCA,5375.01,5683.03049
2025-02-12,,SOXQ,57.68,1.461656036
2025-02-11,of:SRA,jse:SYGJP,777.25,38
2025-02-11,of:SRA,jse:STXNDQ,1372.68,6
2025-02-11,of:SRA,jse:SYG500,1023.59,9
2025-02-13,,of:SRA,33906.06,30396.77662
2025-02-17,,jse:STXNDQ,864.49,3.689
2025-02-18,,coro:opmGrw,3035.05,15.799183
2025-02-18,,STIP,204.03,2.00541
2025-02-17,of:SRA,sgn:FAEFCA,5237.41,1206.86048
2025-02-19,,etr:ID,250,167.1994455
2025-02-20,,mg:inf+,2767.96,5.8763
2025-02-19,of:SRA,jse:STXNDQ,3065.37,13
2025-02-19,of:SRA,jse:SYG500,2989.39,26
2025-02-19,of:SRA,sgn:LIMPF,40986.16,29003.3627
2025-02-20,of:SRA,sgn:LIMPF,26484.99,18733.06173
2025-02-20,of:SRA,sgn:FAEFCA,3384.38,783.3669
2025-02-20,of:SRA,jse:STXNDQ,1888.14,8
2025-02-20,of:SRA,jse:SYG500,1955.75,17
2025-02-24,,USDCNY,73301.27,10086.24
2025-02-24,,AIQ,29.32,0.71252
2025-02-21,of:SRA,sgn:LIMPF,4316.82,3051.09903
2025-02-21,of:SRA,sgn:FAEFCA,551.62,128.85307
2025-02-21,of:SRA,jse:STXNDQ,233.12,1
2025-02-21,of:SRA,jse:SYG500,229.63,2
2025-02-25,,TECL,293.67,3.45007
2025-02-26,SVF,CIVI,36.48,0.907029783
2025-02-26,of:TNIF,TSLA,104.16,0.343791957
2025-02-27,of:TNIF,META,50.74,0.075276481
2025-02-27,of:TNIF,AMZN,41.98,0.195734449
2025-02-27,of:TNIF,MSFT,118.87,0.298551528
2025-02-28,,SMH,69.43,0.30382
2025-02-28,,TECL,436.16,5.8279
2025-02-28,,SOXQ,65.34,1.769661812
2025-02-28,SVF,CIVI,131.64,3.466930165
2025-02-28,of:TNIF,TSM,680.04,3.767265714
2025-03-05,,of:TNNIF,2206.25,1966.988169
2025-03-05,,of:TNGIF,162.85,162.85
2025-03-05,,etr:CE,500,485.3332298
2025-03-05,SVF,CIVI,635.44,18.96848232
2025-03-05,,IWY,163.34,0.731610352
2025-03-05,of:TNGIF,PLTR,17.17,0.203278647
2025-03-05,of:TNGIF,FTNT,6.91,0.065471844
2025-03-05,of:TNGIF,DASH,6.91,0.035767747
2025-03-05,,ARKQ,14.27,0.20424
2025-03-05,of:TNNIF,JPM,2643.78,10.55781257
2025-03-05,of:TNNIF,BAC,1146.9,27.28290398
2025-03-06,,jse:SYG500,399.73,3.6751
2025-03-06,,DRIV,1,0.044028047
2025-03-06,of:TNGIF,NTES,46.05,0.446178676
2025-03-06,of:TNGIF,BIDU,44.17,0.480459371
2025-03-10,,of:TNIF,871.23,744.4251107
2025-03-10,,etr:BT,500,306.9401758
2025-03-11,,jse:STXNDQ,1211.14,5.9148
2025-03-07,,of:SRA,9684.24,8947.405568
2025-03-07,of:SRA,sgn:FAEFCA,968.42,256.69266
2025-03-07,of:SRA,sgn:EABFCA,5326.33,5623.83501
2025-03-11,of:TNIF,NVDA,34.5,0.32248673
2025-03-11,of:TNIF,TSLA,199.26,0.896424244
2025-03-11,of:TNIF,NVO,341.04,4.32238068
2025-03-11,SVF,BWLP,56.87,5.630521635
2025-03-11,,TECL,588.75,9.57473
2025-03-11,,XLK,53.14,0.25426
2025-03-12,of:TNIF,GOOGL,194.01,1.182006866
2025-03-12,of:TNNIF,MA,41.87,0.079785293
2025-03-12,of:TNNIF,BAC,297.87,7.516330014
2025-03-11,of:SRA,jse:SYGJP,772.04,38
2025-03-11,of:SRA,jse:STXNDQ,1433.54,7
2025-03-11,of:SRA,jse:SYG500,1046.7,10
2025-03-14,SVF,ESEA,1101.04,34
2025-03-19,SVF,STLA,113.53,9.053455503
2025-03-20,SVF,GSL,1004.05,42.45448795
2025-03-18,SVF,EHLD,173.2531,13.6
2025-03-21,SVF,ESEA,312.4,10
2025-03-25,of:TNIF,AAPL,25.24,0.114288062
2025-03-25,,coro:opmGrw,3326.49,17.824642
2025-03-26,,USDCNY,74613.26,10245.36
2025-03-27,SVF,STLA,82.85,7.105776856
2025-03-28,of:TNIF,AVGO,111.28,0.647325269
2025-03-31,,DRIV,1.12,0.053220181
2025-03-31,of:TNIF,AVGO,101.09,0.613571339
2025-03-31,of:TNIF,META,60.78,0.107909189
2025-04-01,SVF,STLA,189.44,17.00544873
2023-05-19,SVF,PFSI,-3680.83,-57
2015-12-15,,szse:002099,-1958.03,-100
2023-04-28,SVF,hkse:02628,-32.8,-17.326632
2021-04-12,SVF,JPM,-2948.2,-19
2021-05-14,SVF,JPM,-3224.78,-20
2023-06-16,SVF,JPM,-120.17,-1
2019-07-25,SVF,T,-2233.51,-67
2019-10-07,SVF,T,-277.55,-8
2021-03-16,SVF,T,-889.4131579,-30
2021-03-16,SVF,T,-1363.766842,-46
2021-04-09,SVF,T,-220.48,-7.339585
2021-02-12,SVF,T,-274.25,-9.552425
2021-02-12,SVF,T,-917.12,-32
2021-03-16,SVF,T,-832.72,-28
2021-04-09,SVF,T,-842.58,-28.048653
2021-02-12,SVF,T,-701.76,-24.44313
2018-07-23,SVF,BAC,-1213.13,-41
2018-09-14,SVF,BAC,-97.63,-4
2020-06-05,SVF,BAC,-150.99,-6
2021-03-02,SVF,BAC,-908.05,-26
2021-03-04,SVF,BAC,-217.0704545,-6
2020-04-28,SVF,BAC,-2446.39,-101
2021-03-04,SVF,BAC,-2966.629545,-82
2023-06-12,SVF,TMHC,-46.97,-1
2022-02-08,SVF,hkse:00939,-124.26,-157
2022-02-08,SVF,hkse:01288,-140.83,-360
2022-02-08,SVF,hkse:01398,-201.55,-322
2022-02-08,SVF,hkse:03328,-138.97,-201
2022-02-08,SVF,hkse:03988,-70.88,-176
2023-01-05,SVF,hkse:00688,-36.82,-13
2023-04-04,SVF,hkse:00688,-85.75,-32.956104
2020-01-06,SVF,BRK/B,-2919.09,-13
2020-02-18,SVF,BRK/B,-430.86,-2
2020-09-14,SVF,BRK/B,-1509.96,-7
2019-12-09,SVF,BRK/B,-1981.7,-9
2020-01-13,SVF,BRK/B,-203.88,-1
2020-02-20,SVF,BRK/B,-1355.52,-6
2020-06-08,SVF,BRK/B,-1189.75,-6
2020-08-11,SVF,BRK/B,-621.98,-3
2021-05-27,SVF,BRK/B,-19442.36,-67.158413
2021-05-28,SVF,BRK/B,-2258.37,-7.804707
2021-10-25,SVF,BRK/B,-7000,-24.178779
2022-01-18,SVF,BRK/B,-644,-2
2022-02-28,SVF,BRK/B,-640.38,-2
2022-04-01,SVF,BRK/B,-3538.8,-10
2023-03-01,SVF,BRK/B,-3448.86,-11.29845
2019-02-06,,mg:inf+,-6068.26,-16.2431
2019-03-04,,mg:inf+,-370.8439527,-0.9819
2019-03-04,,mg:inf+,-1190.182858,-3.1513
2019-03-04,,mg:inf+,-13548.85311,-35.8739
2019-03-04,,mg:inf+,-144.8024966,-0.3834
2019-03-04,,mg:inf+,-279.9741543,-0.7413
2019-03-04,,mg:inf+,-209.0080898,-0.5534
2019-03-04,,mg:inf+,-276.1973547,-0.7313
2019-03-04,,mg:inf+,-252.8567332,-0.6695
2019-03-04,,mg:inf+,-280.9183542,-0.7438
2019-03-04,,mg:inf+,-212.1428335,-0.5617
2019-03-04,,mg:inf+,-20780.74452,-55.0221
2019-03-04,,mg:inf+,-0.075535992,-0.0002
2019-03-07,,mg:inf+,-11899.70766,-31.425
2019-03-07,,mg:inf+,-1747.032339,-4.6136
2019-03-11,,mg:inf+,-11345.0693,-30.1458
2019-03-11,,mg:inf+,-11450.48213,-30.4259
2019-03-11,,mg:inf+,-3291.958572,-8.7473
2019-03-14,,mg:inf+,-9721.770831,-25.5991
2019-03-14,,mg:inf+,-3964.609169,-10.4395
2019-03-18,,mg:inf+,-8587.050538,-22.5767
2019-03-18,,mg:inf+,-7629.899462,-20.0602
2021-03-01,,mg:inf+,-413.7657763,-1.0783
2021-03-01,,mg:inf+,-5072.861278,-13.2202
2021-03-01,,mg:inf+,-13828.70994,-36.0385
2021-03-01,,mg:inf+,-242.281101,-0.6314
2021-03-01,,mg:inf+,-1872.325632,-4.8794
2021-03-01,,mg:inf+,-303.4461429,-0.7908
2021-03-01,,mg:inf+,-2813.707046,-7.3327
2021-03-01,,mg:inf+,-1593.667831,-4.1532
2021-03-01,,mg:inf+,-1724.439765,-4.494
2021-03-01,,mg:inf+,-2418.858689,-6.3037
2021-03-01,,mg:inf+,-529.9947049,-1.3812
2023-03-02,,mg:inf+,-2839.328787,-6.5867
2023-03-02,,mg:inf+,-2796.911499,-6.4883
2023-03-02,,mg:inf+,-6509.976075,-15.1019
2023-03-02,,mg:inf+,-13364.85126,-31.0039
2023-03-02,,mg:inf+,-20212.87243,-46.89
2023-03-02,,mg:inf+,-30320.73118,-70.3383
2023-03-02,,mg:inf+,-39120.63732,-90.7524
2023-03-02,,mg:inf+,-15653.3588,-36.3128
2023-03-02,,mg:inf+,-934.775301,-2.1685
2023-03-02,,mg:inf+,-8542.557352,-19.8171
2023-03-06,,mg:inf+,-1495.81,-3.4531
2023-03-02,,cs:spGlbPpt,-1593.881358,-38.0467
2023-03-02,,cs:spGlbPpt,-1641.283018,-39.1782
2023-03-02,,cs:spGlbPpt,-1506.639681,-35.9642
2023-03-02,,cs:spGlbPpt,-1517.473149,-36.2228
2023-03-02,,cs:spGlbPpt,-1081.440711,-25.8145
2023-03-02,,cs:spGlbPpt,-1169.465784,-27.9157
2023-03-02,,cs:spGlbPpt,-937.4008269,-22.3762
2023-03-02,,cs:spGlbPpt,-1260.234832,-30.0824
2023-03-02,,cs:spGlbPpt,-1494.310641,-35.6699
2022-03-01,,coro:opmGrw,-3748.203491,-27.791974
2022-03-01,,coro:opmGrw,-3702.305758,-27.451654
2022-03-01,,coro:opmGrw,-3689.378274,-27.3558
2022-03-01,,coro:opmGrw,-3563.04042,-26.419037
2022-03-01,,coro:opmGrw,-3428.110767,-25.418568
2022-03-01,,coro:opmGrw,-3428.958133,-25.424851
2022-03-01,,coro:opmGrw,-584.5031567,-4.333942
2022-03-02,,coro:opmGrw,-540.5198318,-4.001429
2022-03-02,,coro:opmGrw,-515.2072772,-3.814042
2022-03-02,,coro:opmGrw,-526.793775,-3.899816
2022-03-02,,coro:opmGrw,-519.1112735,-3.842943
2022-03-02,,coro:opmGrw,-2038.810387,-15.093165
2022-03-02,,coro:opmGrw,-2016.703051,-14.929506
2022-03-02,,coro:opmGrw,-2004.836123,-14.841656
2022-03-02,,coro:opmGrw,-2094.988434,-15.509047
2022-03-02,,coro:opmGrw,-4186.729639,-30.994055
2022-03-02,,coro:opmGrw,-5023.293444,-37.187076
2022-03-02,,coro:opmGrw,-4346.647596,-32.177916
2022-03-02,,coro:opmGrw,-4031.731764,-29.846617
2022-03-02,,coro:opmGrw,-576.9219184,-4.270911
2022-03-02,,coro:opmGrw,-2928.922604,-21.682601
2022-03-02,,coro:opmGrw,-2115.172882,-15.658471
2022-03-04,,coro:opmGrw,-523.1012335,-4.037786
2022-03-04,,coro:opmGrw,-525.6496411,-4.057457
2022-03-04,,coro:opmGrw,-540.3361173,-4.170821
2022-03-04,,coro:opmGrw,-2099.240978,-16.203911
2022-03-04,,coro:opmGrw,-2143.664965,-16.546817
2022-03-04,,coro:opmGrw,-3759.88885,-29.022349
2022-03-04,,coro:opmGrw,-982.7344098,-7.585666
2022-03-04,,coro:opmGrw,-3049.596322,-23.539645
2022-03-04,,coro:opmGrw,-96.01748298,-0.741153
2023-03-02,,coro:opmGrw,-4237.839499,-29.442015
2023-03-02,,coro:opmGrw,-4584.855361,-31.852877
2023-03-02,,coro:opmGrw,-3683.925141,-25.593744
2023-03-02,,TQQQ,-178.38,-8.08
2021-05-19,,BAR,-58.83,-3.166367
2021-05-19,,BAR,-65.63,-3.532174
2023-01-04,,BAR,-371.1,-20.198777
2023-01-04,,BAR,-258.42,-14.044785
2023-01-04,,BAR,-176.11,-9.570952
2023-01-04,,BAR,-354.75,-19.279931
2023-01-06,,BAR,-323.14,-17.703898
2023-01-06,,BAR,-121.35,-6.638253
2023-01-06,,BAR,-295.41,-16.184696
2023-01-06,,BAR,-258.7,-14.173521
2021-05-20,,TIP,-63.66,-0.501078
2021-05-20,,TIP,-55.51,-0.436954
2020-02-05,,mg:SAPTF,-67.31701121,-34.37
2020-02-05,,mg:SAPTF,-95.36413372,-48.69
2020-02-05,,mg:SAPTF,-56.21176089,-28.7
2020-02-05,,mg:SAPTF,-120.0032958,-61.27
2020-02-05,,mg:SAPTF,-60.93198192,-31.11
2020-02-05,,mg:SAPTF,-115.3222467,-58.88
2020-02-05,,mg:SAPTF,-71.33213699,-36.42
2020-02-05,,mg:SAPTF,-132.0095012,-67.4
2020-02-05,,mg:SAPTF,-65.88723471,-33.64
2020-02-05,,mg:SAPTF,-179.3096414,-91.55
2020-02-05,,mg:SAPTF,-128.7778146,-65.75
2020-02-05,,mg:SAPTF,-35.84234231,-18.3
2020-02-05,,mg:SAPTF,-213.1933858,-108.85
2020-02-05,,mg:SAPTF,-58.36621862,-29.8
2020-02-05,,mg:SAPTF,-302.3291781,-154.36
2020-02-05,,mg:SAPTF,-230.4486337,-117.66
2020-02-05,,mg:SAPTF,-647.1011735,-330.39
2020-02-05,,mg:SAPTF,-150.1265321,-76.65
2020-02-05,,mg:SAPTF,-77.30586071,-39.47
2020-02-05,,mg:SAPTF,-844.2144702,-431.03
2020-04-16,,mg:SAPTF,-372.85,-310.5
2020-07-06,,mg:SAPTF,-352.18,-272.53
2021-01-05,,mg:SAPTF,-54.91382894,-45.61
2021-01-05,,mg:SAPTF,-239.8341312,-199.2
2021-04-07,,mg:SAPTF,-158.85,-120.54
2021-07-07,,mg:SAPTF,-369.93,-254.64
2021-10-04,,mg:SAPTF,-294.01,-201.66
2022-01-04,,mg:SAPTF,-638.87,-402.53
2022-09-13,,mg:SAPTF,-83.44010446,-60.18
2022-09-13,,mg:SAPTF,-545.7160305,-393.59
2022-11-26,,mg:SAPTF,-246.76,-165.41
2023-01-19,,mg:SAPTF,-529.41,-360.65
2023-07-10,SVF,BCC,-14.5,-0.159061
2023-07-10,,mg:SAPTF,-5.419220422,-4.09
2023-07-10,,mg:SAPTF,-452.6307796,-341.61
2023-07-19,SVF,WAL,-11.44,-0.258824
2023-08-11,SVF,BCC,-30.48,-0.277528
2023-11-17,SVF,AMTD,-4010.268481,-1243.333333
2023-11-17,SVF,AMTD,-2443.790954,-757.6666667
2023-11-17,SVF,AMTD,-2711.500565,-840.6666667
2023-12-27,SVF,INTC,-423.14,-8.352619
2023-12-27,SVF,INTC,-648.59,-12.807772
2023-12-27,SVF,INTC,-1136.4,-22.440671
2023-12-27,SVF,INTC,-165.15,-3.257438
2024-01-09,,mg:SAPTF,-531.4558464,-356.68
2024-01-09,,mg:SAPTF,-91.08415356,-61.13
2024-01-11,,mg:SAPTF,-1166.88,-791.05
2024-02-28,SVF,BCC,-75.5,-0.564673
2024-03-01,,etr:ALTIAI,-1143.721623,-738.7707404
2024-03-01,,etr:ALTIAI,-1365.590181,-882.0835845
2024-03-01,,etr:ALTIAI,-629.4692477,-406.5967215
2024-03-01,,etr:ALTIAI,-2579.121452,-1665.946876
2024-03-01,,etr:ALTIAI,-658.1730454,-425.137532
2024-03-01,,etr:ALTIAI,-1244.096105,-803.6062115
2024-03-01,,etr:ALTIAI,-477.0683466,-308.1555237
2024-03-01,,etr:OSN,-677.779405,-536.207405
2024-03-01,,etr:OSN,-523.7844451,-414.3783302
2024-03-01,,etr:OSN,-248.5961499,-196.6703259
2024-03-01,,etr:CT,-558.1834779,-566.2514156
2024-03-01,,etr:CT,-1994.330746,-2023.156637
2024-03-01,,etr:CT,-1385.105696,-1405.125899
2024-03-01,,etr:CT,-2229.32008,-2261.542488
2024-03-01,,MCHI,-1344.79,-34.06267
2024-03-01,,ACWI,-114.55,-1.071167
2024-03-01,,ACWI,-118.04,-1.103843
2024-03-01,,ACWI,-522.12,-4.889671
2024-03-01,,ACWI,-120.71,-1.128793
2024-03-01,,ACWI,-170.18,-1.591348
2024-03-01,,ACWI,-696.84,-6.516207
2024-03-01,,ACWI,-685.29,-6.408152
2024-03-01,,ACWI,-115.06,-1.075924
2024-03-01,,ACWI,-460.74,-4.314841
2024-03-01,,ACWI,-437.65,-4.098635
2024-03-01,,ACWI,-391.53,-3.666749
2024-03-01,,ACWI,-118.44,-1.107582
2024-03-01,,ACWI,-698.08,-6.537617
2024-03-01,,ACWI,-117.11,-1.095088
2024-03-01,,ACWI,-164.71,-1.540194
2024-03-01,,ACWI,-489.88,-4.587751
2024-03-01,,ACWI,-295.26,-2.765179
2024-03-01,,ACWI,-283.29,-2.653003
2024-03-01,,ACWI,-121.11,-1.134189
2024-03-01,,ACWI,-224.08,-2.098482
2024-03-01,,STIP,-25.75,-0.26027
2024-03-01,,STIP,-26.01,-0.262953
2024-03-01,,STIP,-26.05,-0.26332
2024-03-01,,STIP,-22.65,-0.22892
2024-03-01,,STIP,-20.96,-0.21189
2024-03-04,,shse:513500,-1788.284444,-1000
2024-03-04,,shse:513500,-2861.255111,-1600
2024-03-04,,shse:513500,-2861.255111,-1600
2024-03-04,,shse:513500,-2861.255111,-1600
2024-03-04,,shse:513500,-2861.255111,-1600
2024-03-04,,shse:513500,-5007.196444,-2800
2024-03-04,,shse:513500,-1788.284444,-1000
2024-03-04,,shse:513500,-1788.284444,-1000
2024-03-04,,shse:513500,-1788.284444,-1000
2024-03-04,,shse:513500,-1430.627556,-800
2024-03-04,,shse:513500,-1072.970667,-600
2024-03-04,,shse:513500,-1430.627556,-800
2024-03-04,,shse:513500,-1430.627556,-800
2024-03-04,,shse:513500,-1430.627556,-800
2024-03-04,,shse:513500,-1430.627556,-800
2024-03-04,,shse:513500,-1430.627556,-800
2024-03-04,,shse:513500,-1430.627556,-800
2024-03-04,,shse:513500,-1430.627556,-800
2024-03-04,,shse:513500,-1430.627556,-800
2024-03-04,,shse:513500,-1430.627556,-800
2024-03-04,,shse:513500,-1430.627556,-800
2024-03-04,,shse:513500,-715.3137778,-400
2024-03-04,,shse:513500,-715.3137778,-400
2024-03-04,,shse:513500,-715.3137778,-400
2024-03-04,,shse:513500,-536.4853333,-300
2024-03-04,,shse:513500,-536.4853333,-300
2024-03-04,,shse:513500,-536.4853333,-300
2024-03-04,,shse:513500,-536.4853333,-300
2024-03-04,,shse:513500,-536.4853333,-300
2024-03-04,,shse:513500,-536.4853333,-300
2024-03-04,,shse:513500,-536.4853333,-300
2024-03-04,,shse:513500,-715.3137778,-400
2024-03-04,,shse:513500,-715.3137778,-400
2024-03-04,,shse:513500,-536.4853333,-300
2024-03-04,,cs:spGlbPpt,-477.1024548,-10.2189
2024-03-04,,cs:spGlbPpt,-1214.59923,-26.0151
2024-03-04,,cs:spGlbPpt,-2102.637566,-45.0357
2024-03-04,,cs:spGlbPpt,-1939.018629,-41.5312
2024-03-04,,cs:spGlbPpt,-1618.625252,-34.6688
2024-03-04,,cs:spGlbPpt,-1685.702246,-36.1055
2024-03-04,,cs:spGlbPpt,-2128.619572,-45.5922
2024-03-04,,cs:spGlbPpt,-1990.174934,-42.6269
2024-03-04,,cs:spGlbPpt,-2102.128664,-45.0248
2024-03-04,,cs:spGlbPpt,-2002.785427,-42.897
2024-03-04,,cs:spGlbPpt,-294.4160409,-6.306
2024-03-04,,cs:spGlbPpt,-792.0986718,-16.9657
2024-03-04,,cs:spGlbPpt,-1038.379137,-22.2407
2024-03-04,,cs:spGlbPpt,-1028.579276,-22.0308
2024-03-04,,cs:spGlbPpt,-1000.141469,-21.4217
2024-03-04,,cs:spGlbPpt,-1391.897821,-29.8126
2024-03-04,,cs:spGlbPpt,-1542.047201,-33.0286
2024-03-04,,cs:spGlbPpt,-1478.443811,-31.6663
2024-03-04,,cs:spGlbPpt,-1821.616381,-39.0166
2024-03-04,,cs:spGlbPpt,-61.93195024,-1.3265
2024-03-04,,cs:spGlbPpt,-1602.47579,-34.3229
2024-03-04,,cs:spGlbPpt,-667.6745125,-14.3007
2024-03-04,,cs:spGlbPpt,-710.5483232,-15.219
2024-03-04,,cs:spGlbPpt,-818.1553785,-17.5238
2024-03-04,,cs:spGlbPpt,-829.8087632,-17.7734
2024-03-04,,cs:spGlbPpt,-359.6114991,-7.7024
2024-03-04,,coro:opmGrw,-6259.395074,-37.417775
2024-03-04,,coro:opmGrw,-5769.228865,-34.487631
2024-03-04,,coro:opmGrw,-5113.574617,-30.568223
2024-03-04,,coro:opmGrw,-5504.221734,-32.903456
2024-03-04,,coro:opmGrw,-5312.876608,-31.759622
2024-03-04,,coro:opmGrw,-4685.794467,-28.011014
2024-03-04,,coro:opmGrw,-3773.984754,-22.560345
2024-03-04,,coro:opmGrw,-7850.895404,-46.931538
2024-03-04,,coro:opmGrw,-9456.151999,-56.527534
2024-03-04,,coro:opmGrw,-519.6470029,-3.106376
2024-03-04,,coro:opmGrw,-3596.089428,-21.496912
2024-03-04,,coro:opmGrw,-8316.077915,-49.712333
2024-03-04,,coro:opmGrw,-10965.24171,-65.548658
2024-03-04,,coro:opmGrw,-12042.40162,-71.987767
2024-03-04,,coro:opmGrw,-5657.234235,-33.818143
2024-03-04,,coro:opmGrw,-2316.704574,-13.848931
2024-03-26,SVF,PFG,-155.7,-1.837621
2024-04-01,SVF,BCC,-79.66,-0.518308
2024-04-01,SVF,JPM,-5190.164828,-26
2024-04-01,SVF,JPM,-598.8651724,-3
2024-04-02,SVF,RIO,-1119.46,-17.196028
2024-04-02,SVF,RIO,-164.87,-2.532591
2024-04-02,SVF,RIO,-213.69,-3.282559
2024-04-03,SVF,hkse:01186,-1742.98,-2800.041407
2024-04-26,SVF,hkse:01288,-2882.79,-6336.518215
2024-05-03,SVF,PFG,-389.4,-4.811569
2024-05-07,SVF,WAL,-150.52,-2.409016
2024-05-15,,MCHI,-1105.29,-23.924
2024-05-28,of:UCGF,GSL,-739.21,-25.684851
2024-05-30,SVF,BCC,-85.56,-0.641572
2024-06-10,of:TNIF,GOOG,-155.86,-0.88223
2024-06-10,of:TNIF,META,-15.93,-0.032236
2024-06-10,of:TNIF,MSFT,-194.34,-0.457286
2024-06-10,of:TNIF,AMZN,-39.06,-0.211112
2024-06-11,of:TNIF,AAPL,-189.26,-0.970359
2024-06-12,SVF,WAL,-11882.9,-199.779741
2024-05-24,,mg:SAPTF,-6529.490575,-3393.97
2024-05-24,,mg:SAPTF,-678.4672128,-383.14
2024-05-24,,mg:SAPTF,-1547.570396,-862.33
2024-05-24,,mg:SAPTF,-2149.196596,-1163.26
2024-05-24,,mg:SAPTF,-2676.451689,-1405.97
2024-05-24,,mg:SAPTF,-3224.355869,-1805.5
2024-05-24,,mg:SAPTF,-3079.121528,-1751.92
2024-05-24,,mg:SAPTF,-1892.8,-1186.46
2024-05-24,,mg:SAPTF,0,-168.71
2024-06-13,SVF,hkse:03328,-2674.38,-3595.77111
2024-06-18,SVF,ATLC,-28.51,-1.030127042
2024-07-03,SVF,BCC,-15.31,-0.130198
2024-07-08,,mg:PFA,-194.84,-139.76
2024-07-12,of:TNIF,AAPL,-20.03,-0.087614
2024-07-12,of:TNIF,TSLA,-38.38,-0.158569
2024-07-12,of:TNIF,AVGO,-10.78,-0.06282
2024-07-15,SVF,WAL,-467.87,-6.79464
2024-07-15,of:TNIF,TSM,-10.67,-0.056188
2024-07-22,SVF,ATLC,-164.9,-4.949579832
2024-07-26,of:TNIF,TSM,-75.42,-0.460496
2024-07-26,of:TNIF,AAPL,-14.43,-0.066035
2024-07-26,of:UCGF,UBS,-11.74,-0.386491
2024-08-06,of:TNIF,TSM,-14.53,-0.097267
2024-08-06,of:TNNIF,UNH,-32.95,-0.05778
2024-08-07,of:TNNIF,xpar:MC,-663,-0.9638
2024-08-07,of:TNNIF,xpar:MC,-96.04,-0.139534
2024-08-07,of:TNIF,TSM,-32.27,-0.201109
2024-08-07,of:TNIF,GOOGL,-14.32,-0.088702
2024-08-20,of:TNIF,TSLA,-11.95,-0.053144
2024-08-21,of:TNIF,LLY,-10.89,-0.011411
2024-08-22,SVF,ATLC,-44.50236948,-1.35382718
2024-08-22,SVF,ATLC,-33.10763052,-1.007182552
2024-08-26,SVF,hkse:01398,-38.4,-63.428597
2024-08-26,of:UCGF,UBS,-733.16,-23.543909
2024-08-27,SVF,hkse:03988,-303.93,-658.244212
2024-09-09,of:TNIF,NVO,-58.24,-0.43839
2024-09-09,of:TNIF,NVO,-19.51,-0.14707
2024-09-09,of:TNIF,MSFT,-14.83,-0.036395
2024-09-09,of:TNIF,NVO,-124.85,-0.94113
2024-09-09,of:TNNIF,JPM,-22.36,-0.103528
2024-09-09,of:TNNIF,V,-39.67,-0.13964
2024-09-09,of:TNNIF,BRK/B,-29.11,-0.06288
2024-09-09,of:TNNIF,MA,-36.12,-0.074696
2024-09-09,of:TNIF,NVO,-81.51,-0.617493
2024-09-09,of:TNNIF,V,-18.46,-0.065016
2024-09-09,of:TNNIF,BRK/B,-15.39,-0.033233
2024-09-09,of:TNNIF,MA,-36.08,-0.074558
2024-09-23,of:UCGF,GSL,-3864.48,-158.12099
2024-09-23,of:UCGF,GSL,-108.73,-4.421716
2024-09-24,SVF,ATLC,-74.58,-2.166085947
2024-09-24,of:UCGF,ESEA,-482.25,-10.67879
2024-09-24,of:UCGF,ESEA,-27.6,-0.603279
2024-09-25,SVF,hkse:01398,-2039.12,-3339.659022
2024-09-27,of:TNIF,META,-34.06,-0.059879
2024-09-30,of:TNIF,GOOGL,-23.96,-0.145716
2024-09-30,of:TNIF,TSLA,-13.89,-0.052656
2024-09-30,of:TNIF,META,-11.14,-0.019554
2024-09-30,of:TNIF,TSLA,-16.18,-0.061465
2024-10-02,SVF,hkse:03988,-196.82,-406.678764
2024-10-02,of:TNIF,AVGO,-63.27,-0.375676
2024-10-03,of:TNIF,TSM,-24.42,-0.138294
2024-10-03,of:TNIF,AVGO,-11.47,-0.066578
2024-10-03,of:TNIF,META,-12.49,-0.021731
2024-10-03,of:TNIF,GOOGL,-16.87,-0.101443
2024-10-14,of:TNIF,AVGO,-14.72,-0.080346
2024-10-14,of:TNIF,TSM,-31.93,-0.16723
2024-10-14,of:TNIF,TSM,-585.63,-3.067276
2024-10-14,of:TNIF,TSM,-539.1,-2.783437
2024-10-14,of:TNIF,NVDA,-26.09,-0.18827
2024-10-14,of:TNIF,AVGO,-10.58,-0.057441
2024-10-24,SVF,ATLC,-53.08,-1.439804772
2024-10-25,of:TNIF,MSFT,-122.62,-0.28708
2024-10-25,of:TNIF,MSFT,-44.33,-0.103779
2024-10-25,of:TNIF,MSFT,-48.84,-0.11435
2024-10-25,of:TNIF,TSLA,-63.78,-0.244705
2024-10-25,of:TNIF,MSFT,-35.45039928,-0.082032691
2024-10-25,of:TNIF,MSFT,-872.0696007,-2.017980546
2024-10-25,of:TNIF,TSLA,-65.65,-0.244725
2024-10-31,SVF,hkse:03988,-4552.99,-9587.486853
2024-11-04,of:TNNIF,MA,-22.78,-0.04476
2024-11-04,of:TNNIF,MA,-27.92,-0.054866
2024-11-11,of:TNIF,TSLA,-107.81,-0.312495
2024-11-11,of:TNIF,GOOGL,-47.75,-0.266046
2024-11-11,of:TNIF,TSLA,-22.58,-0.06542
2024-11-14,of:TNIF,MSFT,-67.67,-0.15910072
2024-11-14,of:TNIF,AAPL,-20.4,-0.090146
2024-11-14,of:TNIF,AMZN,-20.9,-0.097102
2024-11-25,SVF,ATLC,-60.58,-1.098025005
2024-12-09,of:TNIF,TSLA,-92.05,-0.231364
2024-12-10,of:TNIF,AAPL,-20.09,-0.081284
2024-12-16,of:TNIF,AVGO,-129.85,-0.561159
2024-12-17,of:TNIF,GOOGL,-97.79,-0.49605
2024-12-17,of:TNIF,TSLA,-55.11,-0.116537
2024-12-18,of:UCGF,lse:HYUD.il,-7067.79,-135.606028
2024-12-18,of:UCGF,lse:HYUD.il,-3128.15,-60.018277
2024-12-18,of:UCGF,lse:HYUD.il,-401.41,-7.701661
2024-12-18,of:UCGF,lse:HYUD.il,-3333.09,-63.950309
2024-12-19,SVF,hkse:00390,-1045.84,-2074.37111
2024-12-19,of:UCGF,ESEA,-40.83,-1.204501
2024-12-19,of:UCGF,ESEA,-34.41333333,-1
2024-12-19,of:UCGF,ESEA,-68.82666667,-2
2024-12-19,of:TNIF,LLY,-50.43,-0.065809
2024-12-19,of:TNIF,LLY,-17.05,-0.02224
2024-12-19,of:TNIF,LLY,-8.54,-0.01114
2024-12-19,of:TNIF,LLY,-82.02,-0.10703
2024-12-19,of:TNIF,LLY,-54.44,-0.07104
2024-12-20,of:TNIF,LLY,-15.58537234,-0.019193674
2024-12-20,of:TNIF,LLY,-42.90138069,-0.052833843
2024-12-20,of:TNIF,LLY,-72.81324697,-0.089670859
2024-12-30,SVF,ATLC,-29.19,-0.503681627
2024-12-31,of:TNIF,TSM,-154.76,-0.77044
2025-01-07,of:UCGF,GSL,-9.16,-0.415549
2025-01-07,of:UCGF,GSL,-471.3,-21.393614
2025-01-07,of:UCGF,GSL,-10.26,-0.46585
2025-01-07,of:UCGF,GSL,-11013.6,-498.0351595
2025-01-28,of:TNIF,META,-30.42,-0.04549
2025-01-28,of:TNIF,META,-55.72,-0.083306
2025-01-28,of:TNIF,TSM,-318.01,-1.625013
2025-01-28,of:TNIF,TSM,-39.77,-0.203213
2025-01-28,of:TNIF,TSM,-44.02,-0.224897
2025-01-28,of:TNIF,GOOGL,-22.71,-0.118234
2025-01-28,of:TNIF,AMZN,-10.97,-0.046546
2025-01-28,of:TNIF,TSM,-137.5130187,-0.701541437
2025-01-28,of:TNIF,TSM,-271.2769813,-1.383956553
2025-01-28,of:TNIF,META,-105.43,-0.15742
2025-01-28,of:TNIF,AMZN,-41.85,-0.176206
2025-01-30,SVF,ATLC,-14.23,-0.230870064
2025-01-28,of:TNIF,META,-35.06,-0.05243
2025-01-28,of:TNIF,META,-18.62,-0.02784
2025-02-07,of:TNIF,TSM,-328.13,-1.53930961
2025-02-07,of:TNIF,META,-76.35,-0.106584
2025-02-10,of:TNIF,AAPL,-45.89,-0.199956
2025-02-17,of:SRA,sgn:EABFCA,-5891.825383,-6111.1195
2025-02-17,of:SRA,sgn:EABFCA,-5539.89888,-5746.09427
2025-02-17,of:SRA,sgn:EABFCA,-5597.60672,-5805.95
2025-02-17,of:SRA,sgn:EABFCA,-5479.098108,-5683.03049
2025-02-17,of:SRA,sgn:EABFCA,-5523.264223,-5728.84047
2025-02-17,of:SRA,sgn:EABFCA,-5751.666592,-5965.74399
2025-02-17,of:SRA,sgn:EABFCA,-5812.524584,-6028.86712
2025-02-17,of:SRA,sgn:EABFCA,-6405.521655,-6643.93558
2025-02-17,of:SRA,sgn:EABFCA,-6477.673855,-6718.77329
2025-02-17,of:SRA,jse:SYGJP,-780.8053532,-38
2025-02-17,of:SRA,jse:SYGJP,-862.9953903,-42
2025-02-17,of:SRA,jse:SYGJP,-780.8053532,-38
2025-02-17,of:SRA,jse:SYGJP,-821.9003717,-40
2025-02-17,of:SRA,jse:SYGJP,-801.3528625,-39
2025-02-17,of:SRA,jse:SYGJP,-821.9003717,-40
2025-02-17,of:SRA,jse:SYGJP,-657.5202974,-32
2025-02-20,of:UCGF,GSL,-899.15,-38.97668377
2025-02-25,SVF,BCC,-35.62,-0.340825
2025-02-26,of:TNIF,LLY,-25.11441125,-0.027829852
2025-02-26,of:TNIF,LLY,-64.55870709,-0.071538976
2025-02-26,of:TNIF,LLY,-4.45647716,-0.004938324
2025-02-26,of:TNIF,LLY,-17.1304045,-0.018982592
2025-02-27,of:TNIF,TSM,-500.5339902,-2.570399759
2025-02-27,of:TNIF,TSM,-56.25531097,-0.288888748
2025-02-27,of:TNIF,TSM,-4.200698803,-0.021571912
2025-02-28,of:TNIF,NVO,-250.07,-2.779407956
2025-02-28,of:TNIF,AAPL,-22.68,-0.095524
2025-02-28,of:TNIF,MSFT,-8.67,-0.02208
2025-03-01,,of:UCGF,-12957.04072,-11323.26957
2025-03-01,,of:UCGF,-11842.75928,-10349.48942
2025-03-03,,shse:513100,-4582.166465,-3000
2025-03-03,,shse:513100,-6873.249698,-4500
2025-03-03,,shse:513100,-3818.472054,-2500
2025-03-03,,shse:513100,-4582.166465,-3000
2025-03-03,,shse:513100,-4582.166465,-3000
2025-03-03,,shse:513100,-4582.166465,-3000
2025-03-03,,shse:513100,-8400.63852,-5500
2025-03-03,,shse:513100,-8400.63852,-5500
2025-03-03,,shse:513100,-7636.944109,-5000
2025-03-03,,shse:513100,-7636.944109,-5000
2025-03-03,,shse:513100,-2291.083233,-1500
2025-03-03,,shse:513100,-2291.083233,-1500
2025-03-03,,shse:513100,-2291.083233,-1500
2025-03-03,,shse:513100,-2291.083233,-1500
2025-03-03,,shse:513100,-2291.083233,-1500
2025-03-03,,shse:513100,-2291.083233,-1500
2025-03-03,,shse:513100,-2291.083233,-1500
2025-03-03,,shse:513100,-1527.388822,-1000
2025-03-03,,shse:513100,-2291.083233,-1500
2025-03-03,,shse:513100,-3054.777644,-2000
2025-03-03,,shse:513100,-2291.083233,-1500
2025-03-03,,shse:513100,-2291.083233,-1500
2025-03-03,,shse:513100,-763.6944109,-500
2025-03-03,,shse:513100,-763.6944109,-500
2025-03-03,,shse:513100,-763.6944109,-500
2025-03-03,,shse:513100,-763.6944109,-500
2025-03-03,,shse:513100,-763.6944109,-500
2025-03-03,,shse:513100,-763.6944109,-500
2025-03-03,,shse:513100,-763.6944109,-500
2025-03-03,,shse:513100,-916.4332931,-600
2025-03-03,,shse:513100,-916.4332931,-600
2025-03-03,,shse:513100,-916.4332931,-600
2025-03-03,,shse:513100,-763.6944109,-500
2025-03-03,,shse:513100,-1069.172175,-700
2025-03-03,,shse:513100,-916.4332931,-600
2025-03-03,,shse:513100,-916.4332931,-600
2025-03-03,,shse:513100,-763.6944109,-500
2025-03-03,of:UCGF,GSL,-2278.51,-104.2836598
2025-03-03,,etr:CPT,-510.9700884,-510.4853695
2025-03-03,,etr:CPT,-774.9799116,-774.2447464
2025-03-03,,etr:OSN,-1262.566386,-914.1338775
2025-03-03,,etr:OSN,-2319.193614,-1679.161963
2025-03-03,,TQQQ,-436.7,-5.724906
2025-03-03,,TQQQ,-404.03,-5.304588
2025-03-03,,TQQQ,-1092.78,-14.347423
2025-03-03,,TQQQ,-249.56,-3.27648
2025-03-03,,TQQQ,-1671.41,-21.944433
2025-03-03,,TQQQ,-219.85,-2.88212
2025-03-03,,TQQQ,-661.44,-8.6712
2025-03-03,,TQQQ,-1062.06,-13.944135
2025-03-03,,TQQQ,-92.1,-1.207362
2025-03-03,,TQQQ,-161.39,-2.115884
2025-03-03,,TQQQ,-609.34,-7.988216
2025-03-03,,TQQQ,-514.99,-6.751354
2025-03-03,,TQQQ,-183.11,-2.400552
2025-03-03,,TQQQ,-379.65,-4.977228
2025-03-03,,TQQQ,-158.69,-2.080328
2025-03-03,,TQQQ,-957.68,-12.573683
2025-03-03,,mg:inf+,-2798.065511,-5.9441
2025-03-03,,mg:inf+,-2662.542377,-5.6562
2025-03-03,,mg:inf+,-2766.150024,-5.8763
2025-03-03,,mg:inf+,-2877.665934,-6.1132
2025-03-03,,mg:inf+,-2941.402761,-6.2486
2025-03-03,,mg:inf+,-2688.809104,-5.712
2025-03-03,,mg:inf+,-2735.36429,-5.8109
2025-03-03,,mg:PFA,-21721.16112,-14185.71
2025-03-03,,mg:PFA,-571.6888837,-373.36
2025-03-05,of:TNNIF,UNH,-13.12437982,-0.027631891
2025-03-05,of:TNNIF,UNH,-23.12031303,-0.048677193
2025-03-05,of:TNNIF,UNH,-145.7484738,-0.306856857
2025-03-05,SVF,ATLC,-3.189709101,-0.065664883
2025-03-05,of:TNNIF,BRK/B,-85,-0.171297
2025-03-05,of:TNNIF,BRK/B,-72.55,-0.14622
2025-03-05,of:TNNIF,MA,-51.93870169,-0.093509891
2025-03-05,of:TNNIF,MA,-34.00814736,-0.06122791
2025-03-05,of:TNNIF,V,-331.8596889,-0.941613479
2025-03-05,of:TNNIF,V,-638.4561445,-1.811545456
2025-03-05,of:TNNIF,V,-31.01444181,-0.087999891
2025-03-05,of:TNNIF,MA,-29.58,-0.05325
2025-03-05,of:TNNIF,MA,-20.66,-0.0372
2025-03-05,of:TNNIF,MA,-33.11,-0.05961
2025-03-06,of:TNIF,MSFT,-98.54,-0.245612992
2025-03-07,of:TNIF,META,-34.64641285,-0.055154336
2025-03-07,of:TNIF,META,-10.01358715,-0.015940835
2025-03-12,of:TNNIF,XOM,-104.6328867,-0.957977905
2025-03-12,of:TNNIF,XOM,-396.1071133,-3.626602253
2025-03-14,of:TNNIF,BRK/B,-132.7179895,-0.262179765
2025-03-14,of:TNNIF,BRK/B,-87.0020105,-0.171869441
2025-03-25,of:TNIF,TSLA,-165.55,-0.583954782
2025-03-31,SVF,BCC,-16.17,-0.163981
2025-04-01,of:TNIF,AVGO,-102.2,-0.610141986
